node_id,wse_ref_raw,wse_mad,width_med,n_obs,dist_out_km,river,wse_ref
81310800030011,0.765685,0.11124500000000004,854.3863335000001,90,14.22168196256113,Selawik,0.7005950000000001
81310800030021,0.7852,0.09941,829.800318,87,14.396160581183134,Selawik,0.7005950000000001
81310800030031,0.655365,0.19013499999999997,962.448005,56,14.60076579568388,Selawik,0.7005950000000001
81310800030041,0.72712,0.12348999999999999,816.7583835,92,14.814879480848292,Selawik,0.7005950000000001
81310800030051,0.74996,0.14011000000000007,675.967348,83,15.016095547591899,Selawik,0.7005950000000001
81310800030061,0.7005950000000001,0.1154699999999999,491.705017,60,15.214141028531918,Selawik,0.7005950000000001
81310800030071,0.63746,0.17686999999999997,833.186719,73,15.427192233664039,Selawik,0.7005950000000001
81310800040011,0.717285,0.14494500000000005,1038.2258305,88,15.628970011832228,Selawik,0.7005950000000001
81310800040021,0.6815,0.15537999999999996,682.368383,87,15.804171512299837,Selawik,0.7005950000000001
81310800040031,0.64872,0.14356000000000002,644.55909,87,15.978514278208863,Selawik,0.7005950000000001
81310800040041,0.6614,0.16808,430.89806250000004,92,16.15591246763401,Selawik,0.7005950000000001
81310800040051,0.70912,0.17867999999999995,273.902254,81,16.349472310787284,Selawik,0.7005950000000001
81310800040061,0.57723,0.18675000000000003,329.373575,81,16.54962137281664,Selawik,0.7005950000000001
81310800060011,0.572515,0.170375,305.4505675,60,22.22019764118705,Selawik,0.57015
81310800060021,0.58384,0.20426999999999995,375.544013,61,22.40113074934169,Selawik,0.5713325
81310800060031,0.57015,0.18380000000000002,393.103251,65,22.593905125711114,Selawik,0.572515
81310800060041,0.60288,0.19171999999999995,328.221175,71,22.802841226836165,Selawik,0.5781775
81310800060051,0.55294,0.17469,300.893995,63,23.019153205685896,Selawik,0.58384
81310800060061,0.5623400000000001,0.20762500000000003,303.5200945,70,23.213572720605324,Selawik,0.58662
81310800060071,0.5539700000000001,0.21504,310.47609750000004,70,23.40407809398056,Selawik,0.5894
81310800060081,0.55721,0.20958500000000002,341.50845300000003,80,23.607574562520814,Selawik,0.5899525000000001
81310800060091,0.55374,0.22416000000000003,321.865066,81,23.807306073660936,Selawik,0.5905050000000001
81310800060101,0.5571550000000001,0.21961000000000008,354.5645595,88,24.005055668881795,Selawik,0.5899525000000001
81310800060111,0.6138399999999999,0.20068000000000008,370.1601685,86,24.21751389898413,Selawik,0.5905050000000001
81310800060121,0.5905050000000001,0.19477499999999992,363.6394375,88,24.413480522863757,Selawik,0.5962625
81310800060131,0.60437,0.17959999999999998,309.443616,87,24.6106358739268,Selawik,0.60202
81310800060141,0.5894,0.19487,337.577645,87,24.809805961881175,Selawik,0.60202
81310800060151,0.63168,0.21699000000000002,248.88253350000002,82,25.013005499233795,Selawik,0.60288
81310800060161,0.60202,0.17397,221.872327,79,25.21795535350799,Selawik,0.60288
81310800060171,0.635305,0.23485,218.50875150000002,72,25.403572862838985,Selawik,0.60437
81310800060181,0.638085,0.19521999999999998,225.68974450000002,72,25.600728372786165,Selawik,0.60916
81310800060191,0.6703,0.19420000000000004,257.019245,63,25.801054561373146,Selawik,0.60916
81310800060201,0.61107,0.24519999999999997,237.472258,58,26.006004548065636,Selawik,0.61107
81310800060211,0.7259249999999999,0.21404499999999993,281.9714065,52,26.206155000814853,Selawik,0.61382
81310800060221,0.58782,0.22007000000000002,189.84310349999998,56,26.399852020495594,Selawik,0.61382
81310800060231,0.61978,0.22111999999999998,185.240898,55,26.600038483795736,Selawik,0.61382
81310800060241,0.61382,0.17252,169.9245535,46,26.799782384731113,Selawik,0.61382
81310800060251,0.63483,0.22674,215.96608,63,26.99753926801713,Selawik,0.6156900000000001
81310800060261,0.57149,0.20634500000000003,229.9186115,64,27.18736834129462,Selawik,0.61978
81310800060271,0.637675,0.23041499999999998,196.80789,66,27.387139601497495,Selawik,0.62597
81310800060281,0.5929599999999999,0.21007500000000007,200.73832149999998,58,27.596555879292886,Selawik,0.62597
81310800060291,0.65207,0.21594000000000002,226.465815,59,27.798017029791136,Selawik,0.63053
81310800060301,0.60916,0.19906999999999997,196.154957,59,28.00299745341821,Selawik,0.63053
81310800060311,0.575945,0.189235,231.3766625,70,28.20483492746923,Selawik,0.63053
81310800060321,0.62597,0.200245,243.7187775,76,28.40459980496597,Selawik,0.63053
81310800060331,0.6156900000000001,0.20287499999999992,243.325961,76,28.60581782722098,Selawik,0.63483
81310800060341,0.590025,0.22399000000000002,218.16099050000003,76,28.805968560869495,Selawik,0.63483
81310800060351,0.5899049999999999,0.24262499999999998,270.789166,70,28.99661078333878,Selawik,0.637675
81310800060361,0.64033,0.22440000000000004,227.143314,61,29.18778363295545,Selawik,0.64033
81310800060371,0.698975,0.22601500000000002,230.4201425,66,29.386198033693084,Selawik,0.65207
81310800060381,0.67492,0.22140999999999997,218.84621349999998,68,29.593913772649234,Selawik,0.65562
81310800060391,0.63053,0.2111,282.076926,71,29.796041894176703,Selawik,0.67492
81310800060401,0.68535,0.23313,253.111117,76,29.994448241469446,Selawik,0.68535
81310800060411,0.65562,0.23664000000000007,318.602773,69,30.197247550005617,Selawik,0.68535
81310800060421,0.70329,0.23052,315.317324,88,30.386269015745306,Selawik,0.68535
81310800060431,0.68997,0.22414999999999996,333.056141,95,30.598229140349716,Selawik,0.68817
81310800060441,0.711465,0.23618999999999998,322.5057505,94,30.806494818013164,Selawik,0.68817
81310800060451,0.75897,0.24058000000000002,290.319514,103,31.00972781802649,Selawik,0.6897500000000001
81310800060461,0.68817,0.22372999999999993,303.935099,99,31.209493012041353,Selawik,0.68997
81310800060471,0.70201,0.233145,294.2242935,100,31.405460476804016,Selawik,0.69445
81310800060481,0.764225,0.24098000000000003,368.37291,100,31.60373985656359,Selawik,0.69504
81310800060491,0.70044,0.2158500000000001,355.708099,109,31.803880830529405,Selawik,0.697675
81310800060501,0.75018,0.2316499999999999,307.788829,101,32.00515044773644,Selawik,0.697675
81310800060511,0.6897500000000001,0.21701999999999994,222.362009,110,32.20088128975154,Selawik,0.70044
81310800060521,0.69445,0.21151000000000003,206.011399,99,32.3972010625093,Selawik,0.70044
81310800060531,0.6288,0.19680000000000003,187.030683,95,32.59094488749226,Selawik,0.70044
81310800060541,0.68127,0.19892000000000004,198.733566,97,32.79511004068737,Selawik,0.70188
81310800060551,0.7153400000000001,0.211395,234.214651,100,33.00720269828053,Selawik,0.70188
81310800060561,0.656725,0.211805,327.441696,118,33.19307748925555,Selawik,0.70201
81310800060571,0.70188,0.19832000000000005,257.846857,119,33.38171551914378,Selawik,0.70201
81310800060581,0.69504,0.22729,273.579492,115,33.59828250476984,Selawik,0.70201
81310800060591,0.70333,0.211365,286.340594,114,33.81041199528164,Selawik,0.70333
81310800060601,0.7154,0.23806000000000005,261.40935,113,34.00548818392518,Selawik,0.70356
81310800060611,0.697675,0.21624500000000002,181.839988,108,34.205220937343725,Selawik,0.70356
81310800060621,0.7074199999999999,0.23490999999999995,226.5186445,108,34.409313077201574,Selawik,0.70356
81310800060631,0.72817,0.23698999999999998,239.901816,122,34.609045882107544,Selawik,0.70333
81310800060641,0.69563,0.23030000000000006,334.687145,123,34.805013697046604,Selawik,0.70333
81310800060651,0.69416,0.20814999999999995,269.850028,115,35.003623359874126,Selawik,0.70333
81310800060661,0.72783,0.24348000000000003,268.420996,121,35.20857437717008,Selawik,0.70333
81310800060671,0.73179,0.25754000000000005,240.685687,121,35.401657459112606,Selawik,0.70356
81310800060681,0.70356,0.24752000000000007,184.181217,109,35.59889200642003,Selawik,0.70356
81310800060691,0.73937,0.25477,213.547398,111,35.79966111895907,Selawik,0.70401
81310800060701,0.7356149999999999,0.23928999999999992,202.62367749999999,104,36.00468542847041,Selawik,0.70401
81310800060711,0.70401,0.27086999999999994,189.352968,103,36.2101567707035,Selawik,0.70401
81310800060721,0.70555,0.25387000000000004,236.11961100000002,106,36.38711815546909,Selawik,0.70555
81310800060731,0.780675,0.25631999999999994,163.147439,94,36.59713130755269,Selawik,0.70401
81310800070011,0.68469,0.24031000000000002,212.574217,81,36.81958714688276,Selawik,0.70555
81310800070021,0.6460049999999999,0.22005499999999997,302.3505665,96,37.002060068270154,Selawik,0.70555
81310800070031,0.666445,0.24832000000000004,206.6949345,96,37.202023987762985,Selawik,0.70401
81310800070041,0.6743,0.21234999999999998,213.686491,97,37.40981623473097,Selawik,0.70555
81310800070051,0.6740349999999999,0.20410000000000006,240.103577,88,37.61093309977441,Selawik,0.71706
81310800070061,0.74017,0.2745900000000001,248.639165,103,37.81699181279996,Selawik,0.71706
81310800070071,0.71729,0.27251000000000003,293.954048,84,38.01355432085251,Selawik,0.71706
81310800070081,0.72433,0.25675000000000003,289.203736,103,38.20952250266802,Selawik,0.71729
81310800070091,0.69389,0.25669000000000003,310.99403,101,38.421388131265296,Selawik,0.71729
81310800070101,0.695875,0.26385,328.050995,102,38.619139409853716,Selawik,0.71729
81310800070111,0.7369,0.26683,328.608194,111,38.81659353692476,Selawik,0.71731
81310800070121,0.69671,0.27820000000000006,275.834661,93,39.02875641404069,Selawik,0.7242999999999999
81310800070131,0.71706,0.259115,309.59312450000004,94,39.22621058495522,Selawik,0.7242999999999999
81310800070141,0.75729,0.27162000000000003,293.63871700000004,102,39.42571225506576,Selawik,0.72433
81310800070151,0.6951449999999999,0.2674549999999999,281.7123405,98,39.62722866873235,Selawik,0.72464
81310800070161,0.76796,0.2621899999999999,207.520423,103,39.82930670411022,Selawik,0.73057
81310800070171,0.758825,0.25262999999999997,205.801827,88,40.03224353362015,Selawik,0.7369
81310800070181,0.8009999999999999,0.27867000000000003,175.481492,74,40.23547756177518,Selawik,0.74017
81310800070191,0.76966,0.26648499999999997,264.445512,92,40.434946583682475,Selawik,0.74495
81310800070201,0.74495,0.29277000000000003,262.943303,100,40.633556853663805,Selawik,0.75268
81310800070211,0.71731,0.27651,373.868498,101,40.833917444157,Selawik,0.75563
81310800070221,0.7242999999999999,0.26307500000000006,320.7714145,100,41.036854380700866,Selawik,0.75729
81310800070231,0.75268,0.272505,280.134261,94,41.24572027476136,Selawik,0.75729
81310800070241,0.8008,0.29354000000000013,278.101494,97,41.446352198154564,Selawik,0.75841
81310800070251,0.72464,0.3026500000000001,230.575746,83,41.65233569740772,Selawik,0.75841
81310800070261,0.77632,0.2809499999999999,229.137479,99,41.85408582545426,Selawik,0.758825
81310800070271,0.73057,0.29262000000000005,243.688666,101,42.048260068240474,Selawik,0.758825
81310800070281,0.816875,0.32684,156.166608,94,42.247713754768,Selawik,0.7638100000000001
81310800070291,0.82551,0.30745,177.071692,79,42.452546693037725,Selawik,0.7638100000000001
81310800070301,0.80382,0.27402,243.26306499999998,96,42.64666119984284,Selawik,0.7638100000000001
81310800070311,0.75563,0.2738400000000001,278.958216,91,42.83940572516772,Selawik,0.75841
81310800070321,0.76699,0.2758900000000001,286.087312,101,43.05537647821978,Selawik,0.75841
81310800070331,0.78978,0.28978000000000004,258.396252,95,43.27491390560176,Selawik,0.75841
81310800070341,0.79252,0.33292,211.798093,91,43.47468720404587,Selawik,0.7638100000000001
81310800070351,0.7344,0.24757000000000007,187.212586,95,43.67044684875652,Selawik,0.7638100000000001
81310800070361,0.75841,0.24477000000000004,179.918586,96,43.86754440023167,Selawik,0.76699
81310800070371,0.703865,0.24921999999999997,167.486231,92,44.054048905433255,Selawik,0.7638100000000001
81310800070381,0.7638100000000001,0.3109400000000001,168.86924249999998,102,44.259390050053696,Selawik,0.76699
81310800070391,0.755035,0.32716,135.72826650000002,86,44.48105514332256,Selawik,0.76699
81310800070401,0.77562,0.30894999999999995,178.9471865,102,44.68684801678255,Selawik,0.77562
81310800070411,0.799485,0.29997,227.5563225,112,44.8829958162142,Selawik,0.76699
81310800070421,0.71923,0.27425,192.925829,109,45.0872709673082,Selawik,0.76699
81310800070431,0.75007,0.28115999999999997,192.13943949999998,116,45.2861460336925,Selawik,0.76699
81310800070441,0.782125,0.2753749999999999,157.1553215,108,45.48270921338354,Selawik,0.77371
81310800080011,0.7556849999999999,0.26896999999999993,184.4639005,122,45.67304228504047,Selawik,0.77371
81310800080021,0.77792,0.28349499999999994,173.726333,102,45.846544166981204,Selawik,0.7638100000000001
81310800080031,0.74626,0.33590000000000003,143.271209,103,46.04647297335432,Selawik,0.7638100000000001
81310800080041,0.81145,0.29425,124.834216,94,46.24096276973888,Selawik,0.7638100000000001
81310800080051,0.6969099999999999,0.18523,147.72542950000002,96,46.42698758318501,Selawik,0.77125
81310800080061,0.8526,0.35995000000000005,188.94752,89,46.6430285983141,Selawik,0.77371
81310800080071,0.77953,0.29053000000000007,227.59941,117,46.83791392054146,Selawik,0.77562
81310800080081,0.79578,0.2863999999999999,170.060724,111,47.021164130023955,Selawik,0.77792
81310800080091,0.68526,0.22064,148.609599,105,47.23503489710965,Selawik,0.77953
81310800080101,0.77371,0.273945,141.9481925,120,47.445914153814385,Selawik,0.77792
81310800080111,0.79622,0.31056000000000006,183.877794,115,47.63678548536267,Selawik,0.77953
81310800080121,0.80634,0.2904899999999999,168.459055,133,47.83684941629745,Selawik,0.782125
81310800080131,0.7472300000000001,0.25895999999999997,205.609427,122,48.036021820293286,Selawik,0.78303
81310800080141,0.72952,0.22536,179.855189,121,48.2325851422355,Selawik,0.78303
81310800080151,0.84874,0.34131,173.254613,125,48.425519122388614,Selawik,0.78303
81310800080161,0.72459,0.23624,146.47811,123,48.617334079735805,Selawik,0.78496
81310800080171,0.77125,0.23510999999999999,152.325334,106,48.816516083596994,Selawik,0.78303
81310800080181,0.80549,0.32418,132.29623850000002,120,49.01179263315897,Selawik,0.78496
81310800080191,0.83362,0.34789000000000003,146.858461,115,49.21923277001013,Selawik,0.78303
81310800080201,0.8096049999999999,0.3528899999999999,163.3886685,116,49.42911730414892,Selawik,0.78496
81310800080211,0.827465,0.330975,182.6509485,124,49.62369487255877,Selawik,0.78496
81310800080221,0.73581,0.24823999999999996,250.090025,115,49.812551781729475,Selawik,0.79622
81310800080231,0.78303,0.29579,201.4086625,124,50.01288658420119,Selawik,0.80549
81310800080241,0.78496,0.24622,232.985594,119,50.20998401468538,Selawik,0.80549
81310800080251,0.8091200000000001,0.31919000000000003,212.8136595,136,50.411501057092984,Selawik,0.80549
81310800080261,0.76197,0.316095,271.1659525,130,50.609847430494455,Selawik,0.8091200000000001
81310800080271,0.759695,0.26131000000000004,211.9694735,122,50.807302290412224,Selawik,0.8096049999999999
81310800080281,0.836815,0.31099999999999994,238.393209,128,51.004162810768705,Selawik,0.8096049999999999
81310800080291,0.77706,0.330835,201.2442485,132,51.204194030802014,Selawik,0.8096049999999999
81310800080301,0.84402,0.33589,230.251035,131,51.41056663255397,Selawik,0.8108
81310800080311,0.76727,0.30609000000000003,222.365654,123,51.60498873402513,Selawik,0.8189150000000001
81310800080321,0.8303750000000001,0.32372,109.4779245,104,51.8078869035068,Selawik,0.8189150000000001
81310800080331,0.92195,0.373955,148.0321295,114,51.994592198554464,Selawik,0.8189150000000001
81310800080341,0.82583,0.34713999999999995,183.306696,131,52.17980380436631,Selawik,0.8189150000000001
81310800080351,0.8108,0.30645,194.95316,117,52.390786950511725,Selawik,0.8189150000000001
81310800080361,0.768535,0.32403,231.5080345,126,52.58650999420655,Selawik,0.82011
81310800080371,0.8189150000000001,0.36256,202.97258,118,52.774553541903344,Selawik,0.82011
81310800080381,0.844925,0.36437,146.094279,106,52.98233661611381,Selawik,0.82011
81310800080391,0.82011,0.27399,157.126543,104,53.18370801821153,Selawik,0.82011
81310800080401,0.9082600000000001,0.3938850000000001,143.590145,102,53.38284928665476,Selawik,0.82583
81310800080411,0.77442,0.28189,206.135885,119,53.580276973616414,Selawik,0.82583
81310800080421,0.85896,0.3310200000000001,211.339419,123,53.777738145517056,Selawik,0.8303750000000001
81310800080431,0.91274,0.35395999999999994,270.074873,119,53.97595433134205,Selawik,0.8303750000000001
81310800080441,2.09433,0.6205900000000004,127.113476,37,54.17770066929881,Selawik,0.8303750000000001
81310800080451,0.81407,0.32465999999999995,175.269807,115,54.38094570447424,Selawik,0.82583
81310800090011,0.86318,0.3524999999999999,178.195103,125,54.56668471161138,Selawik,0.82011
81310800090021,0.80172,0.34263,168.394214,119,54.7536008226185,Selawik,0.82011
81310800090031,0.86511,0.3456999999999999,153.101142,117,54.94291151232056,Selawik,0.83111
81310800090041,0.72365,0.21402,178.88538549999998,114,55.14294510766205,Selawik,0.844925
81310800090051,0.775695,0.265955,225.211756,116,55.33672011919481,Selawik,0.84661
81310800090061,0.81998,0.31457,243.828994,131,55.518935119040584,Selawik,0.85896
81310800090071,0.84661,0.32665,175.078194,129,55.73403336791314,Selawik,0.86318
81310800090081,0.9064650000000001,0.41546000000000005,215.0477025,124,55.93046428782817,Selawik,0.86318
81310800090091,0.88555,0.37527999999999995,116.978273,131,56.13530956745082,Selawik,0.86511
81310800090101,0.89898,0.41634000000000004,160.393109,131,56.35832141633884,Selawik,0.86511
81310800090111,0.8111,0.32780000000000004,141.533196,127,56.557275102472296,Selawik,0.86318
81310800090121,0.76127,0.25051,167.897135,104,56.761402401124066,Selawik,0.84661
81310800090131,0.75394,0.23547000000000007,115.029066,85,56.97174521616361,Selawik,0.86318
81310800090141,0.906955,0.39446000000000003,98.449333,72,57.181526787401374,Selawik,0.84661
81310800090151,0.83111,0.3596299999999999,120.39852,119,57.379583148741965,Selawik,0.86511
81310800090161,0.89213,0.39324,162.143045,129,57.575822491254655,Selawik,0.8777999999999999
81310800090171,0.928115,0.38445,154.5128955,124,57.771582707550415,Selawik,0.8777999999999999
81310800090181,0.8777999999999999,0.37444999999999995,140.4290175,122,57.97221537478733,Selawik,0.88555
81310800090191,0.990335,0.4293,137.675891,116,58.171577845171655,Selawik,0.89213
81310800090201,0.92803,0.39607000000000003,93.498299,111,58.38211022066417,Selawik,0.89213
81310800090211,0.944275,0.40565,97.349248,112,58.59830576457545,Selawik,0.88555
81310800090221,0.7629,0.26479,183.316823,121,58.796626136216474,Selawik,0.8777999999999999
81310800090231,0.719645,0.2931349999999999,101.2767765,96,58.99360826087787,Selawik,0.85767
81310800090241,0.77057,0.27173,108.191086,111,59.19308424272813,Selawik,0.8777999999999999
81310800090251,0.933585,0.397335,124.649581,118,59.39672121649225,Selawik,0.89213
81310800090261,0.83652,0.36958,155.223823,126,59.596235062850944,Selawik,0.906955
81310800090271,0.95716,0.424185,132.6662885,118,59.79025039718712,Selawik,0.89213
81310800090281,0.95537,0.4202999999999999,140.059841,121,59.99307939863685,Selawik,0.89213
81310800090291,0.8238300000000001,0.31133000000000005,152.5092995,122,60.20077437789695,Selawik,0.917595
81310800090301,0.917595,0.41366,171.84692,124,60.401400233309815,Selawik,0.88606
81310800090311,0.92651,0.37754,137.087785,117,60.608330049360674,Selawik,0.88606
81310800090321,0.85767,0.34757000000000005,195.395905,121,60.818794438076765,Selawik,0.85767
81310800090331,0.75394,0.25099000000000005,200.265963,129,61.01942680197507,Selawik,0.854265
81310800090341,0.78234,0.30531,244.632233,141,61.220219101529004,Selawik,0.83652
81310800090351,0.854265,0.34315500000000004,223.93559449999998,148,61.419294193578246,Selawik,0.854265
81310800090361,0.957645,0.432135,197.28696150000002,136,61.62040601232709,Selawik,0.854265
81310800090371,1.15497,0.68651,155.841411,81,61.82187193387805,Selawik,0.854265
81310800090381,0.9792,0.4725100000000001,165.622774,85,62.01533958539425,Selawik,0.854265
81310800090391,0.78071,0.31269,112.783908,123,62.2160012767644,Selawik,0.85767
81310800090401,0.88606,0.36661,134.908311,131,62.418380162626526,Selawik,0.85767
81310800090411,1.09683,0.51899,140.51281949999998,96,62.6260980040392,Selawik,0.85767
81310800090421,0.82901,0.32689,190.11113,100,62.835703558013485,Selawik,0.85767
81310800090431,0.75751,0.26997000000000004,147.239179,107,63.025806687969265,Selawik,0.85767
81310800090441,0.828235,0.321045,107.9946135,102,63.24429249534815,Selawik,0.85767
81310800100011,0.81227,0.323345,243.765515,124,63.446230613383605,Selawik,0.859445
81310800100021,0.74979,0.32881000000000005,137.2065685,116,63.63248185494386,Selawik,0.8628199999999999
81310800100031,0.8628199999999999,0.356675,138.432999,122,63.83983418211751,Selawik,0.8680749999999999
81310800100041,0.83276,0.27147999999999994,147.339852,115,64.02745140840562,Selawik,0.8680749999999999
81310800100051,0.7971900000000001,0.2835100000000001,149.21898199999998,116,64.2249579662031,Selawik,0.8628199999999999
81310800100061,0.859445,0.31826000000000004,161.2795175,118,64.43852547853518,Selawik,0.8628199999999999
81310800100071,1.18713,0.59539,173.358307,83,64.64027523911068,Selawik,0.859445
81310800100081,1.867785,1.1200700000000001,176.5066315,48,64.83593485588231,Selawik,0.859445
81310800100091,1.4968599999999999,0.8435249999999999,175.75275249999999,54,65.04314203250418,Selawik,0.859445
81310800100101,0.80349,0.32907000000000003,164.559976,81,65.24261198013315,Selawik,0.859445
81310800100111,0.98983,0.4855400000000001,154.474629,97,65.44062879515614,Selawik,0.8628199999999999
81310800100121,0.8680749999999999,0.3504149999999999,159.529964,138,65.64478926432213,Selawik,0.8680749999999999
81310800100131,0.98122,0.44275999999999993,161.096744,129,65.83759355228216,Selawik,0.868745
81310800100141,0.87423,0.3381099999999999,140.167719,123,66.04157207641435,Selawik,0.87423
81310800100151,0.88266,0.36389000000000005,134.701088,127,66.24160361611374,Selawik,0.88266
81310800100161,0.79405,0.25967000000000007,128.991578,109,66.43991759773436,Selawik,0.88266
81310800100171,0.80134,0.31233000000000005,149.85112,119,66.6379733290064,Selawik,0.9078
81310800100181,0.9078,0.3787400000000001,101.221357,107,66.83599631249469,Selawik,0.93855
81310800100191,0.795625,0.3317800000000001,93.86131449999999,102,67.0407141026861,Selawik,0.954575
81310800100201,0.8366,0.33533,124.564705,125,67.24259799064085,Selawik,0.93855
81310800100211,1.03598,0.46162500000000006,139.751125,138,67.44896164529862,Selawik,0.93855
81310800100221,0.868745,0.386285,180.054399,142,67.65212665926529,Selawik,0.9078
81310800100231,1.15054,0.6092300000000002,234.394772,83,67.84686922038838,Selawik,0.93855
81310800100241,1.95725,1.05764,232.717017,57,68.03327759792242,Selawik,0.93855
81310800100251,2.0995,1.15991,165.173459,55,68.23331682878808,Selawik,0.93855
81310800100261,0.954575,0.39884499999999995,144.8461275,128,68.43760039913428,Selawik,0.93855
81310800100271,0.93855,0.44162,105.6365815,128,68.6448291598405,Selawik,0.93855
81310800100281,0.87288,0.35735500000000003,124.5415675,124,68.84862352170583,Selawik,0.94377
81310800100291,1.07748,0.48200999999999994,113.966392,129,69.04158852789301,Selawik,0.954575
81310800100301,1.04104,0.45116999999999996,108.797664,113,69.23619257408458,Selawik,0.97104
81310800100311,0.99785,0.46975,123.266555,123,69.44292945070981,Selawik,0.97477
81310800100321,0.88543,0.38302,171.182583,119,69.6525398349054,Selawik,0.97477
81310800100331,1.00594,0.4791500000000001,172.592932,127,69.84151243412497,Selawik,0.99785
81310800100341,0.84203,0.32033999999999996,157.179708,117,70.03896769389185,Selawik,0.97477
81310800100351,0.94377,0.39886,161.611991,110,70.25053740111672,Selawik,0.99785
81310800100361,1.02473,0.4872900000000001,169.890233,116,70.44710111246337,Selawik,0.97477
81310800100371,0.90736,0.40060000000000007,145.631998,113,70.64541512398795,Selawik,0.97104
81310800100381,0.97104,0.49741,166.153463,115,70.85025244516805,Selawik,0.954575
81310800100391,0.809165,0.344475,144.70592950000002,100,71.04649185257361,Selawik,0.94977
81310800100401,1.04753,0.5048600000000001,147.342944,119,71.2362140736316,Selawik,0.94977
81310800100411,0.97477,0.46114,118.031999,111,71.4355810470158,Selawik,0.94977
81310800100421,1.00547,0.510445,172.167038,122,71.65148925763165,Selawik,0.94377
81310800100431,1.056435,0.48139000000000004,254.3436145,118,71.85104744578892,Selawik,0.92333
81310800100441,0.94977,0.43035999999999996,164.177408,107,72.05111171706346,Selawik,0.92333
81310800100451,1.000415,0.43243000000000004,143.1417025,108,72.2560642353929,Selawik,0.92333
81310800100461,0.92333,0.42944,132.552901,105,72.44657237572254,Selawik,0.92333
81310800100471,1.0312800000000002,0.4641649999999998,136.648706,112,72.63841841373417,Selawik,0.92333
81310800100481,0.8711,0.38043000000000005,154.998085,103,72.83771325244489,Selawik,0.90736
81310800100491,0.85048,0.3968,130.672446,101,73.04913660331769,Selawik,0.905035
81310800100501,0.73912,0.30219000000000007,208.889851,106,73.24073947156995,Selawik,0.89912
81310800100511,0.82861,0.3121900000000001,160.100259,107,73.43472628389355,Selawik,0.89912
81310800100521,0.81957,0.29834499999999997,227.1834295,108,73.6428023509788,Selawik,0.905035
81310800100531,0.76823,0.3769100000000001,221.062471,113,73.84775491432504,Selawik,0.905035
81310800100541,0.89019,0.3666400000000001,232.93344,123,74.04983397372757,Selawik,0.905035
81310800100551,0.89912,0.38917,208.138092,123,74.24930395446972,Selawik,0.905035
81310800100561,1.052355,0.52826,204.4600705,122,74.4476179875522,Selawik,0.905035
81310800100571,0.905035,0.45469499999999996,226.662307,136,74.64418171974005,Selawik,0.89912
81310800100581,0.95706,0.4813,227.406748,133,74.85575144894067,Selawik,0.892155
81310800100591,0.88651,0.36346,282.820982,121,75.05406550740832,Selawik,0.89019
81310800100601,0.8880349999999999,0.35860999999999993,263.52484549999997,124,75.25208239711648,Selawik,0.8880349999999999
81310800100611,0.892155,0.42113500000000004,245.8719175,126,75.44894333803477,Selawik,0.89019
81310800100621,0.83362,0.32052,226.115344,117,75.64491275536598,Selawik,0.89019
81310800100631,0.9386300000000001,0.40026000000000006,189.01998650000002,126,75.85529381729334,Selawik,0.89019
81310800100641,0.98792,0.47730000000000006,208.173944,133,76.05215478053785,Selawik,0.89019
81310800100651,1.00869,0.5021799999999998,167.320449,129,76.2493129283576,Selawik,0.892155
81310800100661,1.0566499999999999,0.48817499999999986,184.5806685,118,76.4476270385118,Selawik,0.892155
81310800100671,0.98698,0.403235,128.590339,108,76.65238199277505,Selawik,0.89912
81310800100681,1.0103900000000001,0.44492500000000007,150.850513,108,76.86630295896687,Selawik,0.905035
81310800100691,0.841695,0.33794,110.553071,92,77.05297021809,Selawik,0.905035
81310800100701,0.87489,0.34346999999999994,157.68254,113,77.25023641444183,Selawik,0.907125
81310800100711,0.82874,0.36104999999999987,156.406657,117,77.45762207529505,Selawik,0.907125
81310800100721,0.84926,0.35100999999999993,149.070801,111,77.65087459111177,Selawik,0.91745
81310800100731,0.994465,0.394515,151.8079335,116,77.84529713346798,Selawik,0.9386300000000001
81310800100741,0.8553,0.33887,155.090384,123,78.04909388271918,Selawik,0.95794
81310800100751,0.832965,0.34365500000000004,208.65096799999998,122,78.24945551712105,Selawik,0.96249
81310800100761,0.83757,0.356205,190.0132615,122,78.44925555100525,Selawik,0.98155
81310800100771,0.98155,0.43969,198.566074,131,78.66231127122586,Selawik,0.98155
81310800100781,0.87809,0.37512499999999993,233.4977625,120,78.8582807545627,Selawik,0.98155
81310800100791,0.96249,0.38166,180.810488,109,79.06866187952973,Selawik,0.98155
81310800110011,0.907125,0.4123150000000001,243.42381999999998,130,79.26724045311141,Selawik,0.98155
81310800110021,0.95794,0.3829799999999999,180.404308,135,79.44244559608843,Selawik,0.98155
81310800110031,0.91745,0.36238000000000004,141.684765,133,79.64710113163243,Selawik,0.994465
81310800110041,0.9990650000000001,0.4208950000000001,183.224515,132,79.8391289304873,Selawik,0.9990650000000001
81310800110051,1.09917,0.49771,166.7731885,134,80.03457777507523,Selawik,1.02511
81310800110061,1.04852,0.5091399999999999,186.8648015,138,80.25366363000299,Selawik,1.04292
81310800110071,1.07408,0.5283699999999999,164.253081,148,80.4473257963444,Selawik,1.0482200000000002
81310800110081,1.15189,0.5607500000000001,150.789425,147,80.63343364963387,Selawik,1.0482200000000002
81310800110091,1.0482200000000002,0.5421100000000002,196.3365865,154,80.84034237385099,Selawik,1.0482200000000002
81310800110101,1.04292,0.48250000000000004,207.660966,145,81.0477621417411,Selawik,1.0482200000000002
81310800110111,1.02511,0.45255999999999996,163.5613255,140,81.2410804933548,Selawik,1.04852
81310800110121,1.0540699999999998,0.4568649999999998,136.30232,140,81.44144210241534,Selawik,1.0540699999999998
81310800110131,1.24603,0.59758,137.862438,135,81.65476221655408,Selawik,1.07408
81310800110141,1.17746,0.5792999999999999,129.627698,155,81.85248198142492,Selawik,1.08398
81310800110151,1.08398,0.5119950000000001,132.1498,150,82.04097553193881,Selawik,1.09917
81310800110161,1.22961,0.6196299999999999,131.41064,157,82.24074963028393,Selawik,1.11534
81310800110171,1.11534,0.53727,126.397739,135,82.44078347586172,Selawik,1.1366800000000001
81310800110181,3.20287,0.88117,193.704583,41,82.64157593123666,Selawik,1.1366800000000001
81310800110191,2.4614,1.08731,192.44711,51,82.83953229409117,Selawik,1.15189
81310800110201,1.02311,0.4526899999999999,109.107118,131,83.04131425754224,Selawik,1.15189
81310800110211,1.0316,0.46569499999999997,138.9092465,124,83.24018994797632,Selawik,1.1366800000000001
81310800110221,0.917175,0.35863,118.262753,94,83.43723455058603,Selawik,1.1366800000000001
81310800110231,1.166695,0.5649150000000001,172.158932,126,83.64214000863514,Selawik,1.1366800000000001
81310800110241,1.1924350000000001,0.5925,179.96932099999998,136,83.84027828171155,Selawik,1.1366800000000001
81310800110251,1.1366800000000001,0.588825,155.9753895,136,84.03377091623483,Selawik,1.1366800000000001
81310800110261,1.247945,0.6258900000000001,126.2844515,144,84.21855005479675,Selawik,1.1366800000000001
81310800110271,1.41107,0.62161,111.4194975,116,84.41963434041001,Selawik,1.1366800000000001
81310800110281,1.62308,0.9428000000000001,119.0596535,76,84.62332157974157,Selawik,1.15244
81310800110291,1.234,0.556955,108.6861655,148,84.82368315975889,Selawik,1.1366800000000001
81310800110301,1.08869,0.5013099999999999,134.120468,137,85.02374756330055,Selawik,1.1366800000000001
81310800110311,1.195195,0.5586249999999999,147.2038345,136,85.21357898450589,Selawik,1.1366800000000001
81310800110321,1.11105,0.5068400000000001,196.031173,138,85.39808827747392,Selawik,1.11105
81310800110331,1.0785,0.51397,165.454952,141,85.60541692259834,Selawik,1.11105
81310800110341,1.108305,0.5606850000000001,177.674979,148,85.82444049616508,Selawik,1.11105
81310800110351,0.94531,0.404105,156.1328905,130,86.01810747114206,Selawik,1.121445
81310800110361,0.93138,0.378655,113.136154,126,86.223578311343,Selawik,1.121445
81310800110371,1.00041,0.44706999999999997,124.797885,139,86.42697402100065,Selawik,1.121445
81310800110381,1.1957849999999999,0.5931049999999999,120.1980245,148,86.61993866701016,Selawik,1.11105
81310800110391,1.248855,0.575655,131.565881,140,86.81244548232885,Selawik,1.11105
81310800110401,1.15244,0.5975799999999999,144.742272,145,87.00275597911156,Selawik,1.11105
81310800110411,1.0817899999999998,0.5434199999999998,154.3276515,140,87.20253001321255,Selawik,1.11105
81310800110421,1.07494,0.468675,181.986531,130,87.39507154498014,Selawik,1.11105
81310800110431,1.15414,0.57324,134.902217,139,87.60346446743868,Selawik,1.121445
81310800110441,1.02193,0.48740000000000006,150.056094,127,87.80518791297872,Selawik,1.121445
81310800110451,0.89975,0.3857900000000001,160.087985,113,87.98615983562108,Selawik,1.15244
81310800110461,0.99552,0.45361000000000007,220.807376,131,88.19000735888497,Selawik,1.15414
81310800110471,1.121445,0.50291,239.162704,128,88.41004451461143,Selawik,1.18607
81310800110481,1.34368,0.7147399999999999,254.866117,133,88.61324685498813,Selawik,1.1957849999999999
81310800110491,1.2818100000000001,0.71747,104.707875,118,88.80094831049897,Selawik,1.232515
81310800110501,1.013665,0.44242000000000004,154.2126125,100,88.99409494797236,Selawik,1.248855
81310800110511,1.878005,1.0836199999999998,199.6722125,86,89.19256675042725,Selawik,1.2496749999999999
81310800110521,1.76157,1.0528400000000002,167.743796,69,89.39476039216659,Selawik,1.2818100000000001
81310800110531,1.30976,0.713725,244.8662275,138,89.59494940750031,Selawik,1.30976
81310800110541,1.460825,0.664305,194.9085265,112,89.79313379609742,Selawik,1.34368
81310800110551,1.4084,0.6693800000000001,282.281215,111,89.99354696585716,Selawik,1.4084
81310800110561,1.18607,0.550235,256.0503555,118,90.20124864632922,Selawik,1.460825
81310800110571,1.2496749999999999,0.6519449999999999,197.56589350000002,124,90.39450558141719,Selawik,1.47274
81310800110581,1.232515,0.57557,181.200129,116,90.58203162896585,Selawik,1.52765
81310800110591,1.47274,0.75769,154.497686,117,90.79395401733535,Selawik,1.76157
81310800110601,1.52765,0.79043,153.405577,118,90.99917114548502,Selawik,1.76157
81310800110611,3.30074,1.0404900000000006,169.351498,37,91.19979720273194,Selawik,1.76157
81310800110621,3.634,0.8791450000000001,157.34419250000002,40,91.39930005743558,Selawik,1.76157
81310800110631,2.72541,1.3981400000000002,187.86175,59,91.58723203355727,Selawik,1.76157
81310800110641,3.51054,0.46057999999999977,217.466758,33,91.79349567081951,Selawik,1.52765
81310800110651,3.81,0.6477799999999996,220.099278,31,91.99286282006628,Selawik,1.47274
81310800110661,3.770505,0.40676500000000004,215.235371,28,92.1764473276767,Selawik,1.47274
81310800110671,3.712255,0.5945599999999998,213.1535685,30,92.38357874484106,Selawik,1.47274
81310800110681,3.52744,0.3129550000000001,219.490767,26,92.59904471821162,Selawik,1.47274
81310800110691,3.5422700000000003,0.6218149999999998,222.7417405,32,92.79700150241133,Selawik,1.47274
81310800110701,3.62188,0.6813500000000001,199.823497,39,92.98635388463752,Selawik,1.47274
81310800110711,2.079585,1.223945,153.259526,66,93.17618538772507,Selawik,1.47274
81310800110721,1.2642099999999998,0.6391850000000001,195.0049395,122,93.38064323140856,Selawik,1.33589
81310800110731,1.031975,0.49548499999999995,177.015354,110,93.58373585952496,Selawik,1.33589
81310800110741,1.129305,0.48042,128.4098495,104,93.77435544434769,Selawik,1.33589
81310800110751,1.0964,0.5315999999999999,181.856781,111,93.97594612871816,Selawik,1.31911
81310800110761,1.1921,0.58419,195.706258,121,94.18632729772621,Selawik,1.31911
81310800110771,1.01904,0.4484650000000001,238.240885,110,94.382296822028,Selawik,1.29618
81310800110781,1.11098,0.46359999999999996,206.66850799999997,114,94.5803138352091,Selawik,1.27479
81310800110791,1.31911,0.60651,295.73045149999996,122,94.77803367129137,Selawik,1.27479
81310800110801,1.29618,0.6167900000000002,238.5318695,134,94.97806542085527,Selawik,1.27479
81310800110811,1.2559,0.55965,264.452836,127,95.17839434826645,Selawik,1.27479
81310800110821,1.1571150000000001,0.5484000000000001,231.845903,122,95.36553429002574,Selawik,1.27479
81310800110831,1.26051,0.66896,192.955294,129,95.57085092473402,Selawik,1.27479
81310800110841,1.33589,0.75436,195.555136,125,95.77654722269435,Selawik,1.27479
81310800110851,1.53942,0.7849200000000001,140.269719,117,95.98761088986932,Selawik,1.27479
81310800120011,1.40768,0.71621,201.39545249999998,116,96.17945714711344,Selawik,1.27479
81310800120021,1.27276,0.64368,164.134934,107,96.3678682886008,Selawik,1.27479
81310800120031,1.40642,0.734305,181.2135685,108,96.58122808963846,Selawik,1.28456
81310800120041,1.27479,0.61428,205.274438,113,96.76837488807917,Selawik,1.29244
81310800120051,1.17576,0.5076399999999999,174.2545565,100,96.95128827807876,Selawik,1.29244
81310800120061,1.39544,0.66337,176.286651,106,97.14746811294697,Selawik,1.29618
81310800120071,1.460255,0.68845,153.940875,96,97.36286500731573,Selawik,1.29618
81310800120081,1.39839,0.64981,165.294404,106,97.5694829809579,Selawik,1.33589
81310800120091,1.38128,0.7094100000000001,130.90578,105,97.75316206310356,Selawik,1.380925
81310800120101,1.380925,0.640685,132.15696300000002,108,97.95290858056921,Selawik,1.38128
81310800120111,1.28456,0.6224999999999999,146.677973,113,98.15927245035408,Selawik,1.39544
81310800120121,1.2334399999999999,0.5897549999999998,155.53681799999998,110,98.35818787088512,Selawik,1.39839
81310800120131,1.153845,0.48354,133.66986250000002,104,98.56637804734532,Selawik,1.39839
81310800120141,1.21257,0.64031,147.31261,118,98.76931609492642,Selawik,1.39839
81310800120151,1.29244,0.69553,101.636679,101,98.96852184960272,Selawik,1.40642
81310800120161,1.42912,0.7579800000000001,144.25599,107,99.17000676645094,Selawik,1.4126599999999998
81310800120171,1.20714,0.5536399999999999,145.229702,119,99.3602179775444,Selawik,1.41844
81310800120181,1.41844,0.7261899999999999,163.561418,125,99.5617028969982,Selawik,1.42912
81310800120191,1.4126599999999998,0.6932799999999998,94.680707,110,99.76058451083523,Selawik,1.4498000000000002
81310800120201,2.16832,1.2035999999999998,60.446618,63,99.96453631667339,Selawik,1.4498000000000002
81310800120211,1.577745,0.7732749999999999,110.4036665,104,100.16715022614825,Selawik,1.577745
81310800120221,1.62542,0.8178200000000001,105.504001,103,100.35677286918526,Selawik,1.61386
81310800120231,1.4498000000000002,0.6928950000000003,75.8485585,92,100.55801763388294,Selawik,1.62542
81310800120241,2.4332149999999997,1.6158649999999997,40.1392865,34,100.75427037329706,Selawik,1.6258249999999999
81310800120251,1.7693,1.02819,71.535412,75,100.95387574589726,Selawik,1.6258249999999999
81310800120261,1.68614,1.07822,116.430101,63,101.14956723923392,Selawik,1.63209
81310800120271,1.98878,1.13475,92.401616,55,101.34507944549243,Selawik,1.63209
81310800120281,1.6258249999999999,0.8083899999999999,86.225627,88,101.56372259125926,Selawik,1.64326
81310800120291,1.63209,0.7872950000000001,78.2072645,86,101.77237025249656,Selawik,1.64326
81310800120301,1.61386,0.7904899999999999,57.35242,91,101.9728325514781,Selawik,1.64326
81310800120311,1.960945,1.1164100000000001,58.0354345,78,102.1721388936172,Selawik,1.64326
81310800120321,1.71119,0.8228,88.746096,81,102.3577262815797,Selawik,1.64326
81310800120331,1.72104,0.7920649999999999,103.3563105,88,102.5571637146772,Selawik,1.63209
81310800120341,1.67392,0.8540300000000001,114.362636,93,102.76312447278548,Selawik,1.63209
81310800120351,1.68307,0.8215300000000001,137.168311,91,102.95690935851263,Selawik,1.63209
81310800120361,1.64326,0.9559899999999999,114.453132,93,103.16197409004022,Selawik,1.64326
81310800120371,1.581195,0.8018699999999999,114.896185,106,103.36134131404084,Selawik,1.63209
81310800120381,1.68211,0.81388,107.743451,109,103.55459833683489,Selawik,1.631895
81310800120391,1.49158,0.70296,121.052769,113,103.75303464884746,Selawik,1.6258249999999999
81310800120401,1.70354,0.7857200000000001,82.805364,103,103.9550811684189,Selawik,1.61386
81310800120411,1.57007,0.8169500000000001,54.10796,105,104.16147729941808,Selawik,1.61386
81310800120421,1.46513,0.706815,79.7617755,100,104.36598007062828,Selawik,1.60718
81310800120431,1.33467,0.63063,104.165368,97,104.56880902178794,Selawik,1.585285
81310800120441,1.585285,0.709255,88.83468350000001,104,104.76858322669655,Selawik,1.585285
81310800120451,1.56458,0.7525000000000001,90.07869,109,104.96921621020083,Selawik,1.585285
81310800120461,1.631895,0.798375,99.4752585,102,105.16124442979648,Selawik,1.581195
81310800120471,1.60718,0.7994,62.25512,105,105.35955864985172,Selawik,1.579715
81310800120481,1.69436,0.87704,79.322636,109,105.55289130296488,Selawik,1.57007
81310800120491,1.435245,0.663305,107.734184,118,105.74395164355602,Selawik,1.56458
81310800120501,1.36396,0.6676000000000001,124.226519,116,105.95645268482625,Selawik,1.56458
81310800120511,1.45385,0.69915,116.171648,113,106.15532850191556,Selawik,1.56458
81310800120521,1.51051,0.764035,90.13183799999999,122,106.35040651601872,Selawik,1.56458
81310800120531,1.6371950000000002,0.8759300000000001,111.6357915,120,106.54782919394393,Selawik,1.56458
81310800120541,1.579715,0.79639,89.713322,108,106.74961127102344,Selawik,1.56458
81310800120551,1.46846,0.7112799999999997,105.555185,125,106.95694265297693,Selawik,1.579715
81310800120561,1.590785,0.8360749999999999,92.4288635,120,107.15470210128481,Selawik,1.585285
81310800120571,1.6037750000000002,0.8341750000000001,86.0563485,108,107.3562560765268,Selawik,1.590785
81310800120581,1.40012,0.79645,120.342117,125,107.5512200233982,Selawik,1.596255
81310800120591,1.47413,0.7246199999999999,100.121668,123,107.73978171001502,Selawik,1.596255
81310800120601,1.5129,0.7603899999999999,76.525331,117,107.95147433406856,Selawik,1.596255
81310800120611,1.43813,0.7851999999999999,84.046604,113,108.16413961786094,Selawik,1.596255
81310800120621,1.67163,0.9331699999999999,89.52895000000001,116,108.34563730231375,Selawik,1.6037750000000002
81310800120631,1.91127,0.94274,88.162742,95,108.5444252251402,Selawik,1.6338400000000002
81310800120641,1.43134,0.75097,88.45777000000001,106,108.7603336965746,Selawik,1.6371950000000002
81310800120651,1.6338400000000002,0.8600450000000002,102.441644,120,108.95589647956126,Selawik,1.65109
81310800120661,1.6767050000000001,0.98559,79.62521050000001,88,109.14404955863613,Selawik,1.67163
81310800120671,1.8354650000000001,1.2108600000000003,66.437709,64,109.33801601655271,Selawik,1.6767050000000001
81310800120681,1.82448,1.00587,97.60260600000001,114,109.54062991213281,Selawik,1.82448
81310800120691,1.596255,0.8518049999999999,86.2504145,112,109.7510160490264,Selawik,1.82448
81310800120701,1.65109,0.8244149999999999,94.602656,108,109.94609900734066,Selawik,1.8354650000000001
81310800120711,2.01696,1.11177,63.505884,101,110.14316973439328,Selawik,1.8354650000000001
81310800120721,3.459465,1.292555,86.3845345,58,110.34376889504952,Selawik,1.84044
81310800120731,1.9677850000000001,1.0074300000000003,72.0177645,94,110.53192793379975,Selawik,1.86764
81310800120741,3.43977,1.0798199999999998,83.516883,59,110.73758682527401,Selawik,1.91127
81310800120751,2.27582,1.14721,115.929642,101,110.95191500391981,Selawik,1.91127
81310800120761,2.18329,1.1249099999999999,114.993187,104,111.14758736915715,Selawik,1.86764
81310800120771,2.6045249999999998,1.499965,87.918984,74,111.34325973133666,Selawik,1.86764
81310800120781,2.992745,1.6611100000000003,66.9814475,58,111.5425819001898,Selawik,1.86764
81310800120791,1.84044,0.93283,91.661699,125,111.73294734816956,Selawik,1.91888
81310800120801,2.65295,1.38098,110.329077,87,111.9528965237744,Selawik,1.9677850000000001
81310800130011,1.673145,0.8855700000000001,96.70570699999999,128,112.1243875060235,Selawik,1.9677850000000001
81310800130021,2.05192,1.09123,84.034374,103,112.2791368327575,Selawik,1.9677850000000001
81310800130031,1.644,0.8698099999999999,82.898982,135,112.47893691018584,Selawik,1.9677850000000001
81310800130041,1.86764,0.8578199999999999,88.1443405,144,112.68217210340839,Selawik,1.91888
81310800130051,2.0393499999999998,0.8692449999999998,152.65638,134,112.88421858654281,Selawik,1.86764
81310800130061,1.9984549999999999,1.0512199999999998,66.0464205,130,113.07419893348376,Selawik,1.84212
81310800130071,1.75735,0.9608099999999999,83.30591150000001,142,113.28121819724286,Selawik,1.84044
81310800130081,1.81026,1.0062799999999998,93.835622,145,113.4915900960836,Selawik,1.81026
81310800130091,1.63704,0.8387300000000001,103.68564,139,113.68465865906762,Selawik,1.75735
81310800130101,1.61832,0.85691,81.459197,139,113.88442599550253,Selawik,1.75735
81310800130111,1.91888,1.056635,84.355167,124,114.0890815860023,Selawik,1.75735
81310800130121,2.01394,0.9255599999999999,103.42216,139,114.29009350924854,Selawik,1.75735
81310800130131,1.84212,0.9187449999999999,63.330503500000006,130,114.49653914964861,Selawik,1.75735
81310800130141,1.65644,0.7944599999999999,60.418392,135,114.69713865947541,Selawik,1.75735
81310800130151,1.73008,0.9429000000000001,93.588356,135,114.88682184597334,Selawik,1.73008
81310800130161,1.6381649999999999,0.8204049999999998,78.09226699999999,148,115.08279138461383,Selawik,1.75735
81310800130171,1.61407,0.7997399999999999,104.688782,140,115.28137001101275,Selawik,1.75735
81310800130181,1.71619,0.8256000000000001,130.386061,139,115.48037914461263,Selawik,1.75735
81310800130191,1.6377,0.89341,93.03385700000001,138,115.68441508344232,Selawik,1.75735
81310800130201,1.64632,0.84355,91.611313,137,115.8915211373121,Selawik,1.78994
81310800130211,1.6913,0.7792450000000002,99.587806,110,116.09303878656019,Selawik,1.78994
81310800130221,1.99754,1.07997,124.681848,137,116.29042354812219,Selawik,1.81866
81310800130231,2.1067799999999997,1.1488149999999997,101.0616005,112,116.48367542091623,Selawik,1.84212
81310800130241,1.78994,0.94706,52.753408,127,116.68303784924534,Selawik,1.84212
81310800130251,2.31772,1.19006,84.051612,99,116.8994916787185,Selawik,1.84212
81310800130261,1.39803,0.6516900000000001,92.936106,113,117.09866466323291,Selawik,1.99754
81310800130271,1.65561,0.89751,116.887535,125,117.29740937554682,Selawik,2.05363
81310800130281,1.81866,0.91658,88.750453,119,117.50825381784297,Selawik,2.05363
81310800130291,2.22953,1.18517,64.414266,95,117.7039261735248,Selawik,2.0976749999999997
81310800130301,2.77943,1.21765,123.707151,91,117.88794516127876,Selawik,2.1067799999999997
81310800130311,3.20975,1.6047,90.510861,65,118.08402732909114,Selawik,2.10794
81310800130321,2.05363,1.04375,62.837351,107,118.29217713660053,Selawik,2.108835
81310800130331,2.4143,1.13577,64.736678,93,118.50445847737794,Selawik,2.22953
81310800130341,2.680215,1.153385,84.103798,86,118.69249631256335,Selawik,2.25267
81310800130351,3.13086,1.6004800000000001,81.140176,55,118.89544808661655,Selawik,2.31772
81310800130361,2.0976749999999997,1.0192699999999997,93.8599775,98,119.10872111910416,Selawik,2.349665
81310800130371,2.4924600000000003,1.0608950000000004,164.04535249999998,86,119.29848230331434,Selawik,2.37127
81310800130381,2.108835,1.16652,78.2367585,106,119.5090901914037,Selawik,2.4143
81310800130391,2.495585,1.3295849999999998,64.0422315,82,119.71308276364996,Selawik,2.42131
81310800130401,1.94211,0.9097649999999999,77.570794,104,119.90340687710214,Selawik,2.45761
81310800130411,2.10794,1.0467199999999997,79.279092,101,120.10708996418617,Selawik,2.45761
81310800130421,2.37127,1.2816,63.573343,91,120.31796157242262,Selawik,2.45761
81310800130431,3.558,1.8886850000000002,85.329118,42,120.51971091045799,Selawik,2.42131
81310800130441,3.33797,1.8707100000000003,88.185436,43,120.71021929401266,Selawik,2.4143
81310800130451,2.25267,1.2276900000000002,81.810309,97,120.89725980691776,Selawik,2.42131
81310800130461,2.8407,1.423035,62.266681000000005,70,121.09614176823682,Selawik,2.45761
81310800130471,2.349665,1.5831049999999998,53.912757,42,121.29948893441683,Selawik,2.42131
81310800130481,2.519705,1.382755,70.50336,100,121.50365149458173,Selawik,2.37551
81310800130491,2.42131,1.33037,91.28929149999999,100,121.71426517089755,Selawik,2.42131
81310800130501,2.61577,1.19383,91.002455,99,121.90934848825833,Selawik,2.42131
81310800130511,2.65138,1.4548450000000002,62.880567,76,122.11633932217414,Selawik,2.42353
81310800130521,2.45761,1.324655,68.9654345,104,122.32187702321436,Selawik,2.42131
81310800130531,2.20486,1.1252,62.278899,113,122.51844093281842,Selawik,2.42131
81310800130541,2.27977,1.23495,90.673564,105,122.70975920728134,Selawik,2.42353
81310800130551,2.22547,1.1580700000000002,76.471671,113,122.909026264585,Selawik,2.42353
81310800130561,2.346725,1.18708,80.81394750000001,96,123.1192035054762,Selawik,2.42353
81310800130571,2.50904,1.3585499999999997,60.462455,99,123.32318227707097,Selawik,2.42353
81310800130581,2.5571599999999997,1.2826099999999996,62.0556135,90,123.52119932534251,Selawik,2.45761
81310800130591,2.37551,1.0438399999999999,15.351548,71,123.70982063092183,Selawik,2.45761
81310800130601,2.21596,1.12448,77.411397,107,123.9196795154137,Selawik,2.48196
81310800130611,2.42353,1.21271,73.746623,99,124.12963738855953,Selawik,2.48196
81310800130621,2.486975,1.1992649999999998,81.065331,108,124.31932773394983,Selawik,2.486975
81310800130631,2.48196,1.3584,64.52854,97,124.5168616963507,Selawik,2.486975
81310800130641,2.3689549999999997,1.1740849999999998,109.9030365,102,124.70404076376242,Selawik,2.48196
81310800130651,2.33232,1.1314050000000002,114.10098149999999,104,124.91356026548353,Selawik,2.48196
81310800130661,2.55148,1.3293200000000003,116.278785,101,125.13708843335178,Selawik,2.486975
81310800130671,2.37681,1.14123,106.135237,119,125.33797898687561,Selawik,2.501295
81310800130681,2.501295,1.2854100000000002,101.4512915,108,125.53685480434085,Selawik,2.5023850000000003
81310800130691,2.70794,1.2494300000000003,92.897119,103,125.72448966842718,Selawik,2.50904
81310800130701,3.0147250000000003,1.3752500000000003,65.152357,56,125.92600733052969,Selawik,2.524615
81310800130711,3.1656899999999997,1.6279049999999997,82.675754,56,126.13995465637758,Selawik,2.524615
81310800130721,3.40665,1.61492,124.328854,71,126.3374100938542,Selawik,2.524615
81310800130731,2.56828,1.07406,90.01361,109,126.52549132308732,Selawik,2.54246
81310800130741,2.633005,1.2816799999999997,69.8755815,116,126.73175503178068,Selawik,2.54246
81310800130751,2.524615,1.1576549999999999,132.6173465,124,126.93600400568964,Selawik,2.550415
81310800130761,2.41377,0.9955099999999999,132.079329,129,127.13174351188258,Selawik,2.55148
81310800130771,2.393885,1.0624500000000001,80.453269,114,127.33887196215314,Selawik,2.56828
81310800130781,2.6066,1.2264999999999997,105.459328,99,127.5440066825805,Selawik,2.56828
81310800130791,2.5023850000000003,1.12683,86.9999775,96,127.73325000671338,Selawik,2.58168
81310800130801,2.9222,1.23753,79.6305675,82,127.92994142529292,Selawik,2.600485
81310800130811,2.54246,1.1559500000000003,81.862135,115,128.14053455365647,Selawik,2.6066
81310800130821,2.58168,1.2281,113.042851,113,128.34244114239522,Selawik,2.6066
81310800130831,2.600485,1.17226,108.479417,110,128.5358850594692,Selawik,2.6066
81310800130841,2.502195,1.0036,75.550922,116,128.74243548126302,Selawik,2.6066
81310800130851,2.550415,1.1510349999999998,91.779966,104,128.948726154869,Selawik,2.6066
81310800130861,2.41597,1.0172500000000002,93.927554,91,129.14009331441798,Selawik,2.633005
81310800130871,2.72443,1.21699,83.757138,93,129.34590487561732,Selawik,2.669315
81310800130881,2.701595,1.1238000000000001,85.8209425,104,129.55477189374602,Selawik,2.701595
81310800130891,2.71927,1.11079,73.224111,115,129.74439453154835,Selawik,2.71927
81310800130901,2.52965,1.057985,87.5989955,122,129.93803085984015,Selawik,2.72443
81310800130911,2.669315,1.082265,114.770898,130,130.14945843754825,Selawik,2.76638
81310800130921,3.00868,1.2283400000000002,99.99686750000001,82,130.3459187595078,Selawik,2.78352
81310800130931,2.993265,1.32727,71.665235,66,130.5406615235089,Selawik,2.78352
81310800130941,2.9194,1.30247,81.145711,83,130.75398175272218,Selawik,2.8397500000000004
81310800130951,2.8847050000000003,1.1510250000000002,102.43984599999999,92,130.95054566809313,Selawik,2.88246
81310800130961,2.88246,1.2055500000000001,95.091519,93,131.13690934812965,Selawik,2.8847050000000003
81310800130971,2.78352,0.98012,83.4508105,98,131.34279340451303,Selawik,2.8847050000000003
81310800130981,2.8397500000000004,1.002395,54.57312,98,131.5685459420663,Selawik,2.8847050000000003
81310800180011,3.1064,1.0193399999999997,76.068252,89,131.74179891369408,Selawik,2.89594
81310800180021,2.970335,0.98145,48.914084,88,131.89105597766647,Selawik,2.9194
81310800180031,2.89594,1.16146,46.180727,117,132.0847610585314,Selawik,2.95137
81310800180041,2.76638,1.0295699999999999,40.853633,99,132.29910751052427,Selawik,2.95137
81310800180051,2.95137,1.2178499999999999,20.756083,85,132.50626840137505,Selawik,2.9541
81310800180061,3.07844,1.39555,41.405241,87,132.70942749787665,Selawik,2.970335
81310800180071,2.9541,1.34127,62.278161,87,132.91120959757237,Selawik,2.970335
81310800180081,3.9821,1.2880699999999998,69.567592,71,133.09911432794357,Selawik,2.9541
81310800180091,3.34936,1.1158199999999998,32.964822,99,133.30397112154114,Selawik,2.9541
81310800180101,3.15398,1.2057099999999998,55.536512,97,133.50882791443252,Selawik,2.970335
81310800180111,2.8311,1.13477,51.2645395,112,133.70329056779778,Selawik,2.9831950000000003
81310800180121,2.82568,1.1011500000000003,53.982534,119,133.91078990457635,Selawik,2.989515
81310800180131,2.989515,1.26348,58.7027,110,134.09944020638852,Selawik,3.00351
81310800180141,2.9831950000000003,1.1444950000000003,37.241913499999995,112,134.29427088317556,Selawik,3.00351
81310800180151,3.33038,1.2013399999999999,41.216644,72,134.50109549241017,Selawik,3.019095
81310800180161,2.91616,1.12917,38.31807,81,134.70276849006964,Selawik,3.07844
81310800180171,3.00351,1.18892,58.378267,91,134.91304589568927,Selawik,3.08575
81310800180181,3.0919,1.2404499999999998,35.2232405,116,135.10552012885697,Selawik,3.0919
81310800180191,3.31472,1.10514,49.946751,101,135.29326080315263,Selawik,3.0919
81310800180201,2.87059,1.14837,44.959337,95,135.4992109261214,Selawik,3.09809
81310800180211,2.91958,1.1583599999999998,58.3166605,90,135.70244615735984,Selawik,3.09809
81310800180221,3.019095,1.1826150000000002,52.573912,84,135.8912369893558,Selawik,3.09809
81310800180231,3.08575,1.267255,52.566873,102,136.09637172082648,Selawik,3.09809
81310800180241,3.4578800000000003,1.5574949999999999,39.374356500000005,86,136.3095161519003,Selawik,3.15793
81310800180251,3.762095,1.2712150000000002,42.1275095,88,136.5052388933931,Selawik,3.15793
81310800180261,4.545165,0.618115,79.9428525,82,136.6986510813848,Selawik,3.16489
81310800180271,3.09809,1.30652,45.26472,89,136.89884020575525,Selawik,3.18143
81310800180281,3.332185,1.5212999999999997,40.339149,80,137.0950200645204,Selawik,3.18143
81310800180291,4.701115,1.574385,43.263859,70,137.29156794749275,Selawik,3.18143
81310800180301,3.68946,1.2386949999999999,43.6379595,82,137.5024726703322,Selawik,3.18143
81310800180311,3.0291,1.1744400000000002,69.579779,121,137.7024683896788,Selawik,3.18143
81310800180321,3.7427900000000003,1.465245,45.9589415,68,137.88987682702316,Selawik,3.18143
81310800180331,3.345745,1.4829800000000002,39.470417,94,138.0865200923806,Selawik,3.18143
81310800180341,3.15793,1.307195,38.33923,104,138.29656603190185,Selawik,3.18143
81310800180351,3.18143,1.1675399999999994,30.686214,87,138.502483398563,Selawik,3.18143
81310800180361,3.16489,1.3102200000000002,38.127786,99,138.69679078050814,Selawik,3.18143
81310800180371,3.09779,1.2524599999999997,50.617974000000004,108,138.88775131385324,Selawik,3.16489
81310800180381,4.04198,1.3762100000000004,37.655576,55,139.09188641157576,Selawik,3.15793
81310800180391,3.201745,1.0687349999999998,82.33756349999999,114,139.2959513335988,Selawik,3.15793
81310800180401,3.2972,1.30124,34.987804,99,139.48874083246497,Selawik,3.16489
81310800180411,3.151865,1.099455,34.412347499999996,96,139.67738944861912,Selawik,3.16489
81310800180421,2.97984,1.0941699999999999,26.946958,91,139.8743735749593,Selawik,3.16489
81310800180431,3.13925,1.2298300000000002,47.873934,105,140.09078366552518,Selawik,3.15793
81310800180441,3.31644,1.33996,138.6771395,126,140.29077699023452,Selawik,3.16489
81310800180451,2.9678199999999997,1.1077349999999995,57.1058845,112,140.47584829742652,Selawik,3.16489
81310800180461,3.10471,1.24168,49.953526,121,140.68051681727408,Selawik,3.16489
81310800180471,3.113105,1.1962199999999998,50.0825465,114,140.89761999678262,Selawik,3.18143
81310800180481,3.04987,1.16454,49.572025,111,141.09259421396217,Selawik,3.16489
81310800180491,3.06223,1.13271,59.546391,117,141.28473401701248,Selawik,3.18402
81310800180501,3.111515,1.1307899999999997,61.128269,124,141.49273246314368,Selawik,3.18402
81310800180511,5.310755,0.8237299999999994,37.190563499999996,66,141.69639921728685,Selawik,3.17425
81310800180521,3.18402,1.2449599999999998,50.64096,125,141.8869922205802,Selawik,3.17425
81310800180531,3.196005,1.13165,74.0108395,112,142.07666513985853,Selawik,3.17425
81310800180541,3.2372750000000003,1.3272150000000003,54.854269,116,142.28202089970495,Selawik,3.18402
81310800180551,3.12139,1.179565,58.226344,120,142.4880101147833,Selawik,3.18402
81310800180561,5.08511,1.4046499999999997,69.70324600000001,88,142.68097063857243,Selawik,3.196005
81310800180571,5.890725,0.18093499999999985,155.272896,32,142.8783675446712,Selawik,3.196005
81310800180581,4.5562,1.4443099999999998,50.974904,99,143.0753894619929,Selawik,3.19669
81310800180591,5.75353,0.5734400000000006,70.199647,53,143.2815379327834,Selawik,3.21693
81310800180601,3.1272149999999996,1.1175499999999996,61.995031,118,143.48462698264458,Selawik,3.226615
81310800180611,3.21693,1.03978,65.262577,115,143.68055500803933,Selawik,3.226615
81310800180621,3.1425,1.180695,61.973862,106,143.8796576884915,Selawik,3.226615
81310800180631,3.17425,1.09402,82.84494,105,144.08315732686495,Selawik,3.226615
81310800180641,3.516965,1.2332849999999997,127.6575665,96,144.280448910441,Selawik,3.226615
81310800180651,3.52452,1.27996,75.24175500000001,106,144.4673255660436,Selawik,3.2372750000000003
81310800180661,3.26939,1.1773799999999999,46.219049,109,144.67369871660165,Selawik,3.24306
81310800180671,3.11862,1.1965599999999998,55.067223,107,144.87656061212428,Selawik,3.26939
81310800180681,3.226615,1.0300150000000001,89.7953015,106,145.0813220034915,Selawik,3.30901
81310800180691,3.24306,1.2651299999999999,80.040661,115,145.2858623532916,Selawik,3.30901
81310800180701,3.19669,1.1816499999999999,62.027625,103,145.47290284976057,Selawik,3.30901
81310800180711,6.46523,0.4273100000000003,112.143439,23,145.6642933138534,Selawik,3.30901
81310800180721,3.97496,1.52462,65.940982,83,145.86174683810188,Selawik,3.30901
81310800180731,3.16188,1.09564,63.943718,115,146.07071517835237,Selawik,3.32326
81310800180741,3.214795,1.171215,62.2928135,114,146.27593237616165,Selawik,3.32326
81310800180751,3.1748,1.081475,62.2362055,110,146.48144675420045,Selawik,3.32326
81310800180761,4.42283,1.8118799999999995,86.163824,71,146.68105025924578,Selawik,3.36862
81310800180771,4.99584,1.7179099999999998,58.409252,77,146.86564776419704,Selawik,3.36862
81310800180781,5.13241,1.5351,57.94921,64,147.07499389477027,Selawik,3.36862
81310800180791,3.42554,1.4129999999999998,58.687943,85,147.29792564453743,Selawik,3.36862
81310800190011,3.30901,1.2824999999999998,67.74076,107,147.4968342141801,Selawik,3.380995
81310800190021,3.380995,1.3072549999999998,67.125286,72,147.6703885570909,Selawik,3.380995
81310800190031,3.43238,1.2996800000000004,54.784371,79,147.85973169063536,Selawik,3.3851649999999998
81310800190041,3.36862,1.25604,76.857808,117,148.0645379450254,Selawik,3.40604
81310800190051,3.32326,1.2179899999999997,52.572781,116,148.26071779392495,Selawik,3.3851649999999998
81310800190061,3.53455,1.0928299999999997,30.305205,121,148.466509668848,Selawik,3.3851649999999998
81310800190071,3.242895,0.9880300000000002,51.0812665,132,148.6696224595664,Selawik,3.40604
81310800190081,3.30675,1.2018199999999997,102.950979,131,148.8708029974788,Selawik,3.42554
81310800190091,3.459025,1.4467,62.8277785,108,149.0726856634669,Selawik,3.42554
81310800190101,6.25514,0.47025000000000006,37.065677,51,149.25839441452936,Selawik,3.42554
81310800190111,3.68568,1.71836,50.151051,117,149.45646307954448,Selawik,3.42554
81310800190121,3.28262,1.25758,50.084381,115,149.67680390051342,Selawik,3.42554
81310800190131,3.3851649999999998,1.3654749999999998,76.605631,120,149.87487195632903,Selawik,3.43238
81310800190141,3.3618699999999997,1.346935,61.4523925,126,150.07162943732123,Selawik,3.444335
81310800190151,3.40604,1.3155999999999999,58.283742,135,150.27655488424728,Selawik,3.44775
81310800190161,3.444335,1.2702750000000003,45.321186,118,150.47694645392968,Selawik,3.459025
81310800190171,3.34023,1.26219,59.456197,116,150.67036904487517,Selawik,3.50244
81310800190181,3.53655,1.44127,74.277422,130,150.8618719657788,Selawik,3.50244
81310800190191,3.7049849999999998,1.4641949999999997,63.517365999999996,112,151.07426611566885,Selawik,3.50244
81310800190201,4.21809,1.6216300000000001,78.007662,87,151.2788079674503,Selawik,3.50694
81310800190211,3.36194,1.1726300000000003,32.815583,105,151.47269228591537,Selawik,3.51199
81310800190221,3.77407,1.72356,45.486369499999995,114,151.68140066759983,Selawik,3.5309
81310800190231,3.50694,1.3443,46.043232,121,151.89312112103983,Selawik,3.5309
81310800190241,3.44775,1.17732,70.615616,119,152.08700544509838,Selawik,3.5309
81310800190251,4.03545,1.51491,54.721685,106,152.2767935974724,Selawik,3.5309
81310800190261,3.97172,1.7626399999999998,55.430206,83,152.46771038406442,Selawik,3.5309
81310800190271,3.7416850000000004,1.5636200000000005,69.1569025,112,152.67531162952176,Selawik,3.53655
81310800190281,3.63607,1.2352000000000003,57.273865,123,152.88814894339367,Selawik,3.552455
81310800190291,3.50244,1.2839299999999998,60.540462,123,153.083603314958,Selawik,3.552455
81310800190301,3.50197,1.1878099999999998,50.563471,117,153.28635712636915,Selawik,3.552455
81310800190311,3.6755649999999997,1.5048350000000001,52.6568275,98,153.48650017496018,Selawik,3.552455
81310800190321,3.51199,1.34429,58.735236,109,153.674878581649,Selawik,3.552455
81310800190331,3.62231,1.41446,55.546955,115,153.87845106939648,Selawik,3.552455
81310800190341,3.5309,1.2983699999999998,48.720699999999994,94,154.0789681029637,Selawik,3.55423
81310800190351,3.7513050000000003,1.4741800000000003,35.277610499999994,90,154.27207578516118,Selawik,3.55423
81310800190361,3.68483,1.60385,53.7629,105,154.48078382240266,Selawik,3.62231
81310800190371,3.5299899999999997,1.3890499999999997,85.832793,110,154.68308412512772,Selawik,3.63607
81310800190381,3.4601550000000003,1.20356,63.6863975,120,154.8770505821568,Selawik,3.63607
81310800190391,3.694745,1.1403050000000001,52.149547,106,155.07858072884017,Selawik,3.62231
81310800190401,3.552455,1.1556100000000002,62.411761999999996,110,155.27541638416523,Selawik,3.62231
81310800190411,3.47032,1.23733,51.862639,103,155.4765670451754,Selawik,3.62231
81310800190421,3.38421,1.11524,65.463533,95,155.68155342042877,Selawik,3.645705
81310800190431,3.45369,1.21414,51.477734,118,155.87813457612805,Selawik,3.6755649999999997
81310800190441,3.55423,1.13909,42.548359,111,156.07832369199616,Selawik,3.68483
81310800190451,4.38,1.75446,36.135124,81,156.28222336274894,Selawik,3.694745
81310800190461,4.145115,1.6156699999999997,53.284169000000006,74,156.47975715178814,Selawik,3.721645
81310800190471,4.0518,1.6624600000000003,89.076117,73,156.68116178884992,Selawik,3.73994
81310800190481,4.41773,1.7053600000000007,76.532205,83,156.89221155152393,Selawik,3.73994
81310800190491,3.9077650000000004,1.3542150000000002,74.28730250000001,102,157.09466118956573,Selawik,3.786225
81310800190501,3.645705,1.25204,53.969671500000004,100,157.28877184911207,Selawik,3.9077650000000004
81310800190511,3.59187,1.1778400000000002,48.004233,93,157.48400535870002,Selawik,3.9532249999999998
81310800190521,7.18433,0.5416700000000003,85.730655,32,157.69074204708707,Selawik,3.983005
81310800190531,6.50134,1.4233849999999997,56.869117,48,157.89252413877935,Selawik,3.983005
81310800190541,6.08783,1.7332299999999998,52.719361,54,158.07930023028828,Selawik,3.983005
81310800190551,3.9532249999999998,1.2502049999999998,67.593642,116,158.27992636841304,Selawik,3.983005
81310800190561,3.983005,1.0312800000000002,91.5736235,114,158.48194239162248,Selawik,3.983005
81310800190571,3.721645,1.144205,52.944514,114,158.67219116841838,Selawik,4.03002
81310800190581,3.73994,1.1501749999999997,62.5320705,112,158.87995623057805,Selawik,4.03002
81310800190591,3.786225,1.2690549999999998,48.658466000000004,96,159.0855246177026,Selawik,4.03002
81310800190601,4.15047,1.6141699999999997,44.536049,77,159.2749451141382,Selawik,4.03002
81310800190611,4.38182,1.7627000000000002,53.849283,83,159.48756311192736,Selawik,3.983005
81310800190621,4.03002,1.3001299999999993,66.664643,89,159.6948137405308,Selawik,3.983005
81310800190631,5.082235,1.695075,86.5876915,60,159.89226918822104,Selawik,3.983005
81310800190641,4.05452,0.9601500000000001,71.41837,105,160.100261650662,Selawik,3.997635
81310800190651,3.90305,1.0527599999999997,87.172313,117,160.28960479540962,Selawik,3.997635
81310800190661,3.7594700000000003,1.0938050000000001,52.238985,102,160.4842757073643,Selawik,3.997635
81310800190671,3.77376,1.2443399999999998,63.427761,91,160.68715333121742,Selawik,3.997635
81310800190681,3.84779,1.2246599999999996,58.037679,107,160.89178126624589,Selawik,4.02774
81310800190691,4.17085,1.4159599999999997,70.135379,111,161.0918130520071,Selawik,4.03002
81310800190701,4.28514,1.3955699999999998,62.507037,108,161.2882011671814,Selawik,4.05452
81310800190711,4.6067,1.51641,51.18881,129,161.487468227871,Selawik,4.15047
81310800190721,4.29069,1.4636099999999996,35.862844,129,161.67623173700423,Selawik,4.17085
81310800190731,3.9777649999999998,1.1491799999999999,62.4545185,130,161.87324338637825,Selawik,4.17085
81310800190741,3.85474,1.07675,47.42986,89,162.08410508168527,Selawik,4.17085
81310800190751,3.90084,1.0759800000000002,56.4459515,98,162.29739256046602,Selawik,4.17085
81310800190761,3.997635,1.1025449999999999,49.4311795,108,162.492767768487,Selawik,4.17085
81310800190771,4.02774,1.141,47.155521,104,162.6944018774171,Selawik,4.19759
81310800190781,4.19759,1.330965,44.654078,98,162.9013208698383,Selawik,4.2304
81310800190791,4.53574,1.4435899999999995,60.731683,93,163.0913524565113,Selawik,4.2304
81310800190801,4.760725,1.5621949999999998,57.276545,90,163.28321684007747,Selawik,4.28514
81310800190811,4.48757,1.33704,49.408385,95,163.49253566122692,Selawik,4.29069
81310800190821,4.2304,0.9709599999999998,60.790707,119,163.6917596940894,Selawik,4.420825000000001
81310800190831,4.81454,1.41263,54.835169,85,163.88851719714754,Selawik,4.420825000000001
81310800190841,4.84,1.7346700000000004,45.430329,57,164.09670738519188,Selawik,4.4018025000000005
81310800190851,4.14538,1.0264099999999994,51.944862,81,164.3014297027683,Selawik,4.420825000000001
81310800190861,4.2304,1.0220400000000005,80.472358,83,164.50447356161493,Selawik,4.4541975
81310800190871,4.0821000000000005,0.8265000000000007,57.877556999999996,60,164.69340295037924,Selawik,4.48757
81310800190881,5.12576,1.3069799999999998,81.091291,62,164.89026404601304,Selawik,4.4952625
81310800190891,5.11224,1.3084099999999999,109.864162,71,165.10269274583146,Selawik,4.502955
81310800190901,4.52424,0.8996599999999999,57.154634,93,165.30130415256212,Selawik,4.5135974999999995
81310800190911,4.420825000000001,0.9635600000000006,35.82892,114,165.49213303870704,Selawik,4.52424
81310800190921,4.502955,0.9743200000000001,41.6076075,70,165.69070790872206,Selawik,4.5135974999999995
81310800190931,4.5609,1.0199600000000002,73.521799,89,165.8873114275552,Selawik,4.502955
81310800190941,4.52823,1.0918999999999999,39.65574,91,166.0935650439746,Selawik,4.5135974999999995
81310800190951,4.38278,0.7716100000000004,36.092054,95,166.30355060012963,Selawik,4.52424
81320100040011,3.96886,0.13200999999999974,81.070369,67,82.43492780786259,Kobuk,3.49575
81320100040021,3.85818,0.16591000000000022,126.446273,61,82.63755002923732,Kobuk,3.493035
81320100040031,3.73844,0.11864000000000008,175.608842,73,82.82890305874763,Kobuk,3.49032
81320100040041,3.60101,0.17605000000000004,282.686537,75,83.03469949708493,Kobuk,3.2240450000000003
81320100040051,3.49575,0.11815500000000001,213.96224,82,83.23963728992679,Kobuk,2.95777
81320100040061,3.515,0.0948199999999999,111.607007,91,83.44629259750376,Kobuk,2.9458
81320100040071,3.49032,0.12849000000000022,34.492738,85,83.65037182376051,Kobuk,2.93383
81320100040081,3.4964,0.14117999999999986,20.248871,91,83.83914904975232,Kobuk,2.897815
81320100040091,2.93383,0.22886000000000006,87.49422,99,84.04752201539657,Kobuk,2.8618
81320100040101,2.80733,0.1582600000000003,253.232358,97,84.25589505126538,Kobuk,2.834565
81320100050011,2.95777,0.15770000000000017,204.264975,87,84.45030387680742,Kobuk,2.80733
81320100050021,2.8618,0.16483000000000025,184.043586,91,84.64690929284805,Kobuk,2.58194
81320100050031,2.06156,0.6082599999999999,524.31038,72,84.84351477474763,Kobuk,2.35655
81320100050041,2.26653,0.59362,732.631608,79,85.0414581254734,Kobuk,2.33106
81320100050051,2.146635,0.6439149999999998,499.9805935,76,85.23806373825035,Kobuk,2.26653
81320100050061,2.35655,0.28322,662.275172,99,85.4338106966321,Kobuk,2.26494
81320100050071,2.33106,0.49101000000000017,1178.952038,103,85.63911321382587,Kobuk,2.2470499999999998
81320100060011,2.26494,0.526245,1457.4727094999998,102,85.83714943750554,Kobuk,2.146635
81320100060021,2.2470499999999998,0.521915,1000.306467,102,86.03518574288839,Kobuk,2.06156
81320100060031,2.05729,0.59543,623.9087864999999,88,86.23408083438937,Kobuk,2.05729
81320100060041,1.87309,0.6117199999999998,775.563622,79,86.41882972782058,Kobuk,1.87309
81320100060051,1.55005,0.59619,825.9702215,92,86.62089544023037,Kobuk,1.86002
81320100060061,1.6674600000000002,0.6127099999999999,916.1555055,94,86.82325837529098,Kobuk,1.85311
81320100060071,1.57598,0.6791,854.2623100000001,92,87.01031921905359,Kobuk,1.70161
81320100060081,1.46757,0.64124,870.361216,91,87.19909756819396,Kobuk,1.6674600000000002
81320100060091,1.70161,0.5547650000000001,946.026013,92,87.38615853269184,Kobuk,1.6674600000000002
81320100060101,1.86002,0.5975349999999999,756.1928195,96,87.58680429491487,Kobuk,1.6560300000000001
81320100060111,1.85311,0.6675800000000001,892.301038,93,87.7859970820138,Kobuk,1.6446
81320100060121,1.49096,0.63068,821.94932,107,87.96784039396005,Kobuk,1.6414900000000001
81320100060131,1.58477,0.65191,913.110051,107,88.16643900351163,Kobuk,1.63838
81320100060141,1.52244,0.6569699999999998,808.712827,103,88.36444335895341,Kobuk,1.6375025
81320100060151,1.59519,0.6419100000000001,698.590583,101,88.56010327198108,Kobuk,1.636625
81320100060161,1.47357,0.6314299999999999,843.0945704999999,100,88.75724903991208,Kobuk,1.6159075
81320100070011,1.438675,0.5725549999999999,738.301741,98,88.95730097165165,Kobuk,1.59519
81320100070021,1.636625,0.6794899999999999,705.4652735,96,89.17265519696043,Kobuk,1.6159075
81320100070031,1.6446,0.6487099999999999,646.535759,93,89.38480625506281,Kobuk,1.6159075
81320100070041,1.63838,0.6346999999999999,627.8438094999999,102,89.61017951601123,Kobuk,1.6375025
81320100070051,1.6694,0.679635,717.839482,96,89.83585001863277,Kobuk,1.6414900000000001
81320100090011,1.89557,0.6562549999999999,907.3733985,106,91.82435810169987,Kobuk,1.8322525
81320100090021,2.00345,0.6908600000000003,640.477431,103,92.03802537777372,Kobuk,1.8322525
81320100090031,1.8995350000000002,0.6505949999999999,347.2965715,92,92.24863778300598,Kobuk,1.8322525
81320100090041,1.82277,0.7025600000000001,640.108828,99,92.44025400935358,Kobuk,1.8322525
81320100090051,1.71632,0.6875,656.034402,91,92.65302306808502,Kobuk,1.82401
81320100090061,1.73663,0.6865300000000003,708.226078,95,92.8684678312137,Kobuk,1.8233899999999998
81320100090071,1.82401,0.643285,717.6460480000001,98,93.0677516215084,Kobuk,1.82277
81320100090081,1.8735,0.7496799999999999,711.6215615000001,88,93.26435983025017,Kobuk,1.820685
81320100090091,1.89652,0.6964600000000001,663.266499,87,93.47493260229845,Kobuk,1.82277
81320100090101,1.97606,0.66869,732.63704,104,93.68684325998606,Kobuk,1.8233899999999998
81320100090111,1.90123,0.6677500000000001,736.773564,109,93.89491280536812,Kobuk,1.82401
81320100090121,1.76553,0.6520150000000001,801.130942,96,94.09770324267785,Kobuk,1.831435
81320100100011,1.840495,0.7010900000000001,682.972454,98,94.28299484422924,Kobuk,1.83886
81320100100021,1.67987,0.5787900000000001,482.6205,96,94.47929624671814,Kobuk,1.83886
81320100100031,1.74854,0.646905,450.792018,94,94.67455275002095,Kobuk,1.83886
81320100100041,1.771035,0.591715,356.8966355,92,94.87301393083207,Kobuk,1.83886
81320100100051,1.72934,0.5937199999999998,363.01983,85,95.08168048643005,Kobuk,1.840495
81320100100061,1.8186,0.6716599999999999,339.786638,89,95.29191451153288,Kobuk,1.87201
81320100100071,1.8164,0.6758900000000001,383.595928,87,95.48687831121129,Kobuk,1.87278
81320100100081,1.81289,0.6363599999999998,367.103054,87,95.66780511959936,Kobuk,1.8735
81320100100091,1.91681,0.6769850000000002,364.4452315,96,95.87837849768665,Kobuk,1.89652
81320100100101,1.87278,0.7075999999999998,498.477652,95,96.09248628607801,Kobuk,1.90123
81320100100111,1.83886,0.68636,437.341599,90,96.29221782312466,Kobuk,1.90123
81320100100121,1.958745,0.7577249999999999,428.399887,90,96.49239639106578,Kobuk,1.91681
81320100100131,2.00757,0.7209199999999998,478.304512,95,96.68513172047103,Kobuk,1.958745
81320100100141,2.029675,0.7732650000000001,677.752283,100,96.88009576249263,Kobuk,1.99212
81320100100151,1.87201,0.664115,729.3862939999999,90,97.07766302823119,Kobuk,2.00757
81320100100161,1.99212,0.74176,834.950011,91,97.26528820581271,Kobuk,2.029675
81320100100171,4.14359,0.13186999999999927,53.459059,9,97.46418657050211,Kobuk,2.50096
81320100100181,3.92661,0.26197000000000026,12.385607,15,97.66074044556818,Kobuk,2.6797050000000002
81320100100191,4.04573,0.07613000000000003,204.122643,17,97.85729438630975,Kobuk,2.68264
81320100110013,4.017390000000001,0.062449999999999894,484.5192435,40,98.06885363713323,Kobuk,2.68513
81320100110023,4.027005,0.05964500000000017,813.42608,52,98.26392189473295,Kobuk,2.82693
81320100110033,3.53752,0.4678599999999995,2037.696643,85,98.45348747764885,Kobuk,3.48458
81320100110043,3.570615,0.41424000000000016,157.064807,88,98.65481734589895,Kobuk,3.48458
81320100110053,3.689465,0.19680000000000009,60.1453295,94,98.85870731402923,Kobuk,3.48458
81320100110063,3.48458,0.10725999999999969,292.800988,97,99.0456840815703,Kobuk,3.48458
81320100110073,2.6797050000000002,0.41855500000000023,995.202053,86,99.23666996061573,Kobuk,3.48458
81320100110083,2.68264,0.36240000000000006,1834.092304,89,99.4388538591096,Kobuk,3.48458
81320100110093,2.68513,0.4160499999999998,1409.495961,91,99.6410378018209,Kobuk,3.48458
81320100110103,2.50096,0.61151,1673.331656,95,99.82601018829051,Kobuk,3.48458
81320100110113,2.82693,0.77746,408.502896,95,100.00853551639925,Kobuk,3.08293
81320100110123,4.14766,0.24754000000000032,25.248629,43,100.20830016786334,Kobuk,2.97912
81320100110133,4.31675,0.33340999999999976,17.713305,33,100.4069142995366,Kobuk,2.93284
81320300010011,4.81502,0.1895100000000003,19.94276,35,100.5944267827407,Kobuk,2.8842
81320300010021,4.55104,0.39095999999999975,11.675215999999999,32,100.77907639902223,Kobuk,2.8842
81320300010031,3.08293,0.9833600000000002,166.755126,89,100.97568650842065,Kobuk,2.8842
81320300010041,2.83885,0.8571300000000002,392.7923285,98,101.18406473676761,Kobuk,2.8842
81320300010051,2.97912,1.0574000000000003,655.8359,101,101.38900806273723,Kobuk,2.8842
81320300010061,2.93284,1.01735,744.165078,101,101.59223397368402,Kobuk,2.8842
81320300010071,2.43074,0.79284,968.291653,96,101.79545993931814,Kobuk,2.93284
81320300010081,2.41562,0.7425700000000002,974.520346,97,101.99581258323097,Kobuk,2.97912
81320300010091,2.6089,0.7451899999999996,1366.938231,97,102.19444779971141,Kobuk,3.03768
81320300010101,2.43566,0.66361,1302.491872,83,102.39338024208242,Kobuk,3.08293
81320300010111,2.58358,0.798,851.3815505,86,102.60702091329172,Kobuk,3.09103
81320300010121,2.69269,0.78367,743.6194849999999,88,102.80446764871454,Kobuk,3.09103
81320300010131,2.8842,0.78539,664.767864,83,103.00102295171888,Kobuk,3.09103
81320300010141,3.03768,0.9986899999999999,591.437239,91,103.21169216628189,Kobuk,3.09103
81320300010151,3.56678,1.2480499999999997,497.394455,63,103.40676175854085,Kobuk,3.09103
81320300010161,3.61895,0.9253400000000003,719.897707,85,103.60183141029552,Kobuk,3.18125
81320300010171,3.594255,1.38834,386.82937100000004,66,103.81339230292221,Kobuk,3.3407299999999998
81320300010181,3.478155,1.1596350000000002,477.8726835,78,104.0105422180899,Kobuk,3.478155
81320300010191,3.18125,1.048925,568.7545809999999,88,104.20769219297567,Kobuk,3.54594
81320300010201,3.09103,0.9825200000000001,149.482251,81,104.40688962198523,Kobuk,3.54594
81320300010211,3.3407299999999998,1.1165600000000002,369.140819,82,104.6051956150892,Kobuk,3.5614600000000003
81320300010221,4.7843,0.5823799999999997,107.072786,55,104.81705397276036,Kobuk,3.56678
81320300010231,3.54594,0.9685999999999999,897.766526,87,105.01420416669785,Kobuk,3.58931
81320300010241,3.679055,1.23214,506.175867,84,105.21105725390925,Kobuk,3.594255
81320300010251,4.78533,0.6912949999999998,118.0256195,60,105.4232129565722,Kobuk,3.60629
81320300010261,3.5614600000000003,1.1243050000000003,1091.083551,92,105.6200661516383,Kobuk,3.61895
81320300010271,3.58931,1.24484,702.275694,85,105.80813989700874,Kobuk,3.61895
81320300010281,5.22107,0.3395999999999999,73.2792255,32,106.01096117656463,Kobuk,3.61895
81320300010291,5.36378,0.37722000000000033,611.951509,31,106.222562016972,Kobuk,3.60629
81320300010301,4.07503,1.14566,155.466278,59,106.43531233532161,Kobuk,3.60629
81320300010311,3.60629,1.29794,456.009028,77,106.63305729077715,Kobuk,3.60629
81320300010321,3.4571199999999997,1.0645850000000001,528.8781785,72,106.82961363937095,Kobuk,3.62663
81320300010331,4.75121,0.8339099999999995,382.73734,47,107.04147263537742,Kobuk,3.62663
81320300010341,3.8920950000000003,1.1432650000000004,765.9769715,74,107.23802908883721,Kobuk,3.62663
81320300010351,4.599125,0.7818799999999999,635.599901,56,107.43309976759643,Kobuk,3.60629
81320300010361,3.87469,0.9557749999999996,609.0447365,82,107.64317593871284,Kobuk,3.60629
81320300010371,4.86748,0.6907500000000004,376.471358,33,107.83913821966884,Kobuk,3.58931
81320300010381,3.62663,0.9942899999999999,641.132171,85,108.03718072108045,Kobuk,3.5614600000000003
81320300010391,3.32541,0.8714999999999997,799.767145,83,108.25082305995532,Kobuk,3.5316
81320300010401,3.173345,0.769865,1012.6494789999999,84,108.44886566457774,Kobuk,3.516425
81320300010411,2.99797,0.7576150000000001,901.4391840000001,90,108.64776707310672,Kobuk,3.48699
81320300010421,3.01105,0.7456900000000002,702.587046,75,108.84782444447377,Kobuk,3.4571199999999997
81320300010431,3.48699,0.9788899999999998,599.497601,71,109.05105245134308,Kobuk,3.38408
81320300010441,3.62717,1.0306900000000003,483.520608,73,109.25398333874692,Kobuk,3.38408
81320300010451,2.93735,0.6210100000000001,575.926762,67,109.4513991163884,Kobuk,3.38408
81320300010461,3.2717400000000003,0.7905349999999998,694.1322605,76,109.66147584033573,Kobuk,3.38408
81320300010471,3.5316,0.9398300000000002,743.948922,81,109.85654713355075,Kobuk,3.38408
81320300010481,3.187285,0.72516,599.8122135000001,76,110.05455740068687,Kobuk,3.38408
81320300010491,3.516425,0.84277,750.3767745,78,110.26351677178914,Kobuk,3.38408
81320300010501,3.3583499999999997,0.7856099999999999,781.099469,76,110.46987368491605,Kobuk,3.36469
81320300010511,3.38408,0.7466300000000001,727.435696,77,110.66617922021194,Kobuk,3.36469
81320300010521,3.33993,0.6875999999999998,667.010196,79,110.85720109547471,Kobuk,3.36469
81320300010531,3.07813,0.5010299999999996,641.299263,69,111.05566643153314,Kobuk,3.38408
81320300010541,3.27753,0.6042000000000001,482.66991,75,111.2607533651294,Kobuk,3.3903
81320300010551,3.321395,0.5844499999999999,457.563243,80,111.4776133447326,Kobuk,3.3903
81320300010561,3.55072,0.6968700000000001,574.611668,77,111.67869123085109,Kobuk,3.3903
81320300010571,3.554745,0.7312450000000001,510.890263,76,111.87365915872702,Kobuk,3.38408
81320300020011,3.63204,0.71672,526.89407,68,112.06117926927499,Kobuk,3.38408
81320300020021,3.74487,0.74363,401.195194,75,112.24163086235845,Kobuk,3.3903
81320300020031,3.671325,0.7094849999999999,340.8825415,76,112.44531250694513,Kobuk,3.3903
81320300020041,3.53902,0.7017099999999998,368.929123,81,112.64839518268018,Kobuk,3.4118
81320300020051,3.36469,0.645305,453.20780049999996,74,112.84313918043199,Kobuk,3.4118
81320300020061,3.4118,0.6772049999999998,350.6588815,76,113.03244434201747,Kobuk,3.41426
81320300020071,3.34915,0.6358499999999998,346.418991,62,113.21774039872784,Kobuk,3.422225
81320300020081,3.455865,0.7184950000000001,376.833747,62,113.41420165635577,Kobuk,3.455865
81320300020091,3.3903,0.6137849999999998,413.5796395,58,113.62644512194497,Kobuk,3.478705
81320300020101,3.34089,0.5867100000000001,422.7503785,56,113.84158848155846,Kobuk,3.47884
81320300020111,3.41426,0.6901600000000001,427.806784,61,114.04097703386198,Kobuk,3.52417
81320300020121,3.28302,0.4831500000000002,367.733911,55,114.22976223103565,Kobuk,3.52417
81320300020131,3.28237,0.5001899999999999,321.415706,57,114.43008526259909,Kobuk,3.52417
81320300020141,3.422225,0.6048,312.1194045,60,114.6260490636682,Kobuk,3.52417
81320300020151,3.478705,0.6735500000000001,336.39903400000003,68,114.82171574549855,Kobuk,3.52417
81320300020161,3.47884,0.6778749999999998,414.5589415,68,115.03238804109928,Kobuk,3.52417
81320300020171,3.52979,0.7190199999999995,501.273953,69,115.22746047588856,Kobuk,3.52417
81320300020181,3.53031,0.7012200000000002,372.511605,71,115.42312729711817,Kobuk,3.52979
81320300020191,3.536015,0.7055149999999999,385.3123345,76,115.62706756403689,Kobuk,3.53031
81320300020201,3.61341,0.69686,416.99007600000004,76,115.81496774080465,Kobuk,3.536015
81320300020211,3.52417,0.6667099999999997,428.826777,73,115.99892650495468,Kobuk,3.54752
81320300020221,3.54752,0.6948999999999999,455.20783,68,116.19739293814074,Kobuk,3.5606999999999998
81320300020231,3.577305,0.68387,383.0903535,66,116.40686945211303,Kobuk,3.577305
81320300020241,3.615555,0.6694499999999999,428.833971,68,116.60384840225008,Kobuk,3.61341
81320300020251,3.63345,0.7266399999999997,367.683967,65,116.80155738597618,Kobuk,3.615555
81320300020261,3.5606999999999998,0.5791149999999998,356.73947350000003,64,117.00775484742822,Kobuk,3.63345
81320300020271,3.6509650000000002,0.7753749999999997,407.24162049999995,66,117.19945015560924,Kobuk,3.6509650000000002
81320300020281,3.71361,0.7513200000000002,322.57181,70,117.39515465401396,Kobuk,3.686445
81320300020291,3.686445,0.7406299999999999,358.5594065,72,117.59734305392315,Kobuk,3.69609
81320300020301,3.74794,0.7428699999999999,400.8413,77,117.79008342686775,Kobuk,3.69609
81320300020311,3.75603,0.7187349999999999,448.927652,76,117.99831864582394,Kobuk,3.698365
81320300020321,3.69609,0.6527899999999998,592.78634,78,118.19977713487621,Kobuk,3.69869
81320300020331,3.7511400000000004,0.6400149999999998,513.2013975,76,118.3859605580576,Kobuk,3.71361
81320300020341,3.73975,0.6256399999999998,357.777422,79,118.5922459560644,Kobuk,3.73975
81320300020351,3.866465,0.6961900000000001,348.95143299999995,84,118.79375850401249,Kobuk,3.74794
81320300020361,3.87895,0.6359999999999997,367.226191,85,118.98474119569457,Kobuk,3.7511400000000004
81320300020371,3.83864,0.5853999999999999,353.344897,79,119.19532051479688,Kobuk,3.75603
81320300020381,3.8641300000000003,0.6008700000000002,388.2798145,80,119.40284449637615,Kobuk,3.80689
81320300020391,3.83254,0.6309299999999998,486.399122,81,119.59602393007121,Kobuk,3.83254
81320300020401,3.69869,0.49472000000000005,547.84807,77,119.78718871362236,Kobuk,3.83864
81320300020411,3.698365,0.4974599999999998,483.247585,72,119.9860924867258,Kobuk,3.8641300000000003
81320300020421,3.6448400000000003,0.4908050000000004,549.0285234999999,72,120.18294885899402,Kobuk,3.866465
81320300020431,3.80689,0.5298099999999999,476.085624,73,120.37980527619239,Kobuk,3.87895
81320300020441,3.986505,0.690115,468.8470325,76,120.5925588945902,Kobuk,3.89076
81320300020451,4.039715,0.6468949999999998,504.49667250000005,82,120.78882105301415,Kobuk,3.986505
81320300020461,4.057455,0.68373,436.9847685,82,120.98597476734646,Kobuk,3.999045
81320300020471,3.89076,0.5479349999999998,488.8617265,74,121.18402003076869,Kobuk,4.029085
81320300020481,3.999045,0.6836749999999998,423.0472655,74,121.38176816768893,Kobuk,4.039715
81320300020491,4.029085,0.6201850000000002,505.263147,76,121.5798135126612,Kobuk,4.039715
81320300020501,4.08661,0.6498100000000004,469.467388,79,121.7769673888823,Kobuk,4.057455
81320300020511,4.13108,0.6970399999999999,369.760666,73,121.97669758357378,Kobuk,4.0655
81320300020521,4.2128,0.6976799999999996,524.336559,85,122.16880408808628,Kobuk,4.08661
81320300020531,4.25906,0.7210299999999998,671.0068655,86,122.36322249113765,Kobuk,4.092029999999999
81320300020541,4.20232,0.6629300000000002,435.295815,75,122.56902963330992,Kobuk,4.10339
81320300020551,4.26245,0.7260800000000005,426.447756,69,122.7702458370627,Kobuk,4.13108
81320300020561,4.2248,0.6534699999999996,356.68939,67,122.96739994482611,Kobuk,4.19647
81320300020571,4.0655,0.4910300000000003,398.411735,65,123.16366257516813,Kobuk,4.20232
81320300020581,4.092029999999999,0.49864999999999937,320.2221175,62,123.37463377040162,Kobuk,4.2128
81320300030011,4.26986,0.6248300000000002,366.762681,85,123.58679369197168,Kobuk,4.21882
81320300030021,4.19647,0.5884499999999999,328.654078,83,123.76953660840665,Kobuk,4.2248
81320300030031,4.007695,0.44911500000000015,301.64910599999996,76,123.96698808970623,Kobuk,4.25906
81320300030041,4.10339,0.48324000000000034,424.265605,93,124.16473677760773,Kobuk,4.26245
81320300030051,4.34215,0.6779300000000004,391.503091,103,124.35139395506287,Kobuk,4.26442
81320300030061,4.377815,0.7002550000000001,365.7860285,102,124.55958007495228,Kobuk,4.26986
81320300030071,4.21882,0.4950899999999998,422.681211,91,124.75581591270347,Kobuk,4.34215
81320300030081,4.387295,0.73691,448.950348,78,124.9507139191575,Kobuk,4.348974999999999
81320300030091,4.26442,0.5546600000000002,373.963934,75,125.16396988898514,Kobuk,4.377815
81320300030101,4.41109,0.6961199999999996,296.665297,87,125.35736082582888,Kobuk,4.387295
81320300030111,4.393835,0.61694,347.787802,92,125.55141318839868,Kobuk,4.393835
81320300030121,4.348974999999999,0.5875249999999999,430.9286955,94,125.75623799858877,Kobuk,4.41109
81320300030131,4.49839,0.6808599999999996,454.182301,95,125.95954301953186,Kobuk,4.42808
81320300030141,4.5264050000000005,0.6654599999999999,490.599056,92,126.15317578637043,Kobuk,4.461385
81320300030151,4.42808,0.6043199999999995,432.699419,91,126.35149437868448,Kobuk,4.4696
81320300030161,4.4696,0.6044099999999997,523.327044,100,126.55153016864776,Kobuk,4.49839
81320300030171,4.461385,0.5625749999999998,524.635493,100,126.74398472187436,Kobuk,4.49848
81320300030181,4.52827,0.651095,543.67372,98,126.93815647275923,Kobuk,4.5264050000000005
81320300030191,4.49848,0.5889899999999999,528.415742,97,127.14271102648968,Kobuk,4.52827
81320300030201,4.53185,0.58298,588.426879,101,127.34927020363602,Kobuk,4.53185
81320300030211,4.57855,0.6702449999999998,680.7304644999999,98,127.54344203244226,Kobuk,4.54096
81320300030221,4.64883,0.7362350000000002,716.365319,104,127.74528157307027,Kobuk,4.54636
81320300030231,4.738355,0.6661200000000003,773.2706005,106,127.94714881052141,Kobuk,4.57855
81320300030241,4.54096,0.5149400000000002,722.786378,91,128.13679516021546,Kobuk,4.64883
81320300030251,4.54636,0.46272999999999964,535.611726,87,128.34002690807685,Kobuk,4.65646
81320300030261,4.65646,0.6073699999999995,527.356144,91,128.54325866535126,Kobuk,4.68937
81320300030271,4.69856,0.57789,455.81604,95,128.7320462787614,Kobuk,4.69856
81320300030281,4.81578,0.67293,362.218073,91,128.93352777349176,Kobuk,4.717890000000001
81320300030291,4.8113,0.7247500000000002,402.69375,94,129.13127704278233,Kobuk,4.738355
81320300030301,4.717890000000001,0.5616250000000007,357.587319,86,129.32932348907664,Kobuk,4.74726
81320300030311,4.74726,0.6346399999999996,432.4259945,88,129.52908746992043,Kobuk,4.7477
81320300030321,4.83518,0.6784300000000005,322.897729,83,129.73116333382313,Kobuk,4.80422
81320300030331,4.90641,0.7021300000000004,375.258807,87,129.9315216760862,Kobuk,4.8113
81320300030341,4.80422,0.588225,397.3841235,80,130.11963250798703,Kobuk,4.81578
81320300030351,4.86041,0.6704350000000003,379.94460449999997,80,130.3263718848552,Kobuk,4.83518
81320300030361,4.68937,0.5839600000000003,537.420962,65,130.52401861642937,Kobuk,4.86041
81320300030371,4.7477,0.5599699999999999,679.609656,77,130.71163717154448,Kobuk,4.90641
81320300030381,4.926725,0.7043699999999995,548.7235095,76,130.9157967473497,Kobuk,4.91249
81320300030391,4.96637,0.6596399999999996,668.734957,85,131.11792393636296,Kobuk,4.91431
81320300030401,4.91431,0.6029749999999998,570.663006,84,131.30866168217463,Kobuk,4.926725
81320300030411,4.91249,0.5374699999999999,547.39051,83,131.5014040546038,Kobuk,4.96637
81320300030421,4.968195,0.5827049999999998,468.737748,74,131.70821167881442,Kobuk,4.968195
81320300030431,4.97391,0.4790200000000002,434.196757,73,131.92168035405186,Kobuk,4.97391
81320300030441,5.166,0.6582600000000003,511.475826,81,132.11712698024755,Kobuk,5.14887
81320300030451,5.14887,0.5417899999999998,366.769573,83,132.3059126107068,Kobuk,5.166
81320300030461,5.36348,0.6457250000000001,460.590621,80,132.5040940692872,Kobuk,5.32422
81320300030471,5.32422,0.5773600000000005,365.432827,77,132.71433618326822,Kobuk,5.36348
81320300030481,5.39897,0.6225900000000002,449.779108,76,132.91913935979062,Kobuk,5.39897
81320300030491,5.44054,0.6016649999999997,373.490974,70,133.110576147229,Kobuk,5.44054
81320300030501,5.52468,0.6557599999999999,453.69495,79,133.31618692609655,Kobuk,5.52468
81320300030511,5.57399,0.6933949999999998,453.585338,76,133.51654565995236,Kobuk,5.54951
81320300030521,5.68465,0.7377500000000001,382.765728,71,133.70533368974606,Kobuk,5.551995
81320300030531,5.8996,0.7774199999999993,364.941034,75,133.90740997460136,Kobuk,5.56259
81320300030541,5.64623,0.6223000000000001,454.874574,75,134.10690996619118,Kobuk,5.57399
81320300030551,5.551995,0.6204749999999999,463.291153,74,134.30522127123606,Kobuk,5.64623
81320300030561,5.54951,0.6308499999999997,424.421193,69,134.5052501141995,Kobuk,5.68465
81320300030571,5.69871,0.7072450000000003,331.46258850000004,54,134.69489694288654,Kobuk,5.69871
81320300030581,5.56259,0.48130000000000006,285.658014,55,134.8981292029329,Kobuk,5.74409
81320300030591,5.74409,0.6053199999999999,312.546127,73,135.09904959121906,Kobuk,5.87543
81320300030601,5.91355,0.5902200000000004,267.077479,79,135.29703100666703,Kobuk,5.8996
81320300030611,5.87543,0.6929549999999995,249.8353775,86,135.50859784694745,Kobuk,5.91355
81320300030621,5.96318,0.69069,314.333791,89,135.70780070933034,Kobuk,5.92769
81320300030631,6.01806,0.7451649999999996,373.2016395,86,135.89658879909612,Kobuk,5.92851
81320300030641,5.92851,0.74301,372.292743,81,136.08795319870146,Kobuk,5.96318
81320300030651,5.99974,0.7239399999999998,471.984997,93,136.28504841976215,Kobuk,5.989295
81320300030661,6.082034999999999,0.6970800000000001,269.64009799999997,96,136.49084346679734,Kobuk,5.99974
81320300030671,6.07844,0.6646199999999993,270.145253,91,136.6978766054662,Kobuk,6.01806
81320300030681,6.2411449999999995,0.8685,338.693288,86,136.89188950343538,Kobuk,6.07844
81320300030691,6.149509999999999,0.7177150000000001,291.5766225,96,137.07718867984758,Kobuk,6.082034999999999
81320300030701,5.92769,0.6216050000000002,261.9788375,96,137.28784245811596,Kobuk,6.142075
81320300030711,6.142075,0.7508900000000001,438.672274,92,137.4915273672414,Kobuk,6.144745
81320300030721,6.144745,0.8185950000000002,303.75955,76,137.67901845652491,Kobuk,6.149509999999999
81320300030731,6.18684,0.7222,282.118968,93,137.8875437040364,Kobuk,6.149509999999999
81320300030741,5.989295,0.5569700000000006,309.1353705,80,138.08862539894994,Kobuk,6.16911
81320300030751,6.2798,0.7669199999999998,234.227647,83,138.28627275170064,Kobuk,6.18684
81320300030761,6.35792,0.8090000000000002,193.491637,85,138.50342434848505,Kobuk,6.2282399999999996
81320300040011,6.16911,0.6830499999999997,399.217547,83,138.70211777000983,Kobuk,6.2411449999999995
81320300040021,6.2282399999999996,0.7115749999999994,577.0354205000001,82,138.88245714745938,Kobuk,6.277705
81320300040031,6.35686,0.7216100000000001,641.205061,91,139.07724111721396,Kobuk,6.2798
81320300040041,6.32047,0.7339799999999999,393.659931,89,139.28002478468238,Kobuk,6.28154
81320300040051,6.40194,0.7081600000000003,328.648565,93,139.476191205298,Kobuk,6.282115
81320300040061,6.42011,0.8969750000000003,261.2367705,82,139.68757335648598,Kobuk,6.2976
81320300040071,6.3649,0.8202299999999996,311.392208,77,139.8961381825132,Kobuk,6.32047
81320300040081,6.28154,0.69414,225.500633,75,140.0864749340277,Kobuk,6.35686
81320300040091,6.119365,0.5687250000000001,259.7439065,74,140.292053140687,Kobuk,6.35792
81320300040101,6.282115,0.722515,592.3198285,86,140.49457631435118,Kobuk,6.3649
81320300040111,6.372585,0.7692450000000002,596.0755670000001,94,140.6968803343991,Kobuk,6.372585
81320300040121,6.2976,0.6699000000000002,370.089791,83,140.9022397916764,Kobuk,6.40194
81320300040131,6.4049949999999995,0.7332149999999995,326.997188,82,141.10067375006543,Kobuk,6.4049949999999995
81320300040141,6.277705,0.7008350000000001,297.739794,68,141.30130437123762,Kobuk,6.42011
81320300040151,6.46469,0.7673199999999998,276.599487,75,141.4975417048443,Kobuk,6.46469
81320300040161,6.51434,0.7480500000000001,315.999346,77,141.69463746375595,Kobuk,6.51434
81320300040171,6.60338,0.7312599999999998,269.133523,73,141.9095414853459,Kobuk,6.60338
81320300040181,6.6051,0.7617600000000002,314.086498,82,142.1101011025537,Kobuk,6.6051
81320300040191,6.7675,0.7985299999999995,299.982713,87,142.3060316899466,Kobuk,6.68377
81320300040201,6.68377,0.7378,259.642557,73,142.52214665754207,Kobuk,6.7675
81320300040211,6.970915,0.8646049999999996,280.894642,74,142.7204586810341,Kobuk,6.822365
81320300040221,7.03393,0.7706300000000006,240.963301,81,142.91847356130316,Kobuk,6.93616
81320300040231,6.99888,0.8443100000000001,351.853133,79,143.11526185680216,Kobuk,6.93777
81320300040241,7.080675,0.8229600000000001,286.9411645,86,143.3199657684838,Kobuk,6.970915
81320300040251,6.822365,0.7925099999999996,365.9895285,76,143.53135118197187,Kobuk,6.9960450000000005
81320300040261,6.93616,0.8182600000000004,346.468543,87,143.72536443168502,Kobuk,6.99888
81320300040271,6.93777,0.79732,397.216025,83,143.91768782946662,Kobuk,6.99921
81320300040281,7.0065,0.8674600000000003,380.745886,75,144.11172877693983,Kobuk,7.0065
81320300040291,6.99921,0.7889099999999996,347.487551,83,144.31503546051889,Kobuk,7.03393
81320300040301,7.118169999999999,0.7656900000000002,375.44347700000003,84,144.52101792329088,Kobuk,7.06307
81320300040311,6.9960450000000005,0.724955,327.8830865,86,144.7346845349996,Kobuk,7.080675
81320300040321,7.083605,0.7317899999999997,423.6165465,86,144.9356237442068,Kobuk,7.083605
81320300040331,7.06307,0.7115349999999996,351.113631,74,145.13059603202902,Kobuk,7.118169999999999
81320300040341,7.22346,0.7148399999999997,331.435155,87,145.33428211849548,Kobuk,7.1472
81320300040351,7.31725,0.7769199999999996,284.640894,87,145.5402736296496,Kobuk,7.17121
81320300040361,7.1472,0.6235799999999996,271.75039,77,145.75359181852752,Kobuk,7.174049999999999
81320300040371,7.19925,0.6520999999999999,282.349144,90,145.9516070009108,Kobuk,7.19925
81320300040381,7.226535,0.6666049999999997,226.22963099999998,100,146.14922108894223,Kobuk,7.22346
81320300040391,7.47668,0.7801350000000005,305.8874275,84,146.34233314190632,Kobuk,7.226535
81320300040401,7.283875,0.6715499999999999,237.67844100000002,88,146.5428487098515,Kobuk,7.25376
81320300040411,7.174049999999999,0.5549399999999998,306.044578,86,146.7605275590292,Kobuk,7.283875
81320300040421,7.17121,0.5536550000000005,369.5037065,80,146.9648356007374,Kobuk,7.31725
81320300040431,7.25376,0.6296299999999997,463.402688,71,147.15331824422256,Kobuk,7.31758
81320300040441,7.31758,0.6441700000000008,369.926972,75,147.34485630220104,Kobuk,7.41996
81320300040451,7.63132,0.7744399999999994,365.273114,85,147.54548743413417,Kobuk,7.47668
81320300040461,7.60089,0.6718600000000006,317.608449,83,147.74611855405354,Kobuk,7.47888
81320300040471,7.47888,0.6000999999999994,358.471859,85,147.94681736791983,Kobuk,7.54002
81320300040481,7.58679,0.6275300000000001,370.7959255,92,148.14328279483098,Kobuk,7.555580000000001
81320300040491,7.41996,0.44299,347.776159,77,148.35152147787187,Kobuk,7.58679
81320300040501,7.7194,0.6798600000000001,387.02089,94,148.56265563139826,Kobuk,7.60089
81320300040511,7.555580000000001,0.6257150000000005,432.76257599999997,78,148.76023124977812,Kobuk,7.63132
81320300040521,7.54002,0.4996900000000002,347.511061,75,148.96566115451213,Kobuk,7.661275
81320300040531,7.661275,0.5738849999999998,355.216209,80,149.18043241733488,Kobuk,7.71006
81320300040541,7.71006,0.5267900000000001,314.874698,79,149.3778859314498,Kobuk,7.7194
81320300040551,7.96573,0.7047499999999998,295.484489,75,149.5659980847397,Kobuk,7.96573
81320300040561,8.1127,0.6838500000000005,263.984322,87,149.7662494646174,Kobuk,8.06522
81320300050011,8.20763,0.6565700000000003,297.072547,83,149.94677719409563,Kobuk,8.07734
81320300050021,8.312325,0.9102499999999996,290.183085,84,150.12940143462043,Kobuk,8.104415
81320300050031,8.31813,0.8901300000000001,283.45726449999995,74,150.3419822553474,Kobuk,8.1127
81320300050041,8.104415,0.7507350000000002,350.159921,72,150.5309532657525,Kobuk,8.137945
81320300050051,8.06522,0.6814799999999996,333.704579,77,150.72668431095934,Kobuk,8.20763
81320300050061,8.07734,0.6921499999999998,456.780335,81,150.93835746726862,Kobuk,8.312325
81320300050071,8.137945,0.681835,495.824514,88,151.12909656837832,Kobuk,8.31718
81320300050081,8.57382,0.7383699999999997,408.783864,93,151.32184030018433,Kobuk,8.31813
81320300050091,8.34584,0.8135700000000012,396.70413,93,151.52864937467837,Kobuk,8.34584
81320300050101,8.31718,0.7018600000000008,697.473824,91,151.72715030723984,Kobuk,8.44783
81320300050111,8.456275,0.696615,583.9489115,96,151.92691595567157,Kobuk,8.456275
81320300050121,8.62562,0.7338099999999992,676.603279,97,152.13320489805858,Kobuk,8.52499
81320300050131,8.52499,0.7180999999999997,712.929692,99,152.32072946493318,Kobuk,8.56477
81320300050141,8.44783,0.6556799999999998,861.6843265,100,152.50739528017067,Kobuk,8.57382
81320300050151,8.56477,0.5944900000000004,1063.480979,101,152.71931604071747,Kobuk,8.62123
81320300050161,8.62123,0.5720100000000006,764.547703,101,152.9307577118641,Kobuk,8.62562
81320300050171,8.656285,0.5580300000000005,509.7287695,100,153.1287133491214,Kobuk,8.656285
81320300050181,8.76181,0.5677500000000002,479.247545,97,153.31284238514286,Kobuk,8.74671
81320300050191,8.801134999999999,0.5461400000000003,427.7599805,104,153.50331931082738,Kobuk,8.76181
81320300050201,8.74671,0.38832500000000003,374.596757,94,153.70702385180826,Kobuk,8.801134999999999
81320300050211,8.92076,0.5161099999999994,315.531324,73,153.906956148515,Kobuk,8.86265
81320300050221,8.94473,0.5599599999999993,368.7221185,82,154.11819950558385,Kobuk,8.92076
81320300050231,8.92643,0.4969999999999999,366.380428,81,154.31941850833942,Kobuk,8.92324
81320300050241,8.92324,0.4919349999999998,393.714633,78,154.5041785015012,Kobuk,8.92643
81320300050251,8.86265,0.4035200000000003,359.446298,77,154.70074096693133,Kobuk,8.94473
81320300050261,9.08946,0.5095100000000006,386.945619,93,154.91171497481537,Kobuk,8.95442
81320300050271,8.961020000000001,0.32419500000000046,407.83115499999997,86,155.1100277421747,Kobuk,8.961020000000001
81320300050281,8.95442,0.40578000000000003,361.267551,79,155.2970996425183,Kobuk,9.05723
81320300050291,9.13076,0.5488600000000012,320.282635,87,155.4983186675419,Kobuk,9.08946
81320300050301,9.18249,0.5856999999999992,363.22577,91,155.69953769764984,Kobuk,9.13076
81320300050311,9.05723,0.4941600000000008,370.912619,87,155.89004470671455,Kobuk,9.175705
81320300050321,9.18261,0.5391099999999991,336.758449,85,156.09182756005697,Kobuk,9.18249
81320300050331,9.25383,0.5299499999999995,368.882091,89,156.28686367865797,Kobuk,9.18261
81320300050341,9.32878,0.6517199999999992,330.994828,89,156.4928529517642,Kobuk,9.23019
81320300050351,9.23762,0.5840700000000005,325.194196,75,156.70129512548593,Kobuk,9.23762
81320300050361,9.33525,0.6105299999999998,328.1957215,84,156.88549362374377,Kobuk,9.25383
81320300050371,9.175705,0.5245949999999997,327.907458,76,157.0761826703887,Kobuk,9.32878
81320300050381,9.23019,0.5345250000000004,296.840817,80,157.28807606861213,Kobuk,9.33525
81320300050391,9.35599,0.5038800000000005,400.324201,91,157.4845420697356,Kobuk,9.35599
81320300050401,9.537955,0.6636949999999997,279.139897,98,157.6827252828319,Kobuk,9.38879
81320300050411,9.38879,0.602665,401.5568965,96,157.881732642074,Kobuk,9.39162
81320300050421,9.4483,0.6277699999999999,327.97141,101,158.0790228275531,Kobuk,9.4483
81320300050431,9.4543,0.6093249999999992,451.27770699999996,100,158.28919876857927,Kobuk,9.4543
81320300050441,9.39162,0.5030999999999999,459.4955,91,158.47932633789833,Kobuk,9.49792
81320300050451,9.49792,0.5008800000000004,474.026073,93,158.6779038007063,Kobuk,9.50864
81320300050461,9.50864,0.4621499999999994,502.604365,93,158.8795367206386,Kobuk,9.537955
81320300050471,9.72874,0.5770599999999995,444.183697,95,159.0784510013152,Kobuk,9.72874
81320300050481,9.93003,0.6202100000000002,429.12368,103,159.28443440476013,Kobuk,9.788695
81320300050491,9.82684,0.5660099999999986,498.272219,107,159.47597315197262,Kobuk,9.79947
81320300050501,9.788695,0.6202949999999996,560.6253529999999,100,159.6678912223528,Kobuk,9.82684
81320300050511,9.79947,0.5797399999999993,779.213252,101,159.88036415351775,Kobuk,9.84674
81320300050521,9.86231,0.5469799999999996,792.838878,97,160.08117730190577,Kobuk,9.86231
81320300050531,9.95667,0.55443,467.409646,101,160.27949049152423,Kobuk,9.93003
81320300050541,9.98184,0.5250800000000009,478.634389,101,160.47545904487745,Kobuk,9.93944
81320300050551,9.93944,0.4761399999999991,431.885579,101,160.6720219707453,Kobuk,9.95667
81320300050561,9.84674,0.3716500000000007,268.251833,79,160.8711939922557,Kobuk,9.967165
81320300050571,9.967165,0.444939999999999,160.3306,66,161.08143249461676,Kobuk,9.98184
81320500010011,9.990839999999999,0.4540499999999996,239.845561,74,161.2911875798476,Kobuk,9.990839999999999
81320500010021,10.04383,0.4650400000000001,296.389592,87,161.48143828701598,Kobuk,10.04383
81320500010031,10.119625,0.48225499999999943,311.82387600000004,90,161.69311239400324,Kobuk,10.119625
81320500010041,10.19374,0.5401299999999996,377.917952,97,161.90879576335425,Kobuk,10.19374
81320500010051,10.205295,0.5168649999999992,409.064696,88,162.1054714376684,Kobuk,10.205295
81320500010061,10.21472,0.5040099999999992,297.07199,85,162.3023712730635,Kobuk,10.21472
81320500010071,10.22174,0.48719999999999963,312.928591,87,162.49257238109044,Kobuk,10.22174
81320500010081,10.30387,0.5338200000000004,274.087332,77,162.67790105636374,Kobuk,10.24883
81320500010091,10.25823,0.5068999999999999,268.093677,87,162.8763365504151,Kobuk,10.25823
81320500010101,10.28088,0.5132499999999993,277.466495,79,163.09090627594,Kobuk,10.269860000000001
81320500010111,10.27418,0.4737999999999989,426.963002,83,163.29266210014157,Kobuk,10.27418
81320500010121,10.24883,0.4458500000000001,350.7698805,78,163.4769181513293,Kobuk,10.28088
81320500010131,10.269860000000001,0.42287500000000033,405.07648600000005,86,163.67109262689652,Kobuk,10.30387
81320500010141,10.39943,0.4974550000000013,319.724541,88,163.87933250762313,Kobuk,10.31258
81320500010151,10.400425,0.4851200000000002,387.356921,92,164.07869898335542,Kobuk,10.35608
81320500010161,10.31258,0.45262000000000135,352.508521,81,164.27023809306914,Kobuk,10.358104999999998
81320500010171,10.41304,0.4305399999999988,372.978455,95,164.47354612944687,Kobuk,10.39943
81320500010181,10.358104999999998,0.4242899999999983,443.80645849999996,92,164.67804887154045,Kobuk,10.400425
81320500010191,10.35608,0.42098000000000013,412.947772,90,164.88474365134695,Kobuk,10.41108
81320500010201,10.41108,0.5095100000000006,508.724332,87,165.0795263274848,Kobuk,10.41304
81320500010211,10.509564999999998,0.5480999999999989,554.3470970000001,84,165.27523535949982,Kobuk,10.46544
81320500010221,10.46544,0.4921099999999985,555.543518,85,165.48337901986048,Kobuk,10.509564999999998
81320500010231,10.692820000000001,0.6176199999999987,459.65088449999996,90,165.68439064586855,Kobuk,10.63762
81320500010241,10.91857,0.7142199999999992,239.875518,87,165.88354189480205,Kobuk,10.692820000000001
81320500010251,10.827065000000001,0.6632200000000017,224.039324,76,166.0778830852736,Kobuk,10.78895
81320500020011,10.80828,0.6368399999999994,340.776734,79,166.27214333625923,Kobuk,10.80828
81320500020021,10.63762,0.5510300000000008,388.388187,77,166.47962032996247,Kobuk,10.81607
81320500020031,10.83203,0.6283999999999992,428.486152,77,166.68244902816625,Kobuk,10.827065000000001
81320500020041,10.962075,0.6695399999999996,521.048265,84,166.8742947489689,Kobuk,10.83203
81320500020051,10.90968,0.5987399999999994,472.232402,81,167.07521748937623,Kobuk,10.85972
81320500020061,10.91548,0.601325000000001,679.557239,86,167.2726723828029,Kobuk,10.90968
81320500020071,10.81607,0.5900999999999996,469.189836,75,167.4695329383715,Kobuk,10.91548
81320500020081,10.991285000000001,0.6286650000000007,541.9179604999999,78,167.66986136813696,Kobuk,10.91857
81320500020091,10.85972,0.5044199999999996,634.755042,85,167.8625659343831,Kobuk,10.935205
81320500020101,11.10694,0.6606199999999998,594.647937,79,168.0679645700982,Kobuk,10.96015
81320500020111,10.78895,0.4845499999999996,643.908844,70,168.26508960221435,Kobuk,10.962075
81320500020121,11.07321,0.5881800000000013,608.643434,85,168.4616530481428,Kobuk,10.96868
81320500020131,11.190905,0.6392299999999986,679.78309,76,168.67470835798954,Kobuk,10.991285000000001
81320500020141,11.008285,0.5614900000000009,748.5878405000001,64,168.87156900651874,Kobuk,11.008285
81320500020151,11.08273,0.5949600000000004,561.203264,71,169.0684296687836,Kobuk,11.01507
81320500020161,11.01507,0.4550599999999996,553.230237,71,169.26677622644647,Kobuk,11.03016
81320500020171,10.935205,0.37550499999999953,532.7794275,70,169.46713752950018,Kobuk,11.07321
81320500020181,10.96015,0.35795000000000066,550.270321,69,169.67227184843958,Kobuk,11.08273
81320500020191,10.96868,0.31370000000000076,588.137665,67,169.86240020664422,Kobuk,11.09961
81320500020201,11.135365,0.45048000000000066,469.7126595,70,170.06305872205874,Kobuk,11.10694
81320500020211,11.03016,0.3717300000000012,467.45543,69,170.2773028454263,Kobuk,11.13521
81320500020221,11.13521,0.40430999999999884,550.83614,73,170.4750551211005,Kobuk,11.135365
81320500020231,11.09961,0.43295999999999957,443.173412,74,170.67538374283876,Kobuk,11.190905
81320500020241,11.2736,0.5262849999999997,688.4031445,76,170.87746268349645,Kobuk,11.2736
81320500020251,11.422115,0.5582849999999997,653.09278,68,171.07666812520264,Kobuk,11.355215000000001
81320500020261,11.6871,0.5310799999999993,631.265187,65,171.27382609104936,Kobuk,11.40783
81320500020271,11.60085,0.536900000000001,631.064992,61,171.47038971436206,Kobuk,11.40783
81320500020281,11.355215000000001,0.5206100000000005,639.714798,52,171.66843923208788,Kobuk,11.422115
81320500020291,11.4566,0.5494799999999991,546.47941,61,171.87185612223746,Kobuk,11.4566
81320500020301,11.40783,0.5012300000000005,559.521445,62,172.07267042794496,Kobuk,11.4566
81320500020311,11.495915,0.6040849999999995,437.673726,64,172.26115454961908,Kobuk,11.482804999999999
81320500020321,11.482804999999999,0.5634299999999985,443.693858,48,172.4710476089457,Kobuk,11.495915
81320500020331,11.52689,0.5288799999999991,502.304723,51,172.666559576459,Kobuk,11.524000000000001
81320500020341,11.586655,0.6147300000000007,396.846562,48,172.85354531833792,Kobuk,11.52689
81320500020351,11.54011,0.47354999999999947,351.768601,53,173.061315607466,Kobuk,11.53094
81320500020361,11.98806,0.6159299999999988,384.714901,59,173.26908590396525,Kobuk,11.54011
81320500020371,11.647590000000001,0.4974550000000004,345.5253015,60,173.47328407348104,Kobuk,11.55997
81320500020381,11.53094,0.5224799999999998,375.075842,59,173.66459954991092,Kobuk,11.586655
81320500020391,11.3922,0.35474999999999923,310.559632,59,173.86568377787725,Kobuk,11.55997
81320500020401,11.524000000000001,0.5292100000000008,315.800667,64,174.07853696378723,Kobuk,11.54011
81320500020411,11.55997,0.6403499999999998,387.984796,61,174.2674008164066,Kobuk,11.55997
81320500020421,11.350204999999999,0.38553999999999977,306.5066885,48,174.45760257133958,Kobuk,11.586655
81320500020431,11.60413,0.6193299999999997,294.148662,51,174.66876554692448,Kobuk,11.60413
81320500020441,11.62153,0.46663999999999994,317.437649,51,174.8691270999314,Kobuk,11.60481
81320500020451,11.727515,0.5712499999999991,312.7616845,50,175.0680355283096,Kobuk,11.60481
81320500020461,11.63144,0.647359999999999,323.752134,49,175.2669112108137,Kobuk,11.62153
81320500020471,11.74672,0.6766299999999994,336.055355,53,175.45804777112494,Kobuk,11.625934999999998
81320500020481,11.64652,0.6930599999999991,352.132824,57,175.65782184827196,Kobuk,11.629305
81320500020491,11.625934999999998,0.597764999999999,337.492806,60,175.86898487016077,Kobuk,11.629305
81320500020501,11.60481,0.6310000000000002,285.2610565,56,176.0805272061909,Kobuk,11.629305
81320500020511,11.483035000000001,0.49087500000000084,379.8536865,50,176.2774057904676,Kobuk,11.629305
81320500020521,11.44989,0.4696150000000001,345.407802,56,176.47877753894977,Kobuk,11.63144
81320500020531,11.688895,0.6292249999999999,440.58858499999997,62,176.67642745806594,Kobuk,11.64652
81320500020541,11.81673,0.7096800000000005,424.111634,61,176.87006369537826,Kobuk,11.688895
81320500020551,11.629305,0.6319499999999998,556.5487840000001,52,177.0711757093951,Kobuk,11.699774999999999
81320500020561,11.78815,0.7599999999999998,460.56043,53,177.2775330087998,Kobuk,11.699774999999999
81320500020571,11.53937,0.49956000000000067,396.518032,47,177.47558273105432,Kobuk,11.7134
81320500020581,11.726085000000001,0.6930700000000014,325.3109235,52,177.67363245913427,Kobuk,11.699774999999999
81320500020591,11.89608,0.7857299999999992,320.884404,49,177.8742585293537,Kobuk,11.699774999999999
81320500020601,11.89887,0.7066300000000005,333.752028,57,178.06103456375567,Kobuk,11.688895
81320500020611,11.79228,0.7467799999999993,301.279674,53,178.2648313360594,Kobuk,11.699774999999999
81320500020621,11.752220000000001,0.6734500000000008,345.9000175,62,178.47064284838012,Kobuk,11.7134
81320500020631,11.58487,0.5672499999999996,320.770309,61,178.6660236571605,Kobuk,11.726085000000001
81320500020641,11.77247,0.6415799999999994,291.425309,65,178.8781139590777,Kobuk,11.7453
81320500020651,11.7453,0.6615000000000002,397.9221135,70,179.07747671619381,Kobuk,11.752220000000001
81320500020661,11.699774999999999,0.6219649999999994,349.585618,68,179.27588531247324,Kobuk,11.77247
81320500020671,11.784125,0.6626799999999999,486.6790225,70,179.46891815537518,Kobuk,11.752220000000001
81320500020681,11.68633,0.6149500000000003,391.656127,61,179.66261773727007,Kobuk,11.77247
81320500020691,11.7134,0.57965,467.98321450000003,48,179.87088605482734,Kobuk,11.752220000000001
81320500030011,11.52243,0.5041799999999999,455.572249,46,180.06015597429985,Kobuk,11.752220000000001
81320500030021,11.57839,0.39000000000000057,470.073541,39,180.24201103776676,Kobuk,11.77247
81320500030031,11.59658,0.3827499999999997,412.709299,47,180.4370890371558,Kobuk,11.77247
81320500030041,11.99287,0.854215,373.80832699999996,58,180.64776739120762,Kobuk,11.77247
81320500030051,12.173670000000001,0.7783749999999987,406.849418,58,180.8446284545465,Kobuk,11.77247
81320500030061,12.49362,0.9448399999999992,379.413441,51,181.04208387212182,Kobuk,11.784125
81320500030071,12.395150000000001,0.6315750000000007,399.5946815,58,181.23953928935057,Kobuk,11.83339
81320500030081,12.26725,0.6572099999999992,400.870152,63,181.43610317414306,Kobuk,11.882425
81320500030091,12.15935,0.72919,401.3024145,66,181.64797023583904,Kobuk,11.905885000000001
81320500030101,11.61251,0.3277599999999996,388.336115,51,181.84483129744606,Kobuk,11.942415
81320500030111,11.83339,0.46682999999999986,394.929934,51,182.041395181277,Kobuk,11.95668
81320500030121,11.71644,0.35670999999999964,412.334498,51,182.2544509512615,Kobuk,11.99287
81320500030131,11.75085,0.38454999999999906,444.956141,57,182.45395385535969,Kobuk,12.02971
81320500030141,11.95668,0.5800800000000006,345.96089,55,182.65256522783025,Kobuk,12.03389
81320500030151,11.942415,0.5229299999999997,399.9674115,48,182.8494262892948,Kobuk,12.06649
81320500030161,12.088,0.6371899999999986,336.763519,57,183.0462873510009,Kobuk,12.088
81320500030171,11.882425,0.4544649999999999,351.0613445,62,183.25874876762714,Kobuk,12.15249
81320500030181,11.905885000000001,0.44449499999999986,369.496805,58,183.4565013621391,Kobuk,12.088
81320500030191,12.03389,0.5211100000000002,355.729513,63,183.65570709121985,Kobuk,12.088
81320500030201,12.06649,0.5648400000000002,345.544803,67,183.86381476076093,Kobuk,12.088
81320500030211,12.02971,0.47237999999999936,310.806626,67,184.06091315050315,Kobuk,12.088
81320500030221,12.26472,0.6834500000000006,304.990122,71,184.2553357490949,Kobuk,12.088
81320500030231,12.30113,0.7123800000000013,288.659159,73,184.45778572643076,Kobuk,12.10809
81320500030241,12.232334999999999,0.6902649999999992,302.1570445,68,184.66116219198358,Kobuk,12.15249
81320500030251,12.20401,0.6454900000000006,322.8254885,54,184.8539076207937,Kobuk,12.1778
81320500030261,12.27871,0.67666,338.258465,67,185.0483702551497,Kobuk,12.18719
81320500030271,12.32004,0.7955900000000007,336.43086,59,185.24684215605478,Kobuk,12.195
81320500030281,12.1778,0.6433499999999999,396.215576,57,185.44486704438611,Kobuk,12.19782
81320500030291,12.15249,0.5463799999999992,394.922332,67,185.6599444197261,Kobuk,12.20401
81320500030301,12.06926,0.5814300000000001,329.709966,52,185.86965442898887,Kobuk,12.232334999999999
81320500030311,12.10809,0.4929100000000002,333.593064,55,186.0548682830275,Kobuk,12.23429
81320500030321,12.18719,0.5239600000000006,246.578512,59,186.25461480780743,Kobuk,12.242529999999999
81320500030331,12.400614999999998,0.7865049999999982,286.407098,60,186.45951294547083,Kobuk,12.26472
81320500030341,12.23429,0.5764800000000001,317.547478,71,186.6482491257648,Kobuk,12.27871
81320500030351,12.195,0.5149400000000002,266.501406,72,186.85276795823947,Kobuk,12.27905
81320500030361,12.19782,0.4194999999999993,265.381687,65,187.06829713874427,Kobuk,12.27905
81320500030371,12.242529999999999,0.5281899999999986,303.173296,68,187.2702680226474,Kobuk,12.29732
81320500030381,12.29732,0.57409,352.34363,67,187.46294576382545,Kobuk,12.32004
81320500030391,12.3388,0.6054600000000008,404.134219,57,187.66298518773323,Kobuk,12.32878
81320500030401,12.27905,0.5480299999999998,394.057959,52,187.87097985950325,Kobuk,12.33515
81320500030411,12.32878,0.6172400000000007,380.876243,51,188.06769861551777,Kobuk,12.3388
81320500030421,12.81323,0.7626900000000001,347.72364300000004,52,188.2680275803884,Kobuk,12.34011
81320500030431,12.66638,0.8380000000000001,320.020287,54,188.4804890326073,Kobuk,12.35384
81320500030441,12.53989,0.7363799999999996,310.428441,60,188.6782416602686,Kobuk,12.36674
81320500030451,12.33515,0.47752000000000017,304.870959,57,188.8762914655448,Kobuk,12.400614999999998
81320500030461,12.35384,0.5187349999999995,291.6080925,58,189.07665318443304,Kobuk,12.41966
81320500030471,12.34011,0.4925000000000015,285.542268,61,189.26983701507427,Kobuk,12.49076
81320500030481,12.36674,0.5263100000000005,440.418112,63,189.46596106281476,Kobuk,12.52272
81320500030491,12.41966,0.5313999999999997,369.26806799999997,58,189.66896582066727,Kobuk,12.534569999999999
81320500030501,12.535105,0.5427349999999995,379.50868149999997,58,189.8823188038842,Kobuk,12.535105
81320500030511,12.534569999999999,0.5688949999999986,439.86828149999997,56,190.07947707431686,Kobuk,12.53989
81320500030521,12.49076,0.5297900000000002,335.586643,61,190.27485227914624,Kobuk,12.558155
81320500030531,12.573635,0.5235149999999997,321.91022699999996,76,190.4864221943303,Kobuk,12.573635
81320500030541,12.558155,0.4489049999999999,364.63824450000004,72,190.6864867291883,Kobuk,12.59656
81320500030551,12.52272,0.4615399999999994,339.722954,75,190.8958328652441,Kobuk,12.59656
81320500040011,12.72215,0.5746899999999986,458.307586,83,191.09379005492042,Kobuk,12.59656
81320500040021,12.7251,0.5259,319.372511,77,191.26858862651798,Kobuk,12.6399
81320500040031,12.6399,0.46495,306.71251,77,191.467347963075,Kobuk,12.6696
81320500040041,12.59656,0.40201000000000064,289.521302,77,191.67355097036756,Kobuk,12.69588
81320500040051,12.6696,0.4483100000000011,274.487445,81,191.87902395664796,Kobuk,12.69631
81320500040061,12.69588,0.4193700000000007,580.619974,71,192.07056376174276,Kobuk,12.72215
81320500040071,12.69631,0.43069999999999986,559.631832,71,192.26687586915537,Kobuk,12.7251
81320500040081,12.76171,0.47140000000000004,479.4351165,66,192.47912578695016,Kobuk,12.76171
81320500040091,12.785734999999999,0.4767999999999999,396.3485825,66,192.68131952094038,Kobuk,12.785734999999999
81320500040101,12.86127,0.4580000000000002,442.628401,61,192.87525965020066,Kobuk,12.82588
81320500040111,12.82588,0.4279299999999999,371.044492,63,193.06519051271087,Kobuk,12.86127
81320500040121,13.00538,0.5706500000000005,403.733989,73,193.25220946775818,Kobuk,12.92071
81320500040131,12.96408,0.48025999999999947,410.458726,71,193.44524231748318,Kobuk,12.93963
81320500040141,13.016385,0.47482500000000005,388.2254925,76,193.66315062718266,Kobuk,12.96408
81320500040151,12.93963,0.46455999999999875,374.374406,75,193.86244533196444,Kobuk,12.964205
81320500040161,12.92071,0.44780000000000086,333.322173,67,194.05779883259115,Kobuk,13.00538
81320500040171,12.964205,0.47390000000000043,332.8807025,72,194.26775666964434,Kobuk,13.016385
81320500040181,13.35392,0.6863599999999987,320.22362,85,194.458497448359,Kobuk,13.09554
81320500040191,13.21064,0.5969799999999994,322.84256600000003,84,194.64379918494745,Kobuk,13.129529999999999
81320500040201,13.15331,0.5435499999999998,333.660716,95,194.85232723708,Kobuk,13.15331
81320500040211,13.41892,0.6885250000000003,358.7955655,92,195.05913808233515,Kobuk,13.17859
81320500040221,13.433599999999998,0.6172149999999998,408.26978099999997,94,195.25888455974064,Kobuk,13.196765
81320500040231,13.129529999999999,0.41841999999999935,394.89638149999996,82,195.46600699672283,Kobuk,13.200244999999999
81320500040241,13.09554,0.35591499999999954,392.219827,78,195.65785322260177,Kobuk,13.207025
81320500040251,13.200244999999999,0.41174,392.9715425,80,195.85732333829213,Kobuk,13.21064
81320500040261,13.17859,0.37299999999999933,398.730766,75,196.05507589097707,Kobuk,13.22176
81320500040271,13.196765,0.4402499999999998,371.2339965,80,196.25745226315874,Kobuk,13.25764
81320500040281,13.25764,0.5082699999999996,384.665773,79,196.46154618820967,Kobuk,13.297
81320500040291,13.33427,0.5703849999999999,353.2654725,78,196.65033693461277,Kobuk,13.33427
81320500040301,13.207025,0.4508649999999994,339.98792849999995,74,196.85700718455405,Kobuk,13.35392
81320500040311,13.22176,0.4143499999999989,310.814374,75,197.06367742864316,Kobuk,13.3797
81320500040321,13.297,0.5020699999999998,336.494053,79,197.25504449484296,Kobuk,13.41892
81320500040331,13.569939999999999,0.6455749999999991,339.327338,82,197.45827961018318,Kobuk,13.42146
81320500040341,13.68895,0.6553500000000003,358.2650385,76,197.65543776151728,Kobuk,13.433599999999998
81320500040351,13.678825,0.5918000000000001,339.7518345,76,197.85051566499632,Kobuk,13.569939999999999
81320500040361,13.42146,0.5282750000000007,376.65402900000004,72,198.04737662532094,Kobuk,13.678825
81320500040371,13.3797,0.4666800000000002,382.454781,65,198.2379843347905,Kobuk,13.68895
81320500040381,13.76228,0.82545,367.948781,69,198.4382375131735,Kobuk,13.76228
81320500040391,13.832795,0.7178399999999998,433.166551,84,198.63715278930843,Kobuk,13.832795
81320500040401,13.932144999999998,0.7291949999999998,379.3381805,94,198.84303703225692,Kobuk,13.93091
81320500040411,13.93091,0.7005600000000012,363.655234,87,199.03896968302107,Kobuk,13.932144999999998
81320500040421,14.01477,0.7840299999999996,315.306176,103,199.23788493738155,Kobuk,13.99434
81320500040431,13.99434,0.8698200000000007,343.31558,93,199.44761054790527,Kobuk,14.01477
81320500040441,14.08863,0.7891700000000004,290.817868,99,199.64337087997137,Kobuk,14.02661
81320500040451,14.02661,0.737169999999999,292.472944,109,199.84734944753444,Kobuk,14.048034999999999
81320500040461,14.12972,0.8019100000000012,294.102481,109,200.04450751088012,Kobuk,14.08863
81320500040471,14.048034999999999,0.7756500000000015,294.81361949999996,106,200.24017967926912,Kobuk,14.09205
81320500040481,14.09205,0.7852350000000001,297.579498,96,200.43525748520454,Kobuk,14.10743
81320500040491,14.10743,0.7672549999999996,243.31987650000002,96,200.63238276778773,Kobuk,14.12972
81320500040501,14.18184,0.8207400000000007,278.575652,87,200.83826078482298,Kobuk,14.18184
81320500040511,14.388715000000001,0.7636950000000002,326.1402115,90,201.04071052785974,Kobuk,14.30978
81320500040521,14.337095,0.768465,352.284892,88,201.23962569451035,Kobuk,14.337095
81320500040531,14.30978,0.7293950000000002,323.4715295,90,201.42841626618386,Kobuk,14.34183
81320500040541,14.365034999999999,0.7216299999999993,302.2658905,88,201.6333687639623,Kobuk,14.365034999999999
81320500040551,14.3982,0.7537949999999993,265.223208,88,201.84223548056707,Kobuk,14.37048
81320500040561,14.431245,0.7783850000000001,277.6772535,88,202.02928185427814,Kobuk,14.388715000000001
81320500040571,14.34183,0.7270500000000002,233.331623,99,202.22329718784465,Kobuk,14.39467
81320500040581,14.423639999999999,0.7270000000000003,308.1611845,102,202.41865040730843,Kobuk,14.3982
81320500040591,14.426195,0.7597050000000003,301.3659845,98,202.61973450043098,Kobuk,14.423639999999999
81320500040601,14.49112,0.77468,293.068744,107,202.82597018753776,Kobuk,14.426195
81320500040611,14.37048,0.8131199999999996,299.182693,95,203.01642324115332,Kobuk,14.431245
81320500040621,14.49729,0.7993800000000011,282.703467,103,203.21922450688075,Kobuk,14.49112
81320500040631,14.39467,0.7546700000000008,276.119872,97,203.420308562612,Kobuk,14.49729
81320500040641,14.51023,0.7926149999999996,301.6683635,110,203.61699961934121,Kobuk,14.50346
81320500040651,14.50346,0.90632,296.637289,106,203.81543518989224,Kobuk,14.51023
81320500040661,14.531855,0.8946750000000003,302.8342625,106,204.0178112333447,Kobuk,14.531855
81320500040671,14.585645,0.759735,287.2033935,98,204.21642222531804,Kobuk,14.54146
81320500040681,14.63908,0.7848600000000001,276.197852,108,204.4158919811695,Kobuk,14.585645
81320500040691,14.638925,0.7837649999999998,302.152289,106,204.62170309714674,Kobuk,14.638925
81320500040701,14.54146,0.7556000000000003,308.74343150000004,106,204.81306983256476,Kobuk,14.63908
81320500040711,14.721319999999999,0.8401349999999983,416.0536585,104,205.00711234273385,Kobuk,14.64082
81320500040721,14.64082,0.7810600000000001,376.890571,115,205.2124307306903,Kobuk,14.661629999999999
81320500040731,14.703140000000001,0.7834500000000002,374.997802,116,205.4054412450467,Kobuk,14.703140000000001
81320500040741,14.661629999999999,0.7932549999999994,333.7912465,116,205.59888887440968,Kobuk,14.721319999999999
81320500040751,14.83538,0.8018999999999998,323.680695,111,205.81110525170382,Kobuk,14.7227
81320500040761,14.7227,0.8585000000000012,353.26296,107,206.00209998209667,Kobuk,14.73675
81320500040771,14.74941,0.8210799999999985,339.416116,115,206.18708082070015,Kobuk,14.74042
81320500040781,14.74042,0.7778000000000009,351.035818,105,206.39904275701653,Kobuk,14.74941
81320500040791,14.73675,0.7511299999999999,313.72280850000004,108,206.6149506514423,Kobuk,14.79242
81320500040801,14.79242,0.7270849999999998,345.8018115,112,206.81335872610663,Kobuk,14.83538
81320500040811,14.86066,0.7449600000000007,365.873303,107,207.0134839869899,Kobuk,14.86066
81320500040821,14.88096,0.7763,303.89417349999997,106,207.21162182866226,Kobuk,14.88096
81320500040831,14.995470000000001,0.7848949999999997,321.424514,96,207.4049873660954,Kobuk,14.96698
81320500040841,15.02652,0.7260000000000009,447.572406,101,207.60122639723883,Kobuk,14.971595
81320500040851,15.105175,0.762595000000001,499.96921299999997,100,207.80330503149244,Kobuk,14.9831
81320500040861,14.96698,0.8359100000000002,648.562915,107,208.0001654861555,Kobuk,14.98774
81320500040871,14.99813,0.8048600000000006,530.1932775,120,208.19672874768284,Kobuk,14.995470000000001
81320500040881,14.9831,0.8000600000000002,640.463261,119,208.39448070045245,Kobuk,14.99813
81320500040891,15.044104999999998,0.806849999999999,533.7641135,124,208.59368576516175,Kobuk,15.02652
81320500040901,14.971595,0.69726,569.1410145,120,208.79911694076014,Kobuk,15.032475000000002
81320500040911,15.10271,0.8024799999999992,488.948645,121,209.00425092235818,Kobuk,15.04185
81320500040921,15.04185,0.7813700000000008,479.309014,119,209.20457913911224,Kobuk,15.044104999999998
81320500050011,14.98774,0.7637599999999996,390.603408,97,209.3781010846161,Kobuk,15.084185
81320500050021,15.032475000000002,0.6278350000000019,432.25687849999997,108,209.56301841152725,Kobuk,15.10271
81320500050031,15.084185,0.6366350000000001,438.2177445,114,209.77549165451575,Kobuk,15.10486
81320500050041,15.18627,0.71617,396.516568,105,209.97831979258467,Kobuk,15.105175
81320500050051,15.33668,0.710659999999999,427.27078,107,210.16539229562545,Kobuk,15.18627
81320500050061,15.306149999999999,0.7548999999999992,410.533626,112,210.37034422443267,Kobuk,15.19052
81320500050071,15.19052,0.7106799999999991,526.2806785,118,210.570496885473,Kobuk,15.23521
81320500050081,15.25723,0.6816300000000002,362.58677650000004,116,210.76021850888964,Kobuk,15.25348
81320500050091,15.42131,0.7188199999999991,539.139603,123,210.97090125509138,Kobuk,15.25723
81320500050101,15.10486,0.6197400000000002,589.234038,117,211.1741355648394,Kobuk,15.27168
81320500050111,15.23521,0.69292,464.1581615,118,211.37565230370956,Kobuk,15.283275
81320500050121,15.27168,0.7669499999999996,425.318561,119,211.5895986288898,Kobuk,15.30519
81320500050131,15.30519,0.7438400000000005,463.147705,113,211.79052097760797,Kobuk,15.306149999999999
81320500050141,15.283275,0.72391,417.3534945,108,211.98073125456608,Kobuk,15.32069
81320500050151,15.25348,0.6677800000000005,379.929185,119,212.17830779949753,Kobuk,15.33357
81320500050161,15.32069,0.6671899999999997,473.289554,125,212.38917270140234,Kobuk,15.33668
81320500050171,15.37479,0.6611450000000012,428.858952,126,212.5918125254309,Kobuk,15.37479
81320500050181,15.58621,0.6272600000000015,452.492369,127,212.79039012446486,Kobuk,15.42131
81320500050191,15.33357,0.7165000000000017,551.753444,109,212.9869529796134,Kobuk,15.42232
81320500050201,15.42232,0.6931199999999995,431.96254150000004,108,213.18921308071253,Kobuk,15.434045
81320500050211,15.56177,0.7474000000000025,447.200441,119,213.3937850638115,Kobuk,15.4959
81320500050221,15.4959,0.6728300000000011,473.011226,117,213.58257481916422,Kobuk,15.49626
81320500050231,15.434045,0.6706499999999993,373.4869255,116,213.79229940626365,Kobuk,15.53394
81320500050241,15.53394,0.7163199999999996,482.81321,116,213.99025543680042,Kobuk,15.56177
81320500050251,15.582165,0.734915,397.2200705,110,214.17740113786573,Kobuk,15.582165
81320500050261,15.49626,0.7149000000000001,431.873839,109,214.3868188459389,Kobuk,15.58621
81320500050271,15.62091,0.7215350000000003,410.489612,126,214.59356075741408,Kobuk,15.62091
81320500050281,15.67656,0.6933500000000006,351.216676,121,214.79285459832968,Kobuk,15.672175
81320500050291,15.76447,0.7177749999999996,428.348003,124,215.0017202880187,Kobuk,15.67656
81320500050301,15.81241,0.6500449999999995,654.7654315,124,215.20409542603198,Kobuk,15.70562
81320500050311,15.747309999999999,0.611864999999999,653.0370805,126,215.40154956796107,Kobuk,15.72334
81320500050321,15.672175,0.6491550000000004,615.1267755,126,215.61036629856645,Kobuk,15.74386
81320500050331,15.70562,0.6347899999999989,452.700275,121,215.80794212922353,Kobuk,15.747309999999999
81320500050341,15.74386,0.5993999999999993,252.135617,125,216.0102844241384,Kobuk,15.76447
81320500050351,15.857975,0.6129350000000002,375.5489685,128,216.20975320242002,Kobuk,15.772210000000001
81320500050361,15.772210000000001,0.6062200000000013,339.223702,124,216.41067507935477,Kobuk,15.81241
81320500050371,15.72334,0.6526500000000013,358.341639,101,216.61040823415684,Kobuk,15.857975
81320500050381,15.87954,0.7577300000000005,281.5177065,90,216.80697069411812,Kobuk,15.87481
81320500050391,15.87481,0.6495999999999995,356.348848,111,217.01972772086833,Kobuk,15.87954
81320500050401,16.03059,0.7164599999999997,543.275795,133,217.209739405062,Kobuk,15.99175
81320500050411,16.009545,0.6771999999999991,496.8990165,130,217.39532239364843,Kobuk,16.009545
81320500050421,16.04158,0.7207299999999996,508.328482,121,217.61100504735367,Kobuk,16.03059
81320500050431,15.99175,0.7290700000000001,527.20806,97,217.81590156464557,Kobuk,16.04158
81320500050441,16.13481,0.725225,510.94228999999996,108,218.01163283169078,Kobuk,16.13481
81320500050451,16.24301,0.7832499999999989,460.31429,105,218.2221594250131,Kobuk,16.176434999999998
81320500050461,16.360115,0.623450000000001,385.5246955,98,218.4303653601887,Kobuk,16.1951
81320500050471,16.364069999999998,0.6000000000000005,416.012991,96,218.62339663020902,Kobuk,16.24301
81320500050481,16.2827,0.6223499999999991,402.224692,104,218.8124186537068,Kobuk,16.272005
81320500050491,16.176434999999998,0.6791099999999979,440.58842200000004,104,219.01894036938657,Kobuk,16.2827
81320500050501,16.1951,0.6680799999999998,422.049249,99,219.22374488047353,Kobuk,16.32118
81320500050511,16.272005,0.6338249999999999,516.954694,104,219.41555208363343,Kobuk,16.3395
81320500050521,16.32118,0.6400900000000007,551.3402635,104,219.62593711639505,Kobuk,16.360115
81320500050531,16.3395,0.5440900000000006,664.529788,105,219.8318197288227,Kobuk,16.364069999999998
81320500050541,16.406934999999997,0.4894750000000023,411.72389999999996,104,220.03118519691063,Kobuk,16.392780000000002
81320500050551,16.43577,0.5164099999999969,551.741324,105,220.22049455872067,Kobuk,16.406934999999997
81320500050561,16.42071,0.6482899999999994,367.092406,109,220.42068188560788,Kobuk,16.42071
81320500050571,16.42512,0.6457949999999997,467.7834045,104,220.6278702170345,Kobuk,16.42512
81320500050581,16.59269,0.6843500000000002,534.415875,87,220.81040265710308,Kobuk,16.43577
81320500050591,16.554765000000003,0.6239350000000012,465.66927899999996,96,221.00916017593138,Kobuk,16.46824
81320500050601,16.46824,0.5782699999999981,572.0027225,112,221.21730261280976,Kobuk,16.47345
81320500050611,16.55662,0.6134200000000014,615.563708,109,221.4250024473696,Kobuk,16.48256
81320500050621,16.392780000000002,0.5641599999999993,506.76286949999997,116,221.61959553338764,Kobuk,16.48438
81320500050631,16.48438,0.6798699999999975,358.567321,121,221.81663580322524,Kobuk,16.49104
81320500050641,16.47345,0.5985300000000002,302.507749,107,222.0383319165213,Kobuk,16.5301
81320500050651,16.5301,0.6829900000000002,363.375171,99,222.24351549663663,Kobuk,16.54765
81320500050661,16.49104,0.6824900000000014,360.654159,109,222.44366668942595,Kobuk,16.554765000000003
81320500050671,16.644765,0.605834999999999,479.283253,96,222.64210067286064,Kobuk,16.556224999999998
81320500050681,16.585304999999998,0.6803999999999997,455.983407,94,222.82434551224952,Kobuk,16.55662
81320500050691,16.48256,0.6516049999999991,319.43208649999997,98,223.04002765869345,Kobuk,16.585304999999998
81320500050701,16.556224999999998,0.7209199999999996,360.68010649999997,106,223.24884104153833,Kobuk,16.59269
81320500050711,16.54765,0.6748399999999997,269.319597,93,223.4434339428749,Kobuk,16.63461
81320500050721,16.63461,0.6975700000000025,311.461012,99,223.64518300018406,Kobuk,16.644765
81320500050731,16.730984999999997,0.659559999999999,264.9512225,98,223.84222306810042,Kobuk,16.730984999999997
81320500050741,16.754714999999997,0.7123449999999991,257.61300950000003,102,224.05304099044238,Kobuk,16.73883
81320500050751,16.75814,0.6878899999999994,291.733525,107,224.2738465535617,Kobuk,16.743380000000002
81320500060011,16.743380000000002,0.6970850000000013,269.2007055,108,224.47074477182585,Kobuk,16.754714999999997
81320500060021,16.73883,0.6595399999999998,229.888783,115,224.64679072022187,Kobuk,16.75814
81320500060031,16.79452,0.7072550000000017,294.51378250000005,118,224.83929598558294,Kobuk,16.784595
81320500060041,16.82214,0.7481000000000009,240.756005,105,225.05162459763022,Kobuk,16.79452
81320500060051,16.80099,0.7542500000000025,259.528552,107,225.26261535009755,Kobuk,16.80099
81320500060061,16.784595,0.7164999999999999,332.6981295,106,225.45378279239313,Kobuk,16.82214
81320500060071,17.01293,0.7103199999999994,354.706666,113,225.64409113533193,Kobuk,16.911825
81320500060081,16.98026,0.5970300000000002,404.84839,115,225.8389628501662,Kobuk,16.97011
81320500060091,16.97011,0.6324500000000022,331.737429,119,226.0384155119867,Kobuk,16.978360000000002
81320500060101,17.068725,0.6126100000000001,319.059976,122,226.24588664654726,Kobuk,16.98026
81320500060111,17.00891,0.5915999999999997,361.743402,121,226.45037044017394,Kobuk,16.99132
81320500060121,16.911825,0.75413,354.42357300000003,116,226.65517027817816,Kobuk,17.00704
81320500060131,17.01397,0.66845,386.982896,121,226.85052192472796,Kobuk,17.00891
81320500060141,17.051245,0.698324999999997,343.959266,120,227.0516044331076,Kobuk,17.01293
81320500060151,17.13274,0.6507449999999988,361.5210765,120,227.26273862701177,Kobuk,17.01397
81320500060161,17.07511,0.693719999999999,367.318659,119,227.4546498274314,Kobuk,17.051245
81320500060171,17.090925,0.7133350000000007,367.5303695,116,227.65352383082387,Kobuk,17.05552
81320500060181,16.99132,0.6622800000000026,393.268084,117,227.8602590091689,Kobuk,17.06478
81320500060191,17.097614999999998,0.7294549999999997,403.0211255,112,228.05950893796123,Kobuk,17.06525
81320500060201,17.00704,0.7168799999999997,394.310327,111,228.25586058145885,Kobuk,17.068725
81320500060211,16.978360000000002,0.7176899999999993,388.8259855,112,228.45579063931027,Kobuk,17.07511
81320500060221,17.06478,0.7417400000000001,387.457581,113,228.65306975601948,Kobuk,17.090925
81320500060231,17.09605,0.7459300000000013,448.560797,119,228.85164669124748,Kobuk,17.09605
81320500060241,17.129765,0.6670099999999994,485.83741299999997,126,229.05964334581938,Kobuk,17.097614999999998
81320500060251,17.05552,0.7001399999999975,479.70018,119,229.2569564090452,Kobuk,17.10369
81320500060261,17.20182,0.6253600000000006,424.762846,121,229.43649711586664,Kobuk,17.11848
81320500060271,17.11848,0.6134800000000027,355.21885,125,229.62749064147087,Kobuk,17.129765
81320500060281,17.173164999999997,0.5926399999999976,343.5942665,124,229.84203071163822,Kobuk,17.129765
81320500060291,17.06525,0.6637100000000018,367.032878,127,230.04311331626323,Kobuk,17.173164999999997
81320500060301,17.10369,0.7165600000000012,333.309627,122,230.2476302802567,Kobuk,17.20182
81320500060311,17.204255,0.7427599999999988,367.2426555,116,230.4469956658639,Kobuk,17.204255
81320500060321,17.30685,0.7686899999999994,335.522047,109,230.64120947182371,Kobuk,17.28492
81320500060331,17.28492,0.7473299999999998,310.9736445,114,230.85024718840762,Kobuk,17.30685
81320500060341,17.387435,0.8002800000000008,367.87460599999997,122,231.04610531677787,Kobuk,17.35675
81320500060351,17.43486,0.7443300000000015,356.84414,135,231.24587078612683,Kobuk,17.38338
81320500060361,17.38338,0.7407900000000005,381.287292,125,231.45892456851388,Kobuk,17.385075
81320500060371,17.462474999999998,0.7302850000000003,371.7836855,116,231.6575340844541,Kobuk,17.387435
81320500060381,17.385075,0.7575749999999992,343.1978735,108,231.8559346889421,Kobuk,17.43486
81320500060391,17.46047,0.7779899999999991,397.837853,113,232.05519983827614,Kobuk,17.45544
81320500060401,17.35675,0.7313900000000011,392.232747,117,232.25017218087814,Kobuk,17.46047
81320500060411,17.45544,0.7573800000000013,502.237794,113,232.44208944066975,Kobuk,17.462474999999998
81320500060421,17.50573,0.7436100000000003,549.455902,121,232.63706175702237,Kobuk,17.50573
81320500060431,17.52142,0.7158000000000015,544.639471,125,232.84253272828366,Kobuk,17.52142
81320500060441,17.60803,0.7479300000000002,388.054611,111,233.04762437490325,Kobuk,17.60264
81320500060451,17.64414,0.6848400000000012,408.513498,115,233.24873445109722,Kobuk,17.60803
81320500060461,17.91388,0.6034799999999976,419.863319,105,233.4536851438093,Kobuk,17.63922
81320500060471,17.71229,0.5585200000000015,488.43408,121,233.65374760928853,Kobuk,17.64414
81320500060481,17.60264,0.7072800000000008,428.239125,109,233.85030945821146,Kobuk,17.68442
81320500060491,17.63922,0.77895,415.786673,96,234.04746562992457,Kobuk,17.71229
81320500060501,17.78975,0.7323599999999999,327.392449,103,234.25155743720248,Kobuk,17.722805
81320500060511,17.812695,0.6662450000000018,503.33452,124,234.44865370256608,Kobuk,17.78975
81320500060521,17.80119,0.6449399999999983,483.975448,135,234.64362577349445,Kobuk,17.79893
81320500060531,17.79893,0.6722200000000011,574.9809425000001,128,234.84470795556484,Kobuk,17.80119
81320500060541,17.722805,0.6915600000000008,486.9791375,130,235.0423557417203,Kobuk,17.812695
81320500060551,17.68442,0.605719999999998,473.916562,117,235.25517810553774,Kobuk,17.82345
81320500060561,17.82345,0.6199000000000012,435.701969,137,235.44416652007166,Kobuk,17.854525
81320500060571,17.89015,0.6076449999999998,351.817535,126,235.63338998318403,Kobuk,17.86434
81320500060581,17.86434,0.6368000000000009,404.410014,101,235.8355261903086,Kobuk,17.89015
81320500060591,17.98324,0.6387299999999989,308.475582,95,236.04146953875076,Kobuk,17.89015
81320500060601,17.89328,0.6586700000000008,319.017043,97,236.2425515573005,Kobuk,17.89328
81320500060611,18.00161,0.7438499999999983,300.871499,85,236.4436335477125,Kobuk,17.897095
81320500060621,17.897095,0.7271750000000008,336.1046385,92,236.64471551502004,Kobuk,17.90676
81320500060631,17.854525,0.6580399999999997,324.64591099999996,98,236.84579745421672,Kobuk,17.907404999999997
81320500060641,17.90676,0.7225200000000012,375.9990785,92,237.04516218758337,Kobuk,17.95295
81320500060651,17.95295,0.6088500000000003,322.456655,99,237.24796125646225,Kobuk,17.98324
81320500060661,18.019655,0.7009100000000004,378.0644515,92,237.45419466599054,Kobuk,18.00161
81320500060671,17.907404999999997,0.6707099999999997,339.1059155,98,237.6535593193237,Kobuk,18.0183
81320500060681,18.04065,0.6157000000000004,402.312015,89,237.85992051375175,Kobuk,18.019655
81320500060691,18.0183,0.603860000000001,378.881464,91,238.05567845645322,Kobuk,18.04065
81320500060701,18.057904999999998,0.6573299999999982,399.8726425,90,238.2444667739206,Kobuk,18.057904999999998
81320500060711,18.123784999999998,0.5982149999999979,369.58457050000004,100,238.44277832892863,Kobuk,18.123784999999998
81320500060721,18.1809,0.6447800000000008,347.4168005,106,238.65375101544842,Kobuk,18.16254
81320500060731,18.30409,0.59375,379.656076,97,238.85001504623642,Kobuk,18.16254
81320500060741,18.280124999999998,0.652829999999998,386.987866,114,239.04746773606476,Kobuk,18.1809
81320500060751,18.331764999999997,0.6573950000000011,417.28254549999997,124,239.25962901110975,Kobuk,18.1809
81320500060761,18.296355,0.6730400000000003,405.7976175,96,239.47350778268756,Kobuk,18.1809
81320500070011,18.31951,0.6689899999999973,579.84216,99,239.6617015364566,Kobuk,18.19321
81320500070021,18.334789999999998,0.638795,431.91628449999996,110,239.85220713420705,Kobuk,18.19321
81320500070031,18.457075,0.6663899999999998,451.470094,98,240.06508469725586,Kobuk,18.19321
81320500070041,18.26596,0.621970000000001,429.728478,97,240.26094174262414,Kobuk,18.19321
81320500070051,18.287095,0.63049,356.7591645,96,240.45278512818228,Kobuk,18.19321
81320500070061,18.549825,0.7028049999999997,332.37920699999995,90,240.64768389291032,Kobuk,18.26596
81320500070071,18.28667,0.5812300000000015,304.69468,71,240.8479341294179,Kobuk,18.26596
81320500070081,18.16254,0.5886199999999988,312.595107,53,241.0459603723141,Kobuk,18.26596
81320500070091,18.00421,0.5111299999999996,281.46684600000003,56,241.24436588707937,Kobuk,18.279135
81320500070101,18.327939999999998,0.5757300000000001,315.831042,60,241.44938861835817,Kobuk,18.26596
81320500070111,18.109450000000002,0.5610399999999984,470.9421315,66,241.63996679492993,Kobuk,18.19321
81320500070121,17.96482,0.4286500000000011,415.370035,71,241.85116284575577,Kobuk,18.19321
81320500070131,18.19321,0.5828149999999983,466.860835,88,242.06629965857906,Kobuk,18.19321
81320500070141,18.112524999999998,0.5787399999999998,435.5190505,76,242.26576657889734,Kobuk,18.19321
81320500070151,18.11128,0.4559999999999995,483.338256,85,242.46292161960298,Kobuk,18.19321
81320500070161,18.08408,0.4792500000000004,405.509712,75,242.6638416477759,Kobuk,18.19321
81320500070171,18.152755,0.5174950000000003,518.7731005,90,242.86007772633764,Kobuk,18.19321
81320500070181,18.279135,0.5564649999999993,489.10837100000003,94,243.0533316115039,Kobuk,18.19321
81320500070191,18.15514,0.5213499999999982,460.770624,89,243.2610300351609,Kobuk,18.19321
81320500070201,18.191495,0.5031949999999998,452.501552,84,243.4629976757795,Kobuk,18.19321
81320500070211,18.2989,0.5300699999999985,461.7833995,92,243.66496533186375,Kobuk,18.279135
81320500070221,18.14905,0.5208900000000014,453.131154,83,243.85382635298768,Kobuk,18.2989
81320500070231,18.15082,0.5116599999999991,333.092423,79,244.05223449671226,Kobuk,18.2989
81320500070241,18.489420000000003,0.6180499999999984,380.27399249999996,74,244.2653800777203,Kobuk,18.47862
81320500070251,18.581485,0.57911,365.8946475,70,244.46897857574245,Kobuk,18.489420000000003
81320500070261,18.47862,0.47885000000000133,416.490853,71,244.66655304240757,Kobuk,18.581485
81320500070271,18.66547,0.5602399999999985,412.877563,82,244.86966989409243,Kobuk,18.66547
81320500070281,18.6946,0.5553999999999988,410.197477,83,245.08183088974928,Kobuk,18.6946
81320500070291,18.751330000000003,0.5636650000000003,490.2728975,94,245.27984488031473,Kobuk,18.751330000000003
81320500070301,18.87348,0.6149300000000011,448.424866,111,245.4723492431232,Kobuk,18.87348
81320500070311,18.972725,0.6171050000000005,493.2832925,114,245.66913300130784,Kobuk,18.972725
81320500070321,19.08601,0.6182549999999978,396.83108200000004,116,245.87403144359996,Kobuk,19.08601
81320500070331,19.17269,0.5801400000000001,497.051918,112,246.07722674918756,Kobuk,19.16827
81320500070341,19.16827,0.6593699999999991,389.814433,111,246.28128474881473,Kobuk,19.17269
81320500070351,19.19517,0.5800199999999975,428.439654,111,246.48190765388952,Kobuk,19.19517
81320500070361,19.2224,0.575289999999999,460.078631,111,246.66868070373837,Kobuk,19.2224
81320500070371,19.29694,0.72973,437.76486750000004,96,246.87448888216147,Kobuk,19.26406
81320500070381,19.34237,0.8171999999999997,432.622591,89,247.09038185478408,Kobuk,19.29694
81320500070391,19.36065,0.7349099999999993,493.94454,89,247.28723963449346,Kobuk,19.34058
81320500070401,19.44491,0.6667750000000012,442.79483200000004,92,247.4852860660034,Kobuk,19.34237
81320500070411,19.4455,0.7418499999999995,539.19135,89,247.68184660354862,Kobuk,19.34237
81320500070421,19.49592,0.6898800000000023,444.617327,95,247.87781275844313,Kobuk,19.36065
81320500070431,19.3666,0.7804700000000011,540.909652,97,248.08937896119673,Kobuk,19.3666
81320500070441,19.26406,0.7687500000000007,600.848119,97,248.28564221747067,Kobuk,19.389650000000003
81320500070451,19.44338,0.7725000000000009,457.800844,93,248.48339129541915,Kobuk,19.395985000000003
81320500070461,19.404335,0.7583399999999987,475.7067455,94,248.68318779194036,Kobuk,19.40251
81320500070471,19.4102,0.7070900000000009,402.283722,97,248.88298424901427,Kobuk,19.404335
81320500070481,19.45796,0.7591399999999986,428.719251,87,249.0844981985979,Kobuk,19.40453
81320500070491,19.40885,0.7101700000000015,375.888606,99,249.28601210833503,Kobuk,19.40885
81320500070501,19.34058,0.6599000000000004,387.705369,97,249.49995540975954,Kobuk,19.40885
81320500070511,19.40453,0.6661300000000026,433.268855,97,249.6980014394187,Kobuk,19.4102
81320500070521,19.395985000000003,0.7284199999999998,359.3291165,98,249.8945615705169,Kobuk,19.44338
81320500070531,19.26506,0.6626699999999985,421.833029,89,250.0908244953898,Kobuk,19.44338
81320500070541,19.389650000000003,0.7372500000000031,423.89054,84,250.2876817231518,Kobuk,19.44338
81320500070551,19.40251,0.6489699999999985,460.260444,95,250.49984178942464,Kobuk,19.44338
81320500070561,19.48789,0.7071050000000003,516.6571175,98,250.70046391350596,Kobuk,19.45796
81320500070571,19.55536,0.721309999999999,408.807038,95,250.9036950342301,Kobuk,19.48789
81320500070581,19.61598,0.6975000000000016,458.656558,103,251.1034583191754,Kobuk,19.55536
81320500070591,19.62612,0.6469999999999985,370.129691,97,251.2997210110545,Kobuk,19.55697
81320500070601,19.55697,0.7170699999999997,393.791192,99,251.49743677092545,Kobuk,19.59772
81320500070611,19.644685000000003,0.6563400000000001,342.30471850000004,98,251.7116112765286,Kobuk,19.59772
81320500080011,19.27671,0.654670000000003,430.563481,99,251.92522414991544,Kobuk,19.61598
81320500080021,19.704905,0.8380399999999995,385.63009999999997,94,252.11363127609894,Kobuk,19.61598
81320500080031,19.68509,0.7859100000000012,343.511251,87,252.30375588981792,Kobuk,19.62612
81320500080041,19.77267,0.7952999999999975,359.395413,83,252.4908250796367,Kobuk,19.63515
81320500080051,19.64339,0.7347199999999994,357.664959,91,252.69625246137886,Kobuk,19.64339
81320500080061,19.78397,0.6991350000000001,354.0848665,76,252.90779057888233,Kobuk,19.644685000000003
81320500080071,19.59772,0.6547499999999999,413.906807,85,253.09225747629287,Kobuk,19.64533
81320500080081,19.64533,0.6323400000000028,355.088495,95,253.27917593187627,Kobuk,19.653165
81320500080091,19.66882,0.6011999999999986,295.168123,91,253.49142104083654,Kobuk,19.65377
81320500080101,19.73268,0.6982300000000023,334.004451,89,253.68677010129687,Kobuk,19.65691
81320500080111,19.65377,0.5829100000000018,315.660841,93,253.8824065451174,Kobuk,19.66323
81320500080121,19.54763,0.6352999999999973,336.24739,99,254.09821813384653,Kobuk,19.66882
81320500080131,19.66323,0.7128399999999999,364.133821,89,254.28841559684213,Kobuk,19.68509
81320500080141,19.610515,0.6707549999999998,407.8273835,86,254.47068564189178,Kobuk,19.704905
81320500080151,19.63515,0.6445049999999988,392.9195255,80,254.67045509206665,Kobuk,19.72534
81320500080161,19.75636,0.7024000000000008,397.875844,81,254.8710832630396,Kobuk,19.73268
81320500080171,19.653165,0.6269899999999993,320.8268465,96,255.08214184995563,Kobuk,19.73268
81320500080181,19.8824,0.6427350000000001,339.49667999999997,100,255.28641281174004,Kobuk,19.75636
81320500080191,19.85693,0.6243199999999991,333.070249,100,255.4829718810747,Kobuk,19.75636
81320500080201,19.72534,0.6287500000000001,332.588987,105,255.69305068702258,Kobuk,19.85693
81320500080211,19.65691,0.7017349999999993,341.65529000000004,96,255.89162435671014,Kobuk,19.874215
81320500080221,19.874215,0.7529149999999998,309.93964,80,256.0766782108762,Kobuk,19.8824
81320500080231,19.98883,0.7805999999999997,283.628564,89,256.27789357095565,Kobuk,19.98883
81320500080241,20.054945,0.7461299999999991,292.1378515,94,256.48589646544906,Kobuk,20.054945
81320500080251,20.15989,0.8110999999999997,275.037386,103,256.67859653251304,Kobuk,20.15989
81320500080261,20.281365,0.9064099999999993,300.11937550000005,98,256.86995869843776,Kobuk,20.20594
81320500080271,20.38758,0.8148799999999987,289.521585,97,257.07375015938806,Kobuk,20.21207
81320500080281,20.387175,0.7638099999999994,254.333473,100,257.278499785452,Kobuk,20.239865
81320500080291,20.287015,0.7450150000000004,279.6747365,114,257.4727972927695,Kobuk,20.281365
81320500080301,20.21207,0.7042199999999994,381.984118,127,257.6757723173004,Kobuk,20.287015
81320500080311,20.3688,0.7830900000000014,508.230457,131,257.86853624270384,Kobuk,20.308680000000003
81320500080321,20.308680000000003,0.7620550000000019,421.384752,120,258.0687840944241,Kobuk,20.32971
81320500080331,20.32971,0.770900000000001,382.762869,131,258.28117984245114,Kobuk,20.3688
81320500080341,20.39855,0.7437550000000002,381.155122,128,258.4718648783731,Kobuk,20.387175
81320500080351,20.239865,0.6435900000000014,409.61826099999996,128,258.6594945037106,Kobuk,20.38758
81320500080361,20.39546,0.7867550000000012,301.69482,118,258.85133538237784,Kobuk,20.39546
81320500080371,20.20594,0.7134300000000007,304.531246,112,259.0519623185761,Kobuk,20.39855
81320500080381,20.40547,0.7478200000000008,276.050796,111,259.25832029691185,Kobuk,20.40547
81320500080391,20.54016,0.7646799999999985,273.202509,115,259.4629610762975,Kobuk,20.500515
81320500080401,20.623559999999998,0.7443999999999971,267.7492025,118,259.6613639520799,Kobuk,20.54016
81320500080411,20.500515,0.7420349999999996,283.9671505,122,259.85352892909555,Kobuk,20.573880000000003
81320500080421,20.57996,0.7731500000000011,295.905637,125,260.05819144634444,Kobuk,20.57996
81320500080431,20.573880000000003,0.7461900000000039,297.84745799999996,134,260.2648585041577,Kobuk,20.61917
81320500080441,20.6707,0.6933199999999999,269.734474,131,260.46564511197164,Kobuk,20.623559999999998
81320500080451,20.701385000000002,0.6553449999999987,289.718729,132,260.65316564770393,Kobuk,20.634315
81320500080461,20.651705,0.6323350000000012,292.155127,138,260.84030686607684,Kobuk,20.651705
81320500080471,20.61917,0.6199699999999986,317.167361,149,261.0436095382774,Kobuk,20.6707
81320500080481,20.634315,0.6700050000000015,243.2707555,148,261.2516843460499,Kobuk,20.701385000000002
81320500080491,20.79257,0.55349,239.315442,141,261.4508574612394,Kobuk,20.79257
81320500080501,20.921795,0.5617400000000004,284.2623145,140,261.6545328762026,Kobuk,20.809645000000003
81320500080511,20.869325,0.6155150000000003,289.791741,130,261.85008972974515,Kobuk,20.869325
81320500080521,20.809645000000003,0.6244249999999969,197.5434485,122,262.0411442479613,Kobuk,20.921795
81320500080531,20.99864,0.5973500000000023,294.97765549999997,124,262.2526532641658,Kobuk,20.99864
81320500080541,21.150190000000002,0.6654399999999985,373.600784,122,262.4684452011734,Kobuk,21.103355
81320700010011,21.103355,0.6132150000000003,233.576628,130,262.66367267804054,Kobuk,21.11414
81320700010021,21.11414,0.6385799999999993,207.98959200000002,132,262.85490820512575,Kobuk,21.119255
81320700010031,21.119255,0.5947250000000022,267.0893645,120,263.0580218737317,Kobuk,21.150190000000002
81320700010041,21.239305,0.7243799999999982,278.78058599999997,114,263.25597218117065,Kobuk,21.2016
81320700010051,21.213185000000003,0.652825,311.63620000000003,122,263.4545618599404,Kobuk,21.213185000000003
81320700010061,21.300745,0.6346550000000022,301.7177215,116,263.6463646785463,Kobuk,21.22139
81320700010071,21.22139,0.7167600000000007,247.035704,109,263.85760361617236,Kobuk,21.239305
81320700010081,21.33303,0.7184699999999999,299.494422,109,264.06024023018614,Kobuk,21.25337
81320700010091,21.336625,0.7693199999999987,291.8423765,110,264.25019000775933,Kobuk,21.28195
81320700010101,21.25337,0.6876999999999995,302.166363,115,264.45959390302613,Kobuk,21.28886
81320700010111,21.28195,0.723390000000002,309.632806,115,264.6679746820614,Kobuk,21.290664999999997
81320700010121,21.290664999999997,0.7910100000000018,311.9076715,118,264.86271839822155,Kobuk,21.300745
81320700010131,21.2016,0.7333700000000007,350.294177,127,265.05545750911807,Kobuk,21.31425
81320700010141,21.31425,0.7097650000000009,642.822669,132,265.2693394062284,Kobuk,21.33303
81320700010151,21.49095,0.75,323.261155,109,265.48009855315655,Kobuk,21.336625
81320700010161,21.365434999999998,0.7094949999999987,316.7322855,136,265.6697148320069,Kobuk,21.365434999999998
81320700010171,21.415055,0.7232650000000014,378.191288,126,265.8707924673241,Kobuk,21.36641
81320700010181,21.36734,0.6971500000000006,443.192106,135,266.07931348205443,Kobuk,21.36734
81320700010191,21.28886,0.7137400000000014,337.228947,141,266.2863045657746,Kobuk,21.415055
81320700010201,21.36641,0.6650399999999976,361.361389,139,266.4867379221038,Kobuk,21.488374999999998
81320700010211,21.52499,0.7101299999999995,376.087906,139,266.6732104258366,Kobuk,21.49095
81320700010221,21.488374999999998,0.6720049999999969,400.921178,130,266.87233969907885,Kobuk,21.52499
81320700010231,21.549835,0.648715000000001,377.976519,118,267.08315264672416,Kobuk,21.549835
81320700010241,21.72578,0.6097799999999989,315.391787,120,267.2858620007172,Kobuk,21.61207
81320700010251,21.66168,0.6380099999999977,350.181745,123,267.47750077929214,Kobuk,21.66168
81320700010261,21.707729999999998,0.5419449999999966,363.74857199999997,114,267.67590537226175,Kobuk,21.707729999999998
81320700010271,21.76021,0.6145400000000016,321.327207,119,267.8817398424518,Kobuk,21.72578
81320700010281,21.61207,0.6766249999999996,281.0372265,128,268.0756571159043,Kobuk,21.736040000000003
81320700010291,21.736040000000003,0.5657250000000005,295.41955199999995,130,268.2794061287162,Kobuk,21.76021
81320700010301,21.80275,0.4915200000000013,238.041137,131,268.49864988058425,Kobuk,21.76105
81320700010311,21.81807,0.5228900000000003,285.299984,133,268.7023308893547,Kobuk,21.781080000000003
81320700010321,21.84381,0.5261899999999997,266.314047,129,268.9044035091102,Kobuk,21.80275
81320700010331,21.846539999999997,0.5808649999999993,308.2213165,142,269.1033055476923,Kobuk,21.81807
81320700010341,21.781080000000003,0.6453350000000029,314.5660115,134,269.2899602629963,Kobuk,21.826425
81320700010351,21.86636,0.6939099999999989,321.757106,133,269.48290861190327,Kobuk,21.8384
81320700010361,21.931,0.6410100000000014,322.571434,131,269.68337852295434,Kobuk,21.84381
81320700010371,21.826425,0.7365499999999994,333.41294500000004,116,269.887793892174,Kobuk,21.846539999999997
81320700010381,21.99917,0.7128750000000004,289.4512135,108,270.1039043970065,Kobuk,21.86636
81320700010391,21.76105,0.7326100000000011,315.709452,123,270.30861979784805,Kobuk,21.931
81320700010401,21.8384,0.6346249999999998,237.39462650000002,124,270.5077860225852,Kobuk,21.99917
81320700010411,22.11014,0.5856700000000004,216.871135,109,270.717419291885,Kobuk,22.0676
81320700010421,22.154505,0.5285849999999996,177.3464765,112,270.924015251554,Kobuk,22.11014
81320700010431,22.11298,0.6307000000000009,260.079309,113,271.12014407460094,Kobuk,22.11014
81320700010441,22.0676,0.5592199999999998,584.872464,117,271.3092160207532,Kobuk,22.11298
81320700010451,22.153215000000003,0.6696799999999996,292.195389,126,271.51054171571866,Kobuk,22.11648
81320700010461,22.16141,0.6531599999999997,215.8814125,122,271.7222586329221,Kobuk,22.153215000000003
81320700010471,22.11648,0.6444499999999991,260.32153,123,271.92210720285084,Kobuk,22.154505
81320700010481,22.18002,0.7126999999999999,264.5534565,114,272.12501114458615,Kobuk,22.16141
81320700010491,22.588749999999997,0.7413100000000004,281.26932899999997,64,272.3362493679331,Kobuk,22.18002
81320700010501,22.40197,1.0884450000000019,230.22644250000002,48,272.5268177842983,Kobuk,22.253619999999998
81320700010511,22.49303,0.67333,200.256138,71,272.72598381889344,Kobuk,22.253619999999998
81320700010521,22.32254,0.6772300000000016,237.895386,87,272.92690009697594,Kobuk,22.28685
81320700010531,22.39115,0.816510000000001,203.517629,81,273.1258017000128,Kobuk,22.28685
81320700010541,22.43132,1.069980000000001,252.358459,37,273.3333898967019,Kobuk,22.31565
81320700010551,22.01527,0.5794099999999993,277.49761,43,273.5397465673276,Kobuk,22.31565
81320700010561,22.31565,0.7219100000000012,293.63167,81,273.7356725684872,Kobuk,22.32254
81320700010571,22.253619999999998,0.8041849999999968,271.7987845,76,273.92468964227896,Kobuk,22.34084
81320700010581,22.45846,0.7378050000000016,301.0444375,82,274.1363574351529,Kobuk,22.34752
81320700010591,22.46546,0.8236650000000001,330.39941350000004,88,274.33609711848123,Kobuk,22.34752
81320700010601,22.56318,0.7405399999999993,225.112133,89,274.53672325785175,Kobuk,22.35773
81320700010611,22.427305,0.8264450000000014,180.21362399999998,100,274.74863816593194,Kobuk,22.39115
81320700010621,22.34084,0.7327000000000012,248.246722,105,274.94122109867305,Kobuk,22.39115
81320700010631,22.2339,0.709500000000002,193.687614,91,275.156697944555,Kobuk,22.39115
81320700020011,22.28685,0.7056600000000017,288.3454155,90,275.35497269519465,Kobuk,22.39115
81320700020021,22.19539,0.7420399999999994,237.829461,87,275.5321708408737,Kobuk,22.427305
81320700020031,22.44701,0.7660799999999988,225.485383,79,275.72952193241713,Kobuk,22.43132
81320700020041,22.292785000000002,0.6714199999999995,150.2058295,90,275.9384221924543,Kobuk,22.44701
81320700020051,22.45063,0.7604399999999991,142.378845,99,276.1436280268373,Kobuk,22.45063
81320700020061,22.35773,0.6714300000000009,174.688726,107,276.33039765028366,Kobuk,22.45846
81320700020071,22.34752,0.6255649999999999,194.62035,104,276.5298670119431,Kobuk,22.46546
81320700020081,22.32956,0.6393100000000018,217.067763,99,276.7326888446538,Kobuk,22.499775
81320700020091,22.52453,0.7374349999999978,210.2556465,92,276.9352400713452,Kobuk,22.52453
81320700020101,22.499775,0.7061650000000004,165.23789399999998,78,277.12616914231916,Kobuk,22.52453
81320700020111,22.565154999999997,0.7400000000000002,151.2720995,88,277.31884816057254,Kobuk,22.565154999999997
81320700020121,22.84637,0.6246299999999998,257.035089,95,277.5353965378329,Kobuk,22.67228
81320700020131,22.84797,0.6320000000000014,290.879785,105,277.73429794237524,Kobuk,22.683405
81320700020141,22.67228,0.6914649999999991,367.478068,100,277.9231486520029,Kobuk,22.711385
81320700020151,22.683405,0.694305,398.61765449999996,96,278.1174443274256,Kobuk,22.71323
81320700020161,22.85006,0.64269,396.175695,92,278.3159090272653,Kobuk,22.737285
81320700020171,22.711385,0.5974950000000003,383.012452,82,278.52375836752196,Kobuk,22.782580000000003
81320700020181,22.737285,0.6163950000000007,343.7645625,86,278.73834803241994,Kobuk,22.795900000000003
81320700020191,22.71323,0.5609900000000003,345.99415,81,278.93985823817906,Kobuk,22.79889
81320700020201,22.81017,0.5435200000000009,365.94997,81,279.13961814074537,Kobuk,22.80133
81320700020211,22.782580000000003,0.575845000000001,360.157115,80,279.3427733851551,Kobuk,22.81017
81320700020221,22.79889,0.5162800000000001,374.351472,80,279.5262389314613,Kobuk,22.82472
81320700020231,22.87192,0.5749899999999997,355.019693,87,279.7237812642971,Kobuk,22.84637
81320700020241,22.80133,0.6058649999999997,341.9305595,76,279.93029682571137,Kobuk,22.84797
81320700020251,22.795900000000003,0.5707999999999984,353.430081,82,280.12191637264874,Kobuk,22.85006
81320700020261,23.08285,0.49650000000000105,385.661301,77,280.32309635388486,Kobuk,22.87192
81320700020271,22.82472,0.6100600000000007,360.593077,95,280.5346581030067,Kobuk,22.91377
81320700020281,23.02613,0.7446799999999989,312.84756,101,280.7377375087132,Kobuk,22.9859
81320700020291,23.14437,0.7599250000000008,343.182327,94,280.9312939022115,Kobuk,23.02613
81320700020301,23.05886,0.6771999999999991,363.093001,97,281.12618815978703,Kobuk,23.035865
81320700020311,23.09649,0.7058099999999996,393.680989,97,281.3215615356242,Kobuk,23.05886
81320700020321,23.11487,0.7637800000000006,374.115987,95,281.5246737669272,Kobuk,23.08285
81320700020331,22.91377,0.7334999999999994,407.13239,75,281.7238719194177,Kobuk,23.08285
81320700020341,23.035865,0.6443349999999999,364.830262,84,281.9265050510921,Kobuk,23.08285
81320700020351,22.9859,0.6708800000000004,377.072367,87,282.12738792782824,Kobuk,23.09649
81320700020361,23.23489,0.7881600000000013,370.141943,75,282.3135625336922,Kobuk,23.10843
81320700020371,23.305925000000002,0.7850650000000012,358.838966,66,282.5111324812028,Kobuk,23.11487
81320700020381,23.125175,0.6676699999999993,366.28162599999996,74,282.71529182620577,Kobuk,23.125175
81320700020391,23.243785,0.6577850000000005,336.174875,78,282.90977906763203,Kobuk,23.14437
81320700020401,23.19809,0.6383699999999983,375.814983,75,283.08129617458275,Kobuk,23.177315
81320700020411,23.26336,0.6022499999999997,215.649816,74,283.29533267643586,Kobuk,23.18716
81320700020421,23.18716,0.5870700000000006,293.480603,73,283.5254526596897,Kobuk,23.1955
81320700020431,23.177315,0.5971649999999986,278.9911065,76,283.7165151201499,Kobuk,23.19809
81320700020441,23.10843,0.6065949999999987,256.772056,78,283.9194123696839,Kobuk,23.21423
81320700020451,23.045695000000002,0.6033400000000029,285.01985249999996,76,284.116232849578,Kobuk,23.23489
81320700020461,22.998375000000003,0.5944049999999965,223.4809775,78,284.3145063462143,Kobuk,23.243785
81320700020471,23.21423,0.633189999999999,235.611098,81,284.5106224533172,Kobuk,23.26336
81320700020481,23.1955,0.6590299999999978,247.702744,75,284.6911445733464,Kobuk,23.305925000000002
81320700020491,23.3261,0.6670100000000012,228.845934,85,284.89832629288617,Kobuk,23.3261
81320700020501,23.633560000000003,0.6329350000000016,306.4233135,96,285.1055349477251,Kobuk,23.51349
81320700020511,23.715085000000002,0.46100999999999814,344.787464,104,285.2978524230049,Kobuk,23.61161
81320700020521,23.6724,0.5621749999999999,332.68150249999997,110,285.5041526810077,Kobuk,23.62846
81320700020531,23.61161,0.6900750000000002,378.7598565,106,285.6975423778659,Kobuk,23.633560000000003
81320700020541,23.67639,0.7497799999999977,322.147489,103,285.91058269903147,Kobuk,23.66364
81320700030011,23.62846,0.7080350000000006,431.58494199999996,96,286.12610289956893,Kobuk,23.6724
81320700030021,23.66364,0.7048000000000023,349.887401,89,286.31495902198657,Kobuk,23.67639
81320700030031,23.51349,0.5937300000000008,342.871643,97,286.5038151211866,Kobuk,23.715085000000002
81320700030041,23.81711,0.6893849999999997,374.3676845,116,286.6911747381773,Kobuk,23.80167
81320700030051,23.812510000000003,0.6687600000000007,352.445249,120,286.89164062761347,Kobuk,23.812510000000003
81320700030061,24.016824999999997,0.6652450000000023,366.381225,120,287.0936029267173,Kobuk,23.81711
81320700030071,23.97971,0.585169999999998,380.079598,127,287.2928894945707,Kobuk,23.92569
81320700030081,24.089865,0.5669749999999993,393.011552,112,287.49961764504025,Kobuk,23.92569
81320700030091,24.19019,0.6305999999999976,453.420609,105,287.6967346238304,Kobuk,23.94389
81320700030101,23.80167,0.7271099999999997,392.46133,73,287.8819015188434,Kobuk,23.95686
81320700030111,24.169415,0.5115449999999999,341.199477,106,288.0827029967237,Kobuk,23.97971
81320700030121,24.13748,0.571885,346.800674,108,288.2933641692357,Kobuk,24.016824999999997
81320700030131,24.187145,0.6075700000000008,298.6231555,108,288.49408772650287,Kobuk,24.01839
81320700030141,24.2659,0.6014800000000022,320.952398,109,288.67984881026507,Kobuk,24.089865
81320700030151,24.28817,0.5628299999999982,247.87987,117,288.88043330040375,Kobuk,24.13748
81320700030161,24.25476,0.5917649999999988,257.762747,100,289.0778557893459,Kobuk,24.13748
81320700030171,24.01839,0.6825100000000006,269.071715,76,289.2738267424384,Kobuk,24.146115
81320700030181,23.92569,0.6881199999999996,299.9135,84,289.47929618222173,Kobuk,24.16175
81320700030191,23.95686,0.7462599999999995,298.1696855,72,289.6722525681397,Kobuk,24.16175
81320700030201,23.925649999999997,0.6429149999999968,279.96031800000003,86,289.8747694148923,Kobuk,24.169415
81320700030211,23.94389,0.5949600000000004,408.885873,87,290.0710276852247,Kobuk,24.169415
81320700030221,24.16175,0.5825099999999992,330.680589,89,290.27105090221943,Kobuk,24.16175
81320700030231,24.20622,0.6185000000000009,370.150019,93,290.47483905773925,Kobuk,24.16175
81320700030241,24.395654999999998,0.6486049999999981,367.3180845,100,290.66951459773156,Kobuk,24.146115
81320700030251,24.31161,0.6241500000000002,376.851179,105,290.87155190501227,Kobuk,24.146115
81320700030261,24.383805000000002,0.7624449999999978,367.6778345,104,291.0691168663707,Kobuk,24.140815
81320700030271,24.20439,0.7059200000000008,356.5020095,88,291.2578997961408,Kobuk,24.12611
81320700030281,24.12611,0.7312700000000003,345.9795835,82,291.4593762988458,Kobuk,24.12016
81320700030291,24.146115,0.7827950000000001,404.945885,66,291.662455063953,Kobuk,24.12016
81320700030301,24.39934,0.849619999999998,348.141634,65,291.8513828677944,Kobuk,24.12611
81320700030311,24.098934999999997,0.7068499999999975,339.6546445,70,292.04440765302945,Kobuk,24.140815
81320700030321,24.22729,0.7590800000000009,382.561678,71,292.23886211936485,Kobuk,24.146115
81320700030331,24.087094999999998,0.6978950000000008,334.784441,64,292.43935878085665,Kobuk,24.16175
81320700030341,24.12016,0.7661099999999976,353.337757,63,292.6543268536763,Kobuk,24.17504
81320700030351,23.928240000000002,0.5285250000000019,398.6102955,68,292.86184709071205,Kobuk,24.20439
81320700030361,24.140815,0.6400799999999993,366.905896,72,293.04840658894096,Kobuk,24.20439
81320700030371,23.975900000000003,0.4670500000000022,337.779837,72,293.234079622875,Kobuk,24.20439
81320700030381,24.011074999999998,0.5316749999999999,321.4331055,68,293.43225547682124,Kobuk,24.20439
81320700030391,24.07054,0.582530000000002,281.9951415,66,293.6451682899452,Kobuk,24.20439
81320700030401,23.829765000000002,0.3758150000000011,369.9963195,62,293.8388648485382,Kobuk,24.218735
81320700030411,24.23187,0.652474999999999,278.47863900000004,60,294.0358982788842,Kobuk,24.22729
81320700030421,24.17504,0.6010199999999983,334.191653,64,294.23926574239636,Kobuk,24.23187
81320700030431,24.36626,0.6506399999999992,138.255415,65,294.42713863039154,Kobuk,24.23187
81320700030441,24.218735,0.5229850000000003,117.5657215,68,294.62617648719845,Kobuk,24.351095
81320700030451,24.53972,0.6234499999999983,111.658221,63,294.8336386484745,Kobuk,24.36626
81320700030461,24.905675000000002,0.7978699999999996,145.05958049999998,52,295.0403663790361,Kobuk,24.4144
81320700030471,24.4144,0.7551950000000005,80.8412415,50,295.2393549446559,Kobuk,24.52522
81320700030481,24.351095,0.5711500000000012,109.12341699999999,62,295.4243784663633,Kobuk,24.53972
81320700030491,24.52522,0.7276199999999982,115.817196,67,295.61870290719344,Kobuk,24.55215
81320700030501,24.78494,0.7596600000000002,159.821566,57,295.81775637508156,Kobuk,24.5888
81320700030511,24.71394,0.6590500000000006,147.522576,51,296.02195293067354,Kobuk,24.66125
81320700030521,24.5888,0.6840399999999995,153.238192,59,296.23087699403544,Kobuk,24.69356
81320700030531,24.73349,0.6372399999999985,132.873485,57,296.4243843017105,Kobuk,24.71394
81320700030541,24.763894999999998,0.6441599999999976,125.14286150000001,62,296.6377024099039,Kobuk,24.73349
81320700040011,24.81724,0.6319100000000013,179.815641,69,296.83151691318903,Kobuk,24.763894999999998
81320700040021,24.55215,0.5537400000000012,687.862264,74,297.01136674781685,Kobuk,24.78463
81320700040031,24.78463,0.6330149999999986,408.6149105,76,297.22006826177596,Kobuk,24.78494
81320700040041,24.96136,0.6851900000000022,337.346968,75,297.42657314941823,Kobuk,24.79164
81320700040051,24.92217,0.6455100000000016,409.267904,75,297.61097553399367,Kobuk,24.79164
81320700040061,24.79164,0.6206299999999985,401.639051,65,297.80182404027374,Kobuk,24.80002
81320700040071,24.86159,0.5755400000000002,402.080497,71,298.0071760145223,Kobuk,24.81724
81320700040081,24.80002,0.5311800000000009,347.9025565,74,298.2168758289223,Kobuk,24.86159
81320700040091,24.66125,0.461549999999999,385.568927,65,298.41707975456734,Kobuk,24.891199999999998
81320700040101,24.69356,0.5210800000000013,325.000646,70,298.61508704651453,Kobuk,24.92217
81320700040111,24.891199999999998,0.615730000000001,307.223514,64,298.8157032444898,Kobuk,24.92217
81320700040121,24.93905,0.6657050000000009,335.1686015,68,299.0024700263121,Kobuk,24.93905
81320700040131,25.106115000000003,0.6819350000000011,341.4018195,70,299.18931491796707,Kobuk,24.96136
81320700040141,25.08766,0.6630499999999984,353.780392,75,299.3887309495838,Kobuk,25.001354999999997
81320700040151,25.07924,0.6098150000000011,320.150105,82,299.6094814264929,Kobuk,25.02407
81320700040161,25.02407,0.6721700000000013,351.54788,77,299.8170663638355,Kobuk,25.02407
81320700040171,25.001354999999997,0.6166349999999969,417.251196,72,300.0057323742162,Kobuk,25.05067
81320700040181,25.05067,0.5664200000000008,355.351367,55,300.2120125969998,Kobuk,25.07924
81320700040191,25.31586,0.7098049999999994,309.3485905,62,300.4160962726668,Kobuk,25.081654999999998
81320700040201,25.29724,0.7318800000000003,293.374406,59,300.6031600880878,Kobuk,25.08766
81320700040211,25.413335,0.6829699999999992,325.285741,62,300.7932792198159,Kobuk,25.106115000000003
81320700040221,25.33583,0.6007999999999996,367.819642,69,301.0030939121644,Kobuk,25.13159
81320700040231,24.920565,0.4431650000000005,352.177628,60,301.21290862620657,Kobuk,25.13901
81320700040241,25.13159,0.5717700000000008,328.602031,61,301.41448974454914,Kobuk,25.1496
81320700040251,25.229985,0.5353649999999988,359.490586,64,301.61473306019576,Kobuk,25.203035
81320700040261,25.081654999999998,0.4315649999999973,359.883234,60,301.8052319472809,Kobuk,25.208385
81320700040271,25.242935000000003,0.6090200000000028,228.49550950000003,70,301.9966890373148,Kobuk,25.229985
81320700040281,24.88142,0.3835000000000015,408.686809,69,302.1912691591807,Kobuk,25.242935000000003
81320700040291,25.27825,0.6308900000000008,382.519898,83,302.39062209090747,Kobuk,25.27825
81320700040301,25.208385,0.5580949999999998,370.6855165,80,302.59869291012177,Kobuk,25.29724
81320700040311,25.376515,0.653360000000001,408.090526,68,302.80322936057104,Kobuk,25.30469
81320700040321,25.13901,0.4715699999999998,392.104758,71,303.00299377070974,Kobuk,25.30469
81320700040331,25.203035,0.5566849999999999,348.10670700000003,68,303.2089682711058,Kobuk,25.33583
81320700040341,25.38612,0.6471499999999981,355.099072,68,303.4070152611814,Kobuk,25.33583
81320700040351,25.1496,0.48629999999999995,265.52437499999996,60,303.59665564048936,Kobuk,25.376515
81320700040361,25.30469,0.5500499999999988,235.826319,63,303.79753644039783,Kobuk,25.38612
81320700040371,25.39124,0.48695999999999984,267.697581,71,304.0006138204529,Kobuk,25.39124
81320700040381,25.56421,0.6584099999999999,215.5204895,74,304.20369121458566,Kobuk,25.43114
81320700040391,25.6373,0.6288300000000007,228.624095,79,304.3999484412975,Kobuk,25.56421
81320700040401,25.613545,0.6205549999999995,253.168591,78,304.58466809368076,Kobuk,25.613545
81320700040411,25.75521,0.523810000000001,219.565452,73,304.7855489133575,Kobuk,25.61778
81320700040421,25.84237,0.5985300000000002,194.967565,65,304.99942036059934,Kobuk,25.6373
81320700040431,25.61778,0.6372549999999997,228.435905,68,305.20003676576783,Kobuk,25.75521
81320700040441,25.43114,0.43406000000000056,283.508921,64,305.386985742056,Kobuk,25.77603
81320700040451,25.78222,0.6557100000000027,204.881259,75,305.58633103672923,Kobuk,25.78222
81320700040461,25.77603,0.6169900000000013,226.372427,77,305.78493282972863,Kobuk,25.84237
81320700040471,25.84639,0.5927000000000007,224.7166915,76,305.9852848585189,Kobuk,25.84639
81320700040481,25.903195,0.5859950000000005,274.21239049999997,76,306.1856368872188,Kobuk,25.903195
81320700040491,25.93418,0.5946099999999994,246.303089,73,306.3769702643622,Kobuk,25.93418
81320700040501,26.005969999999998,0.6368000000000009,158.9847685,76,306.58574840756904,Kobuk,25.94191
81320700040511,26.01254,0.65273,152.3576865,74,306.78910144411395,Kobuk,25.97075
81320700040521,26.08493,0.6587700000000005,133.729896,73,306.98942057311467,Kobuk,26.005969999999998
81320700040531,25.94191,0.6354849999999992,136.06078,78,307.18256175956265,Kobuk,26.01254
81320700040541,26.14221,0.7352100000000021,133.911464,71,307.3917269946508,Kobuk,26.02202
81320700050011,26.12059,0.7978200000000015,223.737427,65,307.59105019392393,Kobuk,26.08493
81320700050021,26.02202,0.6342399999999984,221.488609,81,307.77867571546943,Kobuk,26.10347
81320700050031,26.10347,0.6290200000000006,241.44895400000001,74,307.9836183039364,Kobuk,26.12059
81320700050041,26.186545000000002,0.7042850000000005,194.0660365,72,308.18539037635963,Kobuk,26.14221
81320700050051,26.14298,0.7481999999999989,220.4855315,66,308.3839591717736,Kobuk,26.14298
81320700050061,26.186355,0.7089549999999996,232.5723485,68,308.5747454772008,Kobuk,26.148915000000002
81320700050071,26.26426,0.7681900000000006,221.650449,63,308.78095554810545,Kobuk,26.1499
81320700050081,25.97075,0.6626999999999974,275.070463,61,308.9776310078934,Kobuk,26.186355
81320700050091,26.148915000000002,0.7137799999999981,291.982836,64,309.16294464933435,Kobuk,26.186545000000002
81320700050101,26.39927,0.5961800000000004,551.092,74,309.35656093764044,Kobuk,26.24559
81320700050111,26.24559,0.6652749999999994,311.03825600000005,70,309.5572459660939,Kobuk,26.26426
81320700050121,26.27445,0.6088000000000005,343.304719,76,309.7614027648985,Kobuk,26.27445
81320700050131,26.39811,0.6473900000000015,269.318492,75,309.9737227921887,Kobuk,26.304924999999997
81320700050141,26.399825,0.6856600000000004,302.014925,72,310.17255730199327,Kobuk,26.350630000000002
81320700050151,26.304924999999997,0.6889749999999975,234.38778200000002,76,310.36494561136703,Kobuk,26.39811
81320700050161,26.1499,0.5775100000000002,268.042088,81,310.5607950685904,Kobuk,26.39927
81320700050171,26.350630000000002,0.6702300000000001,239.5132265,76,310.75909894221354,Kobuk,26.399825
81320700050181,26.406135,0.6814300000000006,231.89827350000002,68,310.96351334598836,Kobuk,26.402855000000002
81320700050191,26.42227,0.6947899999999976,250.974067,71,311.16193917925887,Kobuk,26.406135
81320700050201,26.402855000000002,0.7015550000000026,246.5629945,62,311.3559445175229,Kobuk,26.42227
81320700050211,26.53871,0.6425700000000028,255.556939,75,311.5594020285434,Kobuk,26.49199
81320700050221,26.55677,0.65747,296.023416,83,311.7637455581329,Kobuk,26.53871
81320700050231,26.49199,0.6758299999999977,312.361772,85,311.95424372396513,Kobuk,26.54055
81320700050241,26.57305,0.7200199999999981,275.65737950000005,82,312.1568737064575,Kobuk,26.55677
81320700050251,26.54055,0.7702200000000019,353.559418,77,312.35663031534335,Kobuk,26.57253
81320700050261,26.57253,0.7012,371.861591,83,312.5486481913465,Kobuk,26.57305
81320700050271,26.65547,0.7466100000000004,411.555212,75,312.74294076344034,Kobuk,26.59367
81320700050281,26.656914999999998,0.6869050000000012,310.1831635,78,312.9420053461778,Kobuk,26.64168
81320700050291,26.64168,0.6498499999999989,403.86275950000004,78,313.139732072683,Kobuk,26.65547
81320700050301,26.78369,0.5949000000000009,353.78298,80,313.33914727744934,Kobuk,26.656914999999998
81320700050311,26.8329,0.6197900000000018,366.71064,79,313.5453390046344,Kobuk,26.743345
81320700050321,26.808975,0.5440450000000006,334.98051999999996,82,313.75176573977586,Kobuk,26.78369
81320700050331,26.81052,0.52468,395.574373,81,313.9524662736749,Kobuk,26.78369
81320700050341,26.840725,0.5920749999999995,361.9785905,78,314.14389494679295,Kobuk,26.808975
81320700050351,26.59367,0.5142400000000009,361.154286,63,314.34194054733456,Kobuk,26.81052
81320700050361,26.82529,0.5558099999999975,394.01574,81,314.53902790961854,Kobuk,26.82529
81320700050371,26.99231,0.5888899999999992,423.994273,55,314.7428132469576,Kobuk,26.8329
81320700050381,27.199089999999998,0.5471900000000005,370.9444785,76,314.9437251695466,Kobuk,26.840725
81320700050391,26.993209999999998,0.5686749999999989,337.9245795,74,315.1371190031068,Kobuk,26.99231
81320700050401,26.743345,0.38174499999999867,350.0511775,76,315.33251779553086,Kobuk,26.993209999999998
81320700050411,27.04573,0.6505700000000001,296.8398635,72,315.5344670895576,Kobuk,27.04573
81320700050421,27.11692,0.6207699999999985,369.07041000000004,74,315.7348904269453,Kobuk,27.11692
81320700050431,27.25137,0.6230899999999995,298.812288,76,315.9368427834812,Kobuk,27.11692
81320700050441,27.240499999999997,0.5537049999999972,391.27996199999995,90,316.1386132015982,Kobuk,27.135460000000002
81320700050451,26.782020000000003,0.4432750000000034,360.12304,82,316.34201858151994,Kobuk,27.14376
81320700050461,27.16159,0.6228200000000008,302.34369,81,316.5470261720044,Kobuk,27.16159
81320700050471,27.218045,0.5960050000000017,313.937548,88,316.7333790184147,Kobuk,27.166339999999998
81320700050481,27.24594,0.5968700000000027,216.100392,89,316.93283759591003,Kobuk,27.199089999999998
81320700050491,27.28118,0.6125800000000012,337.4362555,90,317.13140468440884,Kobuk,27.218045
81320700050501,27.135460000000002,0.5212750000000028,218.119721,76,317.32795715254866,Kobuk,27.240499999999997
81320700050511,27.28954,0.5970099999999974,252.843417,77,317.5312472557484,Kobuk,27.24594
81320700050521,27.28874,0.5815199999999976,324.336426,81,317.72527894708224,Kobuk,27.25137
81320700050531,27.166339999999998,0.4510949999999987,266.18025,86,317.9307814264919,Kobuk,27.274365
81320700050541,27.14376,0.3980800000000002,259.094547,81,318.1490100302609,Kobuk,27.28118
81320700060011,27.065935,0.3323999999999998,253.667913,78,318.3490302524285,Kobuk,27.28874
81320700060021,27.313665,0.5224499999999992,256.223621,84,318.5299833537491,Kobuk,27.28954
81320700060031,27.52329,0.6215299999999999,245.257932,81,318.7300035780603,Kobuk,27.313665
81320700060041,27.43796,0.6066900000000004,308.67307,83,318.9316604835154,Kobuk,27.33419
81320700060051,27.427675,0.49075500000000005,327.60065299999997,86,319.12200652246685,Kobuk,27.3726
81320700060061,27.33419,0.5117699999999985,270.174332,89,319.3279954890814,Kobuk,27.39002
81320700060071,27.434635,0.535499999999999,278.1728925,86,319.5368797478728,Kobuk,27.40612
81320700060081,27.53318,0.589699999999997,247.856458,77,319.7388387551969,Kobuk,27.427675
81320700060091,27.39002,0.5218749999999996,235.218637,74,319.9310375598471,Kobuk,27.434635
81320700060101,27.3726,0.5439999999999969,219.012579,77,320.12758979096606,Kobuk,27.43796
81320700060111,27.274365,0.4269199999999991,262.4593355,76,320.32731246399595,Kobuk,27.502265
81320700060121,27.40612,0.4547700000000017,270.343326,96,320.5339703889217,Kobuk,27.52329
81320700060131,27.62493,0.5534149999999993,310.02925100000004,102,320.7445422476804,Kobuk,27.53318
81320700060141,27.70393,0.612919999999999,320.073612,95,320.9320569874352,Kobuk,27.62493
81320700060151,27.770795,0.5413949999999996,335.324036,110,321.1156303560866,Kobuk,27.665399999999998
81320700060161,27.665399999999998,0.5281899999999986,366.5344645,118,321.3238582617414,Kobuk,27.70393
81320700060171,27.502265,0.3958050000000011,463.74708499999997,108,321.5360951388741,Kobuk,27.770795
81320700060181,27.77873,0.5762800000000006,282.628901,101,321.73655930650676,Kobuk,27.77873
81320700060191,27.81386,0.5798149999999982,321.48212750000005,96,321.9307748463105,Kobuk,27.81386
81320700060201,27.88202,0.555810000000001,271.566116,97,322.1330413830536,Kobuk,27.856630000000003
81320700060211,27.90284,0.5262300000000018,308.418162,91,322.3358303372594,Kobuk,27.88202
81320700060221,27.905295,0.5161800000000003,298.0833795,116,322.53213012909146,Kobuk,27.90284
81320700060231,27.856630000000003,0.41374500000000225,352.08908199999996,106,322.73370863125433,Kobuk,27.905295
81320700060241,28.015405,0.554610000000002,315.961418,94,322.93696491611416,Kobuk,27.96873
81320700060251,28.07917,0.5148299999999999,319.678267,93,323.1352337456836,Kobuk,27.9697
81320700060261,28.18016,0.5109899999999996,292.2166105,92,323.3234181551415,Kobuk,28.015405
81320700060271,28.304735,0.5305499999999999,253.722915,90,323.5223207663759,Kobuk,28.042095
81320700060281,28.23067,0.4680800000000005,239.153937,97,323.7243462769305,Kobuk,28.04519
81320700060291,28.175845000000002,0.45592500000000236,215.26378499999998,108,323.93546395568325,Kobuk,28.05125
81320700060301,27.9697,0.34661999999999793,259.155316,95,324.1399910003505,Kobuk,28.05714
81320700060311,28.05125,0.3948199999999993,217.078926,99,324.33915100990595,Kobuk,28.07917
81320700060321,27.96873,0.3508999999999993,270.607907,79,324.53656081723915,Kobuk,28.07917
81320700060331,28.11814,0.4558,216.905524,83,324.73836369294975,Kobuk,28.11814
81320700060341,28.19457,0.5469549999999987,262.0457765,92,324.93800929813005,Kobuk,28.12839
81320700060351,28.269565,0.48690999999999995,257.27596600000004,96,325.13198374067184,Kobuk,28.175845000000002
81320700060361,28.190330000000003,0.48863000000000056,261.9581895,108,325.3381734151609,Kobuk,28.18016
81320700060371,28.19524,0.4609799999999993,265.630338,102,325.53090644192963,Kobuk,28.190330000000003
81320700060381,28.12839,0.3623200000000004,232.68787450000002,108,325.7312318949824,Kobuk,28.19457
81320700060391,28.042095,0.35270500000000027,236.223862,98,325.93493007167274,Kobuk,28.19524
81320700060401,28.04519,0.39317000000000135,280.184239,75,326.1305889514562,Kobuk,28.19524
81320700060411,28.05714,0.3925200000000011,274.084096,73,326.33232292422815,Kobuk,28.19524
81320700060421,28.373515,0.5360200000000024,245.387391,80,326.5367958536207,Kobuk,28.269565
81320700060431,28.27257,0.5002600000000008,135.571865,75,326.7428307745418,Kobuk,28.27257
81320700060441,28.07814,0.380135000000001,242.2672265,78,326.9452681182856,Kobuk,28.28879
81320700060451,28.28879,0.496929999999999,286.4752965,90,327.1336409491076,Kobuk,28.3036
81320700060461,28.3036,0.47420999999999935,272.938124,87,327.32994091461865,Kobuk,28.32389
81320700060471,28.32389,0.4224250000000005,261.745164,84,327.5384882595724,Kobuk,28.373515
81320700060481,28.53098,0.4734599999999993,302.109418,81,327.73192067893063,Kobuk,28.44949
81320700060491,28.535135,0.49293999999999905,255.60331100000002,106,327.9353766257735,Kobuk,28.53098
81320700060501,28.44949,0.4126399999999997,318.445983,107,328.13644882886007,Kobuk,28.535135
81320700060511,28.61731,0.5394199999999998,318.159918,121,328.33222660519976,Kobuk,28.54596
81320700060521,28.54596,0.4687599999999996,308.759721,114,328.536238309692,Kobuk,28.61731
81320700060531,28.6621,0.4837999999999987,302.695117,101,328.74557185343326,Kobuk,28.63702
81320700060541,28.74839,0.5526599999999995,266.78656,113,328.95270887666044,Kobuk,28.6621
81320700060551,28.751455,0.52956,251.359312,102,329.15418171250917,Kobuk,28.74839
81320700060561,28.76017,0.5327799999999989,264.572539,103,329.3521868940247,Kobuk,28.751455
81320700060571,28.63702,0.37303,218.114142,95,329.5436092866962,Kobuk,28.76017
81320700060581,28.81993,0.47907999999999973,242.565815,105,329.7378225247266,Kobuk,28.81993
81320700060591,28.84853,0.5904000000000007,277.1445935,102,329.9287611137488,Kobuk,28.84853
81320700060601,28.85805,0.5642000000000014,214.6894615,102,330.1403603942489,Kobuk,28.85805
81320700060611,28.93705,0.6359600000000007,207.972424,97,330.3493056324527,Kobuk,28.87768
81320700060621,28.913584999999998,0.5840949999999978,189.239172,96,330.5495071473001,Kobuk,28.88185
81320700060631,28.931359999999998,0.5628699999999984,172.755269,94,330.7678841731405,Kobuk,28.913584999999998
81320700070011,28.87768,0.614379999999997,141.220986,81,330.9558730507477,Kobuk,28.917495000000002
81320700070021,28.9186,0.57925,155.84242,90,331.1455516381278,Kobuk,28.9186
81320700070031,28.88185,0.6015250000000005,215.264762,76,331.35877107498294,Kobuk,28.931359999999998
81320700070041,29.067574999999998,0.686239999999998,278.598837,104,331.5507873273009,Kobuk,28.93705
81320700070051,28.917495000000002,0.5625800000000023,259.462675,92,331.7487920120361,Kobuk,29.04276
81320700070061,29.04276,0.608015,290.9202475,98,331.94593796439773,Kobuk,29.067574999999998
81320700070071,29.14494,0.6573249999999984,259.7857375,98,332.1442397947227,Kobuk,29.122265
81320700070081,29.122265,0.5813800000000011,234.5985665,96,332.34713240022336,Kobuk,29.14494
81320700070091,29.274305,0.6316600000000001,212.5380455,94,332.5455562754943,Kobuk,29.203465
81320700070101,29.2181,0.6824200000000005,257.706259,93,332.7425227598674,Kobuk,29.2181
81320700070111,29.203465,0.5866749999999996,280.6492395,96,332.93182186950264,Kobuk,29.25266
81320700070121,29.27324,0.5658400000000015,214.541004,109,333.13959794804134,Kobuk,29.27324
81320700070131,29.25266,0.49741000000000213,271.562356,107,333.34539642694494,Kobuk,29.274305
81320700070141,29.39193,0.5969800000000021,269.810286,107,333.5434008081551,Kobuk,29.32582
81320700070151,29.34531,0.638340000000003,295.3087,101,333.73440962874525,Kobuk,29.34531
81320700070161,29.32582,0.5885399999999983,350.537193,105,333.91616508802184,Kobuk,29.39193
81320700070171,29.53374,0.6309599999999982,366.010202,111,334.1103277145122,Kobuk,29.47217
81320700070181,29.47217,0.6192899999999995,304.69837,107,334.31549991637036,Kobuk,29.51982
81320700070191,29.53408,0.5572599999999994,314.020688,119,334.5288123193266,Kobuk,29.53374
81320700070201,29.51982,0.5388300000000008,352.066194,121,334.73381831911973,Kobuk,29.53408
81320700070211,29.54141,0.508300000000002,281.493137,111,334.922190414154,Kobuk,29.54141
81320700070221,29.6049,0.5711100000000009,225.179087,115,335.1124142767405,Kobuk,29.595554999999997
81320700070231,29.595554999999997,0.5770000000000017,296.4308845,112,335.3173583253208,Kobuk,29.6049
81320700070241,29.73694,0.5600699999999996,401.074629,111,335.51795681320317,Kobuk,29.73694
81320700070251,29.74666,0.6424599999999998,380.386899,111,335.71254830967644,Kobuk,29.74666
81320700070261,29.8589,0.6468299999999978,428.3151755,106,335.9152641684792,Kobuk,29.8589
81320700070271,30.15626,0.681280000000001,343.02069,89,336.11060452623184,Kobuk,30.082985
81320700070281,30.17423,0.624369999999999,516.394651,93,336.3080979875454,Kobuk,30.11424
81320700070291,30.59773,0.6687600000000007,129.8752585,46,336.5214817148105,Kobuk,30.13642
81320700070301,30.79967,0.7147199999999998,337.271085,39,336.71148188531487,Kobuk,30.15626
81320700070311,30.7136,0.7452199999999998,132.948993,39,336.91196317362454,Kobuk,30.17423
81320700070321,30.11424,0.6309500000000021,256.666848,71,337.12190659151526,Kobuk,30.19913
81320700070331,30.223145000000002,0.6207399999999996,246.004173,86,337.3111364802224,Kobuk,30.223145000000002
81320700070341,30.082985,0.5677649999999996,328.67864499999996,90,337.5104170132941,Kobuk,30.244954999999997
81320700070351,30.13642,0.593790000000002,154.783811,67,337.70747364306277,Kobuk,30.31979
81320700070361,30.31979,0.55199,371.533262,95,337.8961966082605,Kobuk,30.371125
81320700070371,30.244954999999997,0.5120749999999976,490.9413885,114,338.0926500899319,Kobuk,30.37114
81320700070381,30.19913,0.5166399999999989,335.328592,107,338.29082060968176,Kobuk,30.444920000000003
81320700070391,30.371125,0.5182549999999999,229.58002599999998,118,338.49933395593274,Kobuk,30.46325
81320700070401,30.37114,0.4920100000000005,228.733754,115,338.7058951093058,Kobuk,30.463700000000003
81320700070411,30.5034,0.519425,265.54655249999996,106,338.9110890808213,Kobuk,30.496119999999998
81320700070421,30.463700000000003,0.5514750000000035,266.29116,108,339.11278059301947,Kobuk,30.496119999999998
81320700070431,30.46325,0.584699999999998,241.172687,105,339.31137769264996,Kobuk,30.496119999999998
81320700070441,30.496119999999998,0.5671749999999971,299.02657650000003,100,339.51593601553907,Kobuk,30.496119999999998
81320700070451,30.59505,0.5892300000000006,296.1321185,104,339.70211035486267,Kobuk,30.5034
81320700070461,30.444920000000003,0.568695,233.508724,98,339.90288826136623,Kobuk,30.553330000000003
81320700070471,30.553330000000003,0.536265000000002,255.521077,104,340.10567060881635,Kobuk,30.584015
81320700070481,30.584015,0.5242250000000013,222.2530525,104,340.2933425312093,Kobuk,30.59505
81320700070491,30.59723,0.49385999999999974,192.06053450000002,106,340.4961292118302,Kobuk,30.59723
81320700070501,30.655445,0.5347400000000011,181.42449549999998,78,340.70858758372356,Kobuk,30.655445
81320700070511,30.740745,0.59239,308.9344845,90,340.8982959726284,Kobuk,30.69164
81320700070521,30.750815,0.5497800000000019,250.280128,92,341.0941413952472,Kobuk,30.701525
81320700070531,30.69164,0.5373300000000008,348.075092,105,341.296057655612,Kobuk,30.736365
81320700070541,30.736365,0.5516349999999992,300.26885949999996,98,341.4920126304918,Kobuk,30.740745
81320700070551,30.701525,0.48991000000000007,396.09147299999995,98,341.69060926019756,Kobuk,30.750815
81320700070561,30.77804,0.4599499999999992,381.454612,97,341.89095608691076,Kobuk,30.77804
81320700070571,30.82626,0.4741699999999973,280.112529,95,342.1051191827885,Kobuk,30.82626
81320700070581,30.9321,0.48958499999999816,329.1542475,90,342.3039802348142,Kobuk,30.84059
81320700070591,30.84059,0.4716399999999972,360.174118,83,342.5025768923902,Kobuk,30.9321
81320700070601,31.17809,0.584970000000002,316.418631,77,342.69912622101504,Kobuk,31.13561
81320700070611,31.1602,0.4648600000000016,300.371144,79,342.8959727071737,Kobuk,31.14962
81320700070621,31.13561,0.4930799999999991,288.1033725,90,343.10041541920407,Kobuk,31.1602
81320700070631,31.14962,0.518024999999998,301.8614515,96,343.28926504794737,Kobuk,31.17809
81320700070641,31.26521,0.49405000000000143,308.555825,97,343.48428801598504,Kobuk,31.23976
81320700070651,31.39369,0.5627500000000012,268.1966985,94,343.69527965579,Kobuk,31.26521
81320700070661,31.23976,0.5308099999999989,266.716857,103,343.89540768093957,Kobuk,31.26958
81320700070671,31.30812,0.5956399999999995,233.263687,95,344.0948628055675,Kobuk,31.28928
81320700070681,31.52411,0.5302350000000011,238.19577299999997,88,344.29633244310406,Kobuk,31.30812
81320700070691,31.26958,0.5502400000000023,249.529976,89,344.480789060873,Kobuk,31.32057
81320700070701,31.33144,0.5486600000000017,163.006723,85,344.66877991808406,Kobuk,31.33144
81320700070711,31.40558,0.5284449999999996,194.4937745,94,344.8742692297021,Kobuk,31.34623
81320700070721,31.32057,0.54861,178.526192,87,345.0832927915217,Kobuk,31.35519
81320700070731,31.34623,0.5758499999999991,175.865483,75,345.28133413870097,Kobuk,31.39369
81320700070741,31.28928,0.5174099999999981,160.60422,73,345.4699951285142,Kobuk,31.40558
81320700070751,31.35519,0.5399700000000003,327.698189,75,345.6725050894539,Kobuk,31.51698
81320700070761,31.52277,0.6030050000000013,212.01808699999998,72,345.8800023882207,Kobuk,31.52277
81320700070771,31.54275,0.5661900000000024,174.301174,71,346.07938154423766,Kobuk,31.52411
81320700070781,31.51698,0.6237099999999991,210.306139,77,346.279619445412,Kobuk,31.53355
81320700070791,31.53355,0.5727100000000007,181.996274,77,346.48432601664683,Kobuk,31.54275
81320700070801,31.5719,0.48293999999999926,192.031475,85,346.68087482325114,Kobuk,31.5719
81320700070811,31.57457,0.5379049999999985,171.008782,90,346.8785794957679,Kobuk,31.57457
81320700070821,31.65131,0.5702399999999983,267.080806,91,347.079857383268,Kobuk,31.644849999999998
81320700070831,31.71149,0.562759999999999,232.784352,90,347.26854792240505,Kobuk,31.65131
81320700070841,31.6881,0.5345349999999982,208.7792015,86,347.47157606816586,Kobuk,31.6881
81320700070851,31.72046,0.560179999999999,260.448897,83,347.6744983529779,Kobuk,31.694925
81320700070861,31.72027,0.5383499999999994,250.2447445,76,347.86241573068753,Kobuk,31.71149
81320700070871,31.644849999999998,0.4865549999999992,178.6654795,76,348.06667565163747,Kobuk,31.72027
81320700070881,31.694925,0.48338000000000036,226.795971,78,348.2731320031743,Kobuk,31.72046
81320700070891,31.803975,0.492894999999999,176.6016245,76,348.4545328584131,Kobuk,31.803975
81320700070901,31.92501,0.5048200000000005,191.3347865,82,348.6446194975813,Kobuk,31.92501
81320700070911,32.01522,0.528929999999999,173.470607,83,348.84888715559117,Kobuk,31.943795
81320700070921,31.943795,0.49219000000000257,250.38183400000003,78,349.05586495152636,Kobuk,32.01522
81320700070931,32.12072,0.5992399999999982,238.182284,75,349.2785670768989,Kobuk,32.12072
81320700080011,32.12908,0.5380450000000003,299.5959525,90,349.48201900178157,Kobuk,32.12908
81320700080021,32.434079999999994,0.6814799999999988,305.184729,108,349.66513693656367,Kobuk,32.31334
81320700080031,32.498580000000004,0.5442699999999991,506.885113,106,349.85197637994827,Kobuk,32.32076
81320700080041,32.324754999999996,0.43860500000000613,380.2916325,86,350.04566022848206,Kobuk,32.324754999999996
81320700080051,32.35521,0.3893899999999988,283.794977,97,350.24382853578845,Kobuk,32.35521
81320700080061,32.31334,0.5329049999999995,338.71894399999996,94,350.4517647307232,Kobuk,32.434079999999994
81320700080071,32.32076,0.4058299999999999,563.224605,88,350.6676554511608,Kobuk,32.498580000000004
81320700080081,32.84198,0.46865999999999985,248.428071,125,350.8674127931538,Kobuk,32.52643
81320700080091,32.87301,0.4425200000000018,266.877694,99,351.05444356815997,Kobuk,32.79978
81320700080101,32.52643,0.4121899999999954,303.390841,95,351.25789893286804,Kobuk,32.84198
81320700080111,32.79978,0.40565999999999747,373.053637,97,351.4600773593525,Kobuk,32.87301
81320700080121,32.92831,0.4564400000000006,389.987744,101,351.65807774531567,Kobuk,32.92831
81320700080131,33.04723,0.4096499999999992,1160.015302,103,351.8547361414693,Kobuk,33.04723
81320700080141,33.29521,0.5203900000000026,419.85767250000004,128,352.04086520442644,Kobuk,33.29521
81320700080151,33.557024999999996,0.4392050000000012,224.4899165,108,352.25191096643704,Kobuk,33.480959999999996
81320700080161,33.61704,0.6400500000000022,257.352874,85,352.4629566979456,Kobuk,33.557024999999996
81320700080171,33.480959999999996,0.5384499999999974,262.078451,94,352.6521777563259,Kobuk,33.56103
81320700080181,33.60355,0.4441550000000021,267.304525,110,352.85017790465974,Kobuk,33.60355
81320700080191,33.618894999999995,0.483460000000008,264.96677450000004,118,353.05134847015967,Kobuk,33.61704
81320700080201,33.56103,0.4734899999999982,280.94917,125,353.2434424116061,Kobuk,33.618894999999995
81320700080211,33.664155,0.5369649999999986,242.2635325,114,353.44668680909473,Kobuk,33.664155
81320700080221,33.7882,0.47277500000000217,273.543671,106,353.6481002343504,Kobuk,33.70401
81320700080231,33.83934,0.48541999999999774,225.619339,101,353.85049455128996,Kobuk,33.74105
81320700080241,33.78531,0.5669149999999981,318.89111349999996,110,354.0527055100753,Kobuk,33.77193
81320700080251,33.77193,0.5413999999999959,292.033986,117,354.2507464644867,Kobuk,33.78531
81320700080261,33.70401,0.5159999999999982,339.657023,119,354.44286540302454,Kobuk,33.7882
81320700080271,33.74105,0.4969600000000014,240.261617,117,354.6391603521005,Kobuk,33.79932
81320700080281,33.79932,0.565455,202.668989,110,354.84118122721793,Kobuk,33.83934
81320700080291,33.98889,0.5174100000000053,217.732794,111,355.03623367739056,Kobuk,33.96144
81320700080301,33.96239,0.5012499999999989,162.839044,109,355.24812165276944,Kobuk,33.96239
81320700080311,33.98707,0.5075849999999953,219.3573455,112,355.45166995158064,Kobuk,33.98707
81320700080321,34.00112,0.58493,172.8347435,102,355.64278925326374,Kobuk,33.98889
81320700080331,33.96144,0.6579900000000052,185.525521,119,355.84422043099136,Kobuk,34.00112
81320700080341,34.13005,0.6821300000000008,227.905259,118,356.039619697063,Kobuk,34.032705
81320700080351,34.1387,0.7116499999999988,210.01599,113,356.2330465598061,Kobuk,34.046305
81320700080361,34.21349,0.6502800000000022,285.914563,119,356.4393853286217,Kobuk,34.126795
81320700080371,34.032705,0.6514449999999989,278.0917545,122,356.65063899750515,Kobuk,34.13005
81320700080381,34.046305,0.6372,331.837985,120,356.84744957140725,Kobuk,34.1387
81320700080391,34.126795,0.5082750000000011,238.1358535,122,357.0336144969469,Kobuk,34.21349
81320700080401,34.21621,0.4993299999999934,261.359972,125,357.2303154624695,Kobuk,34.21621
81320700080411,34.261425,0.5963900000000031,264.317178,128,357.4436697700585,Kobuk,34.255385000000004
81320700080421,34.31512,0.5575899999999976,226.097064,121,357.6550486849302,Kobuk,34.261425
81320700080431,34.347605,0.6034199999999998,226.63599399999998,116,357.8494770105692,Kobuk,34.30965
81320700080441,34.35673,0.5633400000000037,218.532601,111,358.04949047144476,Kobuk,34.31512
81320700080451,34.430875,0.6377199999999981,211.0290095,108,358.25419394862985,Kobuk,34.347605
81320700080461,34.35109,0.6361349999999995,227.28778499999999,118,358.44561591266455,Kobuk,34.35109
81320700080471,34.255385000000004,0.5724499999999999,257.4681835,122,358.6337834504753,Kobuk,34.35673
81320700080481,34.30965,0.5929700000000011,220.24591,115,358.8394491615931,Kobuk,34.430875
81320700080491,34.487895,0.5936200000000014,245.984373,114,359.03446848152635,Kobuk,34.487895
81320700080501,34.55674,0.5822700000000012,194.574242,125,359.22544583561773,Kobuk,34.54401
81320700080511,34.54401,0.6400500000000022,212.689251,121,359.4356383906897,Kobuk,34.55674
81320700080521,34.6236,0.6276400000000066,168.707684,119,359.65437480333367,Kobuk,34.61647
81320700090011,34.61647,0.674199999999999,240.419964,123,359.8452286711908,Kobuk,34.6236
81320700090021,34.729,0.6312899999999999,178.391697,117,360.0359685773704,Kobuk,34.62966
81320700090031,34.72426,0.5923700000000025,218.072573,111,360.2448560671489,Kobuk,34.66846
81320700090041,34.72635,0.7178949999999951,195.2670485,110,360.43014012061656,Kobuk,34.6995
81320700090051,34.801655,0.6622950000000039,192.274228,118,360.624716382187,Kobuk,34.69966
81320700090061,34.62966,0.6046950000000031,217.458505,104,360.83995467131666,Kobuk,34.72426
81320700090071,34.66846,0.5760699999999943,250.61496,99,361.0464070856542,Kobuk,34.72635
81320700090081,34.6995,0.5302300000000031,228.319167,97,361.2477901638634,Kobuk,34.729
81320700090091,34.69966,0.49846000000000146,294.667168,99,361.44492949604944,Kobuk,34.801655
81320700090101,34.83446,0.5269849999999998,223.92602349999999,96,361.64058308948995,Kobuk,34.83446
81320700090111,34.921665,0.5329100000000011,265.58160250000003,102,361.83653383425496,Kobuk,34.921665
81320700090121,35.0287,0.5582100000000025,237.721681,103,362.03482902137785,Kobuk,35.018910000000005
81320700090131,35.018910000000005,0.5411350000000041,229.886325,110,362.2374504314446,Kobuk,35.0287
81320700090141,35.06931,0.598860000000002,252.950867,125,362.44372127637405,Kobuk,35.06931
81320700090151,35.12335,0.5799550000000018,347.0541415,126,362.643975271237,Kobuk,35.12335
81320700090161,35.27253,0.5855399999999946,256.76349849999997,130,362.84482278639643,Kobuk,35.24605
81320700090171,35.33964,0.5505299999999949,238.255477,125,363.0479223803527,Kobuk,35.27253
81320700090181,35.35026,0.5729299999999995,184.895055,129,363.24763755584104,Kobuk,35.33964
81320700090191,35.24605,0.6277100000000004,260.345762,127,363.44106691319445,Kobuk,35.35026
81320700090201,35.44921,0.6226400000000041,183.922876,117,363.6305845465133,Kobuk,35.44921
81320700090211,35.55317,0.5914799999999971,212.811801,127,363.8332076970673,Kobuk,35.47282
81320700090221,35.4779,0.5608399999999989,224.254745,129,364.0324831410897,Kobuk,35.4779
81320700090231,35.47282,0.5526100000000014,172.21716,133,364.2470602140643,Kobuk,35.54689
81320700090241,35.54689,0.5640100000000032,205.9052,141,364.4538920356968,Kobuk,35.55317
81320700090251,35.61496,0.5289899999999932,240.867232,135,364.6463803048865,Kobuk,35.61496
81320700090261,35.65504,0.5138400000000019,249.995561,133,364.84973182966775,Kobuk,35.65504
81320700090271,35.69827,0.4872700000000023,260.872506,125,365.03786376816697,Kobuk,35.69827
81320700090281,35.776575,0.4719600000000028,190.3108565,130,365.234696624592,Kobuk,35.776575
81320700090291,35.91989,0.4712200000000024,166.137237,121,365.4428037154244,Kobuk,35.91989
81320700090301,35.99688,0.527784999999998,133.8186875,122,365.64344498975765,Kobuk,35.95749
81320700090311,36.019800000000004,0.5765200000000057,145.20736599999998,120,365.8408477599491,Kobuk,35.99688
81320700090321,35.95749,0.5974999999999966,133.459841,135,366.0391049961507,Kobuk,36.019800000000004
81320700090331,36.08202,0.5684699999999978,207.115944,145,366.2462632041956,Kobuk,36.07938
81320700090341,36.151830000000004,0.5447249999999997,278.4096905,142,366.4490123866284,Kobuk,36.08202
81320700090351,36.07938,0.5947200000000024,195.826696,139,366.6488662997667,Kobuk,36.107475
81320700090361,36.107475,0.5612349999999999,182.249373,134,366.85130765310714,Kobuk,36.151830000000004
81320700090371,36.19204,0.5194399999999959,201.36948,131,367.0448764069589,Kobuk,36.19204
81320700090381,36.326625,0.5943450000000006,197.662106,128,367.2442172681644,Kobuk,36.326625
81320700090391,36.32909,0.6173799999999972,189.404922,131,367.4495951409774,Kobuk,36.32909
81320700090401,36.45727,0.6701699999999988,185.855944,103,367.6414895183045,Kobuk,36.42136
81320700090411,36.50923,0.7646599999999992,155.915222,81,367.8516165696816,Kobuk,36.45727
81320700090421,36.5363,0.6000599999999991,194.003154,115,368.05571441990463,Kobuk,36.50923
81320700090431,36.42136,0.6391899999999993,177.565174,117,368.2528520334587,Kobuk,36.5363
81320700090441,36.59504,0.5977500000000049,195.666998,123,368.45203691200135,Kobuk,36.576570000000004
81320700090451,36.63986,0.6809499999999957,155.129791,103,368.65267475516924,Kobuk,36.59504
81320700090461,36.6611,0.6203199999999995,167.139947,119,368.861619289132,Kobuk,36.6358
81320700090471,36.65861,0.6570800000000006,181.98396400000001,114,369.05523524971403,Kobuk,36.63986
81320700090481,36.576570000000004,0.6673549999999935,196.2088635,132,369.2574481768434,Kobuk,36.65861
81320700090491,36.6358,0.6516300000000008,228.2808705,138,369.46274317342153,Kobuk,36.6611
81320700090501,36.72045,0.6347099999999983,266.959695,129,369.6463356612981,Kobuk,36.71004
81320700090511,36.71004,0.615479999999998,227.451557,123,369.8408055308929,Kobuk,36.72045
81320700090521,36.91621,0.669159999999998,237.794456,123,370.0544903613125,Kobuk,36.82399
81320700090531,36.82399,0.5429499999999976,273.345167,133,370.2656673195675,Kobuk,36.83592
81320700090541,36.83592,0.5476549999999989,234.8005475,126,370.45896695330265,Kobuk,36.91621
81320700090551,36.949915000000004,0.581580000000006,183.557691,114,370.6587498609771,Kobuk,36.949915000000004
81320700090561,37.08569,0.5539300000000011,194.528667,123,370.86329442556166,Kobuk,37.08569
81320700090571,37.09067,0.5616850000000007,195.239842,122,371.0564870474909,Kobuk,37.09067
81320700090581,37.0919,0.4454600000000042,205.20847,127,371.2500689411634,Kobuk,37.0919
81320700090591,37.178395,0.4919850000000032,151.6238015,124,371.4565699674948,Kobuk,37.16559
81320700090601,37.23327,0.5608199999999997,166.823174,111,371.66529469951473,Kobuk,37.178395
81320700090611,37.265204999999995,0.560414999999999,158.5907225,116,371.8675011003598,Kobuk,37.207575000000006
81320700090621,37.334295,0.5102699999999984,181.0506225,112,372.06493500609383,Kobuk,37.23327
81320700090631,37.3574,0.5918300000000016,190.800166,115,372.25198788660924,Kobuk,37.265204999999995
81320700090641,37.207575000000006,0.4347500000000011,184.79881799999998,104,372.44600972386485,Kobuk,37.30441
81320700090651,37.16559,0.44342000000000326,223.550153,121,372.6593146336517,Kobuk,37.334295
81320700090661,37.30441,0.5801400000000001,321.377272,133,372.8684086351475,Kobuk,37.3574
81320700090671,37.37572,0.5854900000000001,283.016066,125,373.0709450845734,Kobuk,37.37572
81320700090681,37.51344,0.628499999999999,322.89753099999996,132,373.27054089716233,Kobuk,37.40189
81320700090691,37.517535,0.5746649999999995,445.21455349999997,122,373.4568126038092,Kobuk,37.51344
81320700090701,37.40189,0.5437399999999997,422.068767,121,373.6524322633352,Kobuk,37.517535
81320700090711,37.581784999999996,0.49563999999999453,343.21140149999997,120,373.8581021515522,Kobuk,37.581784999999996
81320700090721,37.69589,0.45123999999999853,252.033065,129,374.0608767645904,Kobuk,37.69589
81320700090731,37.73127,0.29296999999999684,158.910201,117,374.26304826945045,Kobuk,37.73127
81320700090741,37.74444,0.4192900000000037,274.758061,121,374.4657944997576,Kobuk,37.74444
81320700090751,37.81316,0.5440100000000001,362.01745,127,374.6610297656139,Kobuk,37.775155
81320700090761,37.788070000000005,0.5152850000000022,304.59002150000003,120,374.86034114330175,Kobuk,37.788070000000005
81320700090771,37.8907,0.5640199999999993,188.841214,121,375.05404557762614,Kobuk,37.81316
81320700090781,37.9514,0.55762,144.464408,118,375.2520287093752,Kobuk,37.86218
81320700090791,37.93703,0.5552700000000002,122.967032,121,375.4790344551542,Kobuk,37.8907
81320700100011,37.95871,0.4433399999999992,52.981801,125,375.6764876949704,Kobuk,37.91798
81320700100021,38.04736,0.5874049999999968,164.1397465,130,375.862474325985,Kobuk,37.93703
81320700100031,38.09352,0.4611500000000035,103.024936,127,376.0741318776854,Kobuk,37.94864
81320700100041,38.13456,0.4245200000000011,118.913132,129,376.26962922584,Kobuk,37.9514
81320700100051,37.978705000000005,0.42133000000000465,142.13118250000002,128,376.4723857657401,Kobuk,37.95871
81320700100061,37.91798,0.25722999999999985,224.07908350000002,114,376.68508389014494,Kobuk,37.978705000000005
81320700100071,37.86218,0.3201099999999997,167.593775,115,376.88445605336136,Kobuk,38.04621
81320700100081,37.775155,0.5200299999999984,128.0504315,124,377.0707229042283,Kobuk,38.04736
81320700100091,38.057525,0.3271550000000012,87.979709,114,377.26873015397746,Kobuk,38.057525
81320700100101,38.071635,0.4056899999999999,163.9454065,112,377.48490562254926,Kobuk,38.06118
81320700100111,38.04621,0.39276000000000266,163.9105395,108,377.6906467598235,Kobuk,38.06942
81320700100121,38.06118,0.5419499999999999,101.128773,115,377.8829856626589,Kobuk,38.071635
81320700100131,37.94864,0.38041000000000125,130.5431945,108,378.08548863054904,Kobuk,38.09352
81320700100141,38.06942,0.433955000000001,208.2742665,124,378.28192652808355,Kobuk,38.13456
81320700100151,38.141565,0.38841000000000037,215.1852215,124,378.48116683948507,Kobuk,38.141565
81320700100161,38.21173,0.39086000000000354,192.556405,119,378.6848699371381,Kobuk,38.21173
81320700100171,38.361015,0.4721999999999973,125.1971475,110,378.8740031841656,Kobuk,38.34795
81320700100181,38.34795,0.45064499999999796,135.88161200000002,118,379.0734571387344,Kobuk,38.361015
81320700100191,38.40547,0.38220000000000454,105.616598,103,379.29000759885855,Kobuk,38.40547
81320700100201,38.50648,0.43759000000000015,118.140707,105,379.49881323441457,Kobuk,38.5051
81320700100211,38.5051,0.49506999999999834,128.815458,109,379.68583221363997,Kobuk,38.50648
81320700100221,38.52467,0.45971999999999724,125.149885,113,379.8849821903664,Kobuk,38.52467
81320700100231,38.63768,0.4848300000000023,160.812325,115,380.09914612357466,Kobuk,38.63768
81320700100241,38.68354,0.5026099999999971,160.527716,115,380.29739163842567,Kobuk,38.68354
81320700100251,38.72649,0.45449999999999946,133.1997175,128,380.49737737824984,Kobuk,38.69847
81320700100261,38.69847,0.4487000000000023,190.251919,129,380.7002916027223,Kobuk,38.72649
81320700100271,38.88026,0.4670950000000005,197.55679500000002,128,380.901455621506,Kobuk,38.88026
81320700100281,38.94064,0.47492000000000445,209.788077,129,381.1068007133389,Kobuk,38.94064
81320700100291,38.95342,0.39347000000000065,198.506639,131,381.29684436889715,Kobuk,38.95342
81320700100301,39.086265,0.3518650000000001,188.268531,130,381.497149530525,Kobuk,39.086265
81320700100311,39.11383,0.3319100000000006,194.66946,131,381.6989076702981,Kobuk,39.11383
81320700100321,39.304195,0.347294999999999,188.928692,128,381.90170642244186,Kobuk,39.304195
81320700100331,39.343715,0.4142049999999955,178.03619049999998,132,382.1122502246436,Kobuk,39.343715
81320700100341,39.423945,0.4063100000000013,171.3843905,128,382.3092975280966,Kobuk,39.423945
81320700100351,39.554585,0.35743499999999884,158.7789565,126,382.49997654971,Kobuk,39.554585
81320700100361,39.558105,0.39542000000000144,106.810768,132,382.69202091366896,Kobuk,39.558105
81320700100371,39.57734,0.35482000000000014,149.34121199999998,130,382.89959183142105,Kobuk,39.57734
81320700100381,39.72395,0.41564000000000334,139.297095,133,383.1036952044764,Kobuk,39.72395
81320700100391,39.80265,0.4242100000000022,84.5414055,130,383.3062745057567,Kobuk,39.80265
81320700100401,39.83786,0.438520000000004,96.703486,133,383.50915089471084,Kobuk,39.83786
81320700100411,39.83983,0.38844999999999885,139.066691,131,383.70350208590907,Kobuk,39.83983
81320700100421,39.90571,0.4321199999999976,168.845445,133,383.90369912287764,Kobuk,39.90571
81320700100431,40.038880000000006,0.41318000000000055,192.33851449999997,132,384.10750122320445,Kobuk,40.038880000000006
81320700100441,40.151095,0.3636899999999983,208.1546655,130,384.32057701308247,Kobuk,40.151095
81320700100451,40.309560000000005,0.333750000000002,258.4434005,130,384.51649557549047,Kobuk,40.309560000000005
81320700100461,40.40169,0.31395999999999447,202.49261,129,384.70499635170034,Kobuk,40.40169
81320700100471,40.56388,0.30710999999999444,201.330641,125,384.9210450078023,Kobuk,40.56388
81320700100481,40.65663,0.30916999999999817,281.639344,124,385.1271955050093,Kobuk,40.65663
81320700100491,40.82525,0.294789999999999,181.293027,125,385.31391183511704,Kobuk,40.82525
81320700100501,41.04266,0.3380350000000014,157.404863,110,385.5152591389615,Kobuk,40.98737
81320700100511,41.13606,0.3356449999999995,220.025811,120,385.72903885597594,Kobuk,41.04266
81320700100521,40.98737,0.35542999999999836,208.429769,115,385.9270316874827,Kobuk,41.13606
81320700100531,41.15896,0.30330999999999975,214.0946615,120,386.1255860446718,Kobuk,41.15896
81320700100541,41.17789,0.3048000000000002,186.054672,119,386.3315215879208,Kobuk,41.17789
81320700100551,41.2039,0.3417999999999992,155.289421,127,386.52274611000007,Kobuk,41.19649
81320700100561,41.19649,0.36049999999999827,223.81,132,386.71174650394545,Kobuk,41.2039
81320700100571,41.38512,0.3892799999999994,212.10018250000002,130,386.91451838387127,Kobuk,41.38512
81320700100581,41.708335,0.38199000000000183,170.29781450000002,118,387.11712016918295,Kobuk,41.51741
81320700100591,41.90984,0.2390100000000004,589.915223,105,387.3295183962127,Kobuk,41.54203
81320700100601,41.58247,0.3477250000000005,162.77140400000002,128,387.5372266244557,Kobuk,41.57172
81320700100611,41.54203,0.39288999999999774,117.4550925,126,387.73675018590126,Kobuk,41.58247
81320700100621,41.51741,0.4974500000000006,153.424602,119,387.9299366145936,Kobuk,41.58815
81320700100631,41.57172,0.47374500000000097,130.1751295,126,388.1168994491694,Kobuk,41.59704
81320700100641,41.58815,0.43090999999999724,138.686002,133,388.3351605212296,Kobuk,41.708335
81320700100651,41.59704,0.45615000000000094,278.829066,131,388.5492095604004,Kobuk,41.74203
81320700100661,41.74203,0.5227700000000013,233.442338,125,388.7425084654096,Kobuk,41.90369
81320700100671,41.90369,0.5899600000000049,205.887747,127,388.9477997414844,Kobuk,41.90984
81320700100681,41.99077,0.5279799999999994,261.022103,127,389.1550289239975,Kobuk,41.93997
81320700100691,41.93997,0.5458800000000039,150.157196,127,389.34503051619237,Kobuk,41.99077
81320700100701,42.06319,0.54345,121.836997,127,389.5358516225809,Kobuk,42.06319
81320700100711,42.13675,0.5876700000000028,134.549019,127,389.7333709457577,Kobuk,42.13675
81320700100721,42.29156,0.5209599999999952,137.390153,129,389.94322462234874,Kobuk,42.29156
81320700100731,42.31608,0.5105949999999986,166.860956,130,390.14435968870237,Kobuk,42.31608
81320700100741,42.40198,0.5001399999999947,219.540253,131,390.34149308854205,Kobuk,42.40198
81320700100751,42.43818,0.4424600000000041,336.060639,131,390.54376788025877,Kobuk,42.43818
81320700100761,42.661649999999995,0.37996499999999855,166.04430050000002,130,390.75080440358,Kobuk,42.661649999999995
81320700100771,42.73525,0.41449999999999676,194.031076,133,390.95854521052047,Kobuk,42.73525
81320700100781,42.83288,0.4162599999999941,252.23404349999998,132,391.15244828124816,Kobuk,42.83288
81320700100791,42.92415,0.4282299999999992,184.412923,131,391.3564010251573,Kobuk,42.92415
81320700100801,43.09577,0.427584999999997,155.2666505,132,391.561576172191,Kobuk,43.09577
81320700100811,43.1261,0.45109000000000066,252.241392,133,391.7472026080429,Kobuk,43.1261
81320700100821,43.29152,0.3981199999999987,244.889724,131,391.9460216787051,Kobuk,43.29152
81320700100831,43.38086,0.3379100000000008,164.432333,129,392.1599611488197,Kobuk,43.38086
81320700100841,43.494460000000004,0.3919850000000018,184.970038,130,392.35948498247313,Kobuk,43.494460000000004
81320700100851,43.61793,0.40281000000000233,258.41293900000005,130,392.56574847263363,Kobuk,43.61793
81320700100861,43.727244999999996,0.42366999999999777,320.432435,122,392.7593864884093,Kobuk,43.727244999999996
81320700100871,43.79875,0.46520000000000294,186.026828,121,392.9560794586308,Kobuk,43.79875
81320700100881,44.121930000000006,0.37879000000000573,344.708828,112,393.1825981260091,Kobuk,43.9319
81320700110011,44.14014,0.42111000000000587,529.026368,109,393.38874599826624,Kobuk,44.121930000000006
81320700110021,43.9319,0.3874500000000012,200.988613,121,393.57787527295255,Kobuk,44.14014
81320700110031,44.224,0.3300399999999968,318.781414,115,393.76037021439436,Kobuk,44.224
81320700110041,44.460855,0.34421999999999997,219.2392275,120,393.95976968105344,Kobuk,44.460855
81320700110051,44.558400000000006,0.3339099999999995,280.30416249999996,120,394.1649119132251,Kobuk,44.558400000000006
81320700110061,44.6385,0.2907599999999988,357.248688,115,394.362902367005,Kobuk,44.6385
81320700110071,44.744595000000004,0.3142050000000012,326.53409750000003,122,394.5652187942308,Kobuk,44.744595000000004
81320700110081,44.820865,0.32421500000000236,362.04652,126,394.7550246640864,Kobuk,44.820865
81320700110091,44.92772,0.4214800000000025,192.727816,125,394.96374343195725,Kobuk,44.92772
81320700110101,44.94449,0.36667999999999523,128.400866,129,395.1721649755323,Kobuk,44.94449
81320700110111,44.96336,0.38647000000000276,92.692264,127,395.37047018790906,Kobuk,44.96336
81320700110121,45.097725,0.28241999999999834,307.83212000000003,122,395.57420863419156,Kobuk,45.097725
81320700110131,45.32639,0.3422650000000047,322.141535,126,395.7785253902166,Kobuk,45.32639
81320700110141,45.42691,0.3136399999999995,290.851466,127,395.9811405312495,Kobuk,45.42691
81320700110151,45.620765000000006,0.31394500000000036,331.97799150000003,126,396.1843167474999,Kobuk,45.620765000000006
81320700110161,45.70088,0.2632499999999993,354.66381,123,396.3784954916537,Kobuk,45.70088
81320700110171,45.77111,0.34044000000000096,238.372821,126,396.56876511165655,Kobuk,45.77111
81320700110181,45.874195,0.303094999999999,178.448766,124,396.77595200491345,Kobuk,45.874195
81320700110191,45.876785,0.3690649999999991,201.351603,128,396.96650005220613,Kobuk,45.876785
81320700110201,45.94492,0.3657400000000024,250.309104,127,397.1529170505852,Kobuk,45.94492
81320700110211,46.006905,0.3102849999999968,209.227811,130,397.37213239064675,Kobuk,46.006905
81320700110221,46.22585,0.2695799999999977,352.603641,133,397.5880377163898,Kobuk,46.22585
81320700110231,46.406575000000004,0.3017949999999985,222.559708,138,397.77811259266963,Kobuk,46.406575000000004
81320700110241,46.52732,0.35613999999999635,126.704645,135,397.9767840989612,Kobuk,46.52732
81320700110251,46.55552,0.3778599999999983,143.535229,137,398.18245118323966,Kobuk,46.55552
81320700110261,46.645205000000004,0.3745549999999973,162.649628,138,398.371145091846,Kobuk,46.645205000000004
81320700110271,46.78021,0.3812649999999955,213.4536215,136,398.5716783215466,Kobuk,46.78021
81320700110281,46.913465,0.391490000000001,225.81827049999998,134,398.78189348014115,Kobuk,46.913465
81320700110291,46.9551,0.4211700000000036,220.098235,137,398.9842822808368,Kobuk,46.9551
81320700110301,47.07638,0.39485999999999777,222.645904,132,399.1786610919923,Kobuk,47.07638
81320700110311,47.29461,0.45972000000000435,176.271816,125,399.3821979855119,Kobuk,47.29461
81320700110321,47.32652,0.40711999999999904,163.252123,129,399.5863020839363,Kobuk,47.32652
81320700110331,47.41505,0.5044400000000024,152.878761,133,399.7732938137434,Kobuk,47.378370000000004
81320700110341,47.4146,0.46802000000000277,131.39832,137,399.9817234005881,Kobuk,47.4146
81320700110351,47.378370000000004,0.45958999999999506,232.697102,138,400.18701004389686,Kobuk,47.41505
81320700110361,47.508665,0.4630300000000034,180.96923850000002,140,400.3861866750839,Kobuk,47.508665
81320700110371,47.57524,0.4814799999999977,201.330207,143,400.5868162304024,Kobuk,47.57524
81320700110381,47.63367,0.48425000000000296,179.896268,143,400.7835058421642,Kobuk,47.63367
81320700110391,47.734480000000005,0.47899500000000117,148.91873500000003,144,400.98924485517585,Kobuk,47.734480000000005
81320700110401,47.81707,0.4299800000000005,190.802954,145,401.18705739395756,Kobuk,47.81707
81320700110411,47.938,0.4212699999999998,206.78475,149,401.3902626717205,Kobuk,47.938
81320700110421,48.019875,0.3967649999999985,276.4778735,148,401.5923120636276,Kobuk,48.019875
81320700110431,48.14112,0.36495000000000033,225.61355,147,401.79548437981526,Kobuk,48.14112
81320700110441,48.30505,0.33413499999999985,317.6470855,146,401.9949248600078,Kobuk,48.30505
81320700110451,48.511965000000004,0.31306500000000526,385.304166,146,402.18040203632546,Kobuk,48.511965000000004
81320700110461,48.65934,0.36742000000000274,191.163292,147,402.37474762718847,Kobuk,48.65934
81320700110471,48.680369999999996,0.3405249999999995,240.46633,146,402.5901121397346,Kobuk,48.680369999999996
81320700110481,48.82211,0.3286100000000012,287.111741,150,402.798622509282,Kobuk,48.82211
81320700110491,48.99432,0.3565100000000001,273.577926,153,402.99806257448995,Kobuk,48.99432
81320700110501,49.13115500000001,0.3743249999999989,247.6280865,154,403.20037570150055,Kobuk,49.13115500000001
81320700110511,49.151635,0.37331499999999807,229.5629915,154,403.40414171225325,Kobuk,49.151635
81320700110521,49.218455,0.3902649999999994,195.9621865,154,403.6030201936295,Kobuk,49.218455
81320700120011,49.36025,0.39258999999999844,485.686833,155,403.78295471312805,Kobuk,49.36025
81320700120021,49.54173,0.36059000000000196,305.526066,155,403.9634507749612,Kobuk,49.54173
81320700120031,49.624285,0.34620499999999765,255.1382805,156,404.1619994256316,Kobuk,49.624285
81320700120041,49.65452,0.36686000000000263,233.554272,155,404.3644944547827,Kobuk,49.65452
81320700120051,49.76869,0.3667200000000008,210.365949,159,404.56729271794205,Kobuk,49.76869
81320700120061,49.83985,0.40392999999999546,153.240963,155,404.7731025412855,Kobuk,49.83985
81320700120071,49.85734,0.3569400000000016,122.104414,153,404.96419955802173,Kobuk,49.85734
81320700120081,49.9186,0.3883999999999972,165.284277,155,405.16446073801563,Kobuk,49.9186
81320700120091,50.05524,0.4166500000000042,195.862229,154,405.3585034943753,Kobuk,50.04377
81320700120101,50.07185,0.4042349999999999,145.6150635,154,405.56216002675814,Kobuk,50.05524
81320700120111,50.04377,0.43510999999999456,171.587028,155,405.7745283529443,Kobuk,50.07185
81320700120121,50.12649,0.4283099999999962,186.995259,155,405.96566851142944,Kobuk,50.12649
81320700120131,50.3299,0.3661699999999968,199.924138,155,406.15986367266197,Kobuk,50.3299
81320700120141,50.44067,0.40307000000000315,166.62917099999999,154,406.361866523491,Kobuk,50.44067
81320700120151,50.49576,0.4611400000000003,182.054716,157,406.57427312836734,Kobuk,50.49576
81320700120161,50.65079,0.4683799999999998,235.569368,156,406.76996774896077,Kobuk,50.62721500000001
81320700120171,50.73537,0.39937000000000467,160.889567,157,406.97055925819376,Kobuk,50.65079
81320700120181,50.62721500000001,0.2813699999999919,169.8338555,152,407.1755469601693,Kobuk,50.73537
81320700120191,50.84806,0.33043999999999585,250.872012,153,407.37554761715006,Kobuk,50.84806
81320700120201,51.18458,0.37124000000000024,206.158086,147,407.58121183762665,Kobuk,51.18458
81320700120211,51.18479,0.40359499999999926,152.4527775,150,407.7796170670959,Kobuk,51.18479
81320700120221,51.23688,0.4045899999999989,192.6381315,152,407.9645381583502,Kobuk,51.23688
81320700120231,51.314435,0.4032299999999971,240.5950775,154,408.1623442600278,Kobuk,51.314435
81320700120241,51.441655,0.3689399999999985,195.16162150000002,152,408.38185347216364,Kobuk,51.441655
81320700120251,52.34644,0.325960000000002,564.51327,155,408.5884774882181,Kobuk,51.78325
81320700120261,51.78325,0.40079000000000065,326.266125,161,408.7877409241018,Kobuk,52.001509999999996
81320700120271,52.001509999999996,0.45392999999999617,338.55663000000004,166,408.98480798841973,Kobuk,52.034985000000006
81320700120281,52.034985000000006,0.41158500000000586,226.529574,168,409.1872257402252,Kobuk,52.03983
81320700120291,52.03983,0.36928999999999945,304.802513,167,409.39231880557924,Kobuk,52.09209
81320700120301,52.09209,0.37856000000000023,460.80515549999996,170,409.590636652217,Kobuk,52.33626
81320700120311,52.33626,0.35272000000000503,377.378854,165,409.78014218937216,Kobuk,52.34644
81320700120321,52.81145,0.36317999999999984,295.3229045,162,409.982459199688,Kobuk,52.81145
81320700120331,53.04415,0.37964999999999804,324.318804,161,410.1769499686618,Kobuk,53.04415
81320700120341,53.311835,0.36171999999999827,247.41575749999998,154,410.3773308582238,Kobuk,53.311835
81320700120351,53.393604999999994,0.3338899999999967,244.2414275,160,410.59387101034014,Kobuk,53.33561
81320700120361,53.576595,0.410775000000001,4.0790665,128,410.78002903404604,Kobuk,53.393604999999994
81320700120371,53.33561,0.36120000000000374,464.141594,159,410.9792479979781,Kobuk,53.576595
81320700120381,53.625665,0.33737999999999957,325.2899175,164,411.18765801238595,Kobuk,53.625665
81320700120391,53.71462,0.36272000000000304,342.315629,165,411.38434460118236,Kobuk,53.71462
81320700120401,53.864215,0.34567499999999995,255.40615250000002,168,411.58895771297335,Kobuk,53.864215
81320700120411,53.99033,0.37136999999999887,215.425829,167,411.783629703301,Kobuk,53.99033
81320700120421,54.083985,0.33423499999999606,298.9988175,168,411.9861546612431,Kobuk,54.083985
81320700120431,54.354075,0.37073999999999785,356.7471885,170,412.19623802047073,Kobuk,54.354075
81320700120441,54.65933,0.32086000000000325,182.012493,169,412.3944552007584,Kobuk,54.50408
81320700120451,54.50408,0.38452000000000197,510.437572,163,412.5976809131948,Kobuk,54.65933
81320700120461,54.88543,0.310769999999998,216.940726,169,412.79411994953693,Kobuk,54.88543
81320700120471,55.07031,0.3227200000000039,215.631159,169,412.9858186252613,Kobuk,55.07031
81320700120481,55.11253,0.26921999999999713,226.742194,171,413.188524765172,Kobuk,55.11253
81320700120491,55.16112,0.21726500000000115,277.2428135,168,413.3970445426397,Kobuk,55.16112
81320700120501,55.40833,0.3297850000000011,203.24835000000002,172,413.5939624222523,Kobuk,55.40833
81320700120511,55.44872,0.31177999999999884,221.687098,175,413.79541329855283,Kobuk,55.44872
81320700120521,55.56504,0.36746000000000123,187.481547,171,414.0152195849944,Kobuk,55.56504
81320700130011,55.67306,0.3776900000000012,186.175966,169,414.1999128052181,Kobuk,55.67306
81320700130021,55.7754,0.3920299999999983,111.641928,157,414.38893181726996,Kobuk,55.7754
81320700130031,55.83656,0.38662000000000063,117.4084,165,414.59776308959266,Kobuk,55.83656
81320700130041,55.978325,0.354375000000001,123.8931675,158,414.7764718257235,Kobuk,55.978325
81320700130051,56.089645,0.41340999999999894,202.091565,160,414.96402857295226,Kobuk,56.089645
81320700130061,56.15423,0.3775750000000002,180.4822915,172,415.1799630539028,Kobuk,56.15423
81320700130071,56.35969,0.3672600000000017,182.068494,173,415.3958974520163,Kobuk,56.35969
81320700130081,56.50498,0.3873299999999986,123.600493,173,415.58870484206716,Kobuk,56.50498
81320700130091,56.60939,0.37753000000000014,84.153209,173,415.78535593295453,Kobuk,56.60939
81320700130101,56.76001,0.37324999999999875,156.940877,171,415.9865867519663,Kobuk,56.76001
81320700130111,57.13051,0.33967999999999776,152.0886485,156,416.1893484960506,Kobuk,57.13051
81320700130121,57.36447,0.3660999999999959,126.238748,153,416.3908762423684,Kobuk,57.36447
81320700130131,57.38096,0.37760000000000105,324.775626,147,416.58774161755895,Kobuk,57.38096
81320700130141,57.42895,0.34461999999999904,159.864405,151,416.7818672011795,Kobuk,57.42895
81320700130151,57.70705,0.3464400000000012,132.885895,155,416.98087397533345,Kobuk,57.70705
81320700130161,57.8045,0.294080000000001,149.216908,155,417.1832147181543,Kobuk,57.8045
81320700130171,57.91623,0.33449999999999847,124.898962,155,417.37223192994264,Kobuk,57.91623
81320700130181,58.03579,0.33207000000000164,124.101134,154,417.57175113286524,Kobuk,58.03579
81320700130191,58.10382,0.32323000000000235,159.331054,153,417.7851552558587,Kobuk,58.10382
81320700130201,58.292294999999996,0.3125450000000001,208.070968,152,417.9863072310253,Kobuk,58.292294999999996
81320700130211,58.49355,0.29505999999999943,162.017825,149,418.18458607495427,Kobuk,58.49355
81320700130221,58.68666,0.25661999999999807,273.349478,148,418.38462861382004,Kobuk,58.68666
81320700130231,58.91674,0.26355000000000217,138.362328,149,418.5863058174541,Kobuk,58.91674
81320700130241,59.05173,0.2539599999999993,200.591332,149,418.7967100941447,Kobuk,59.05173
81320700130251,59.10675,0.2336999999999989,305.150647,147,418.99004120422,Kobuk,59.10675
81320700130261,59.260275,0.22421500000000094,442.7535565,146,419.1748956168281,Kobuk,59.260275
81320700130271,59.54393,0.20223500000000172,235.963268,146,419.3731802969657,Kobuk,59.54393
81320700130281,59.69327,0.24287999999999954,198.733164,149,419.5759726386986,Kobuk,59.69327
81320700130291,59.7797,0.25571000000000055,222.760907,149,419.7787648683642,Kobuk,59.7797
81320700130301,59.95957,0.2712099999999964,266.333269,149,419.9868078035814,Kobuk,59.95957
81320700130311,60.10399,0.238190000000003,258.994018,147,420.1772108266751,Kobuk,60.10399
81320700130321,60.32262,0.23787000000000091,255.520402,147,420.3762549559565,Kobuk,60.32262
81320700130331,60.54682,0.32036000000000087,177.8290135,128,420.5784967092734,Kobuk,60.54682
81320700130341,60.572914999999995,0.3058250000000058,149.41385100000002,134,420.7637641541281,Kobuk,60.572914999999995
81320700130351,60.62848,0.3070500000000038,137.998939,149,420.9665281133779,Kobuk,60.62848
81320700130361,60.700115,0.3202849999999984,153.87264950000002,150,421.1750173792873,Kobuk,60.700115
81320700130371,60.8437,0.32650999999999897,207.594318,149,421.37717337676895,Kobuk,60.8437
81320700130381,61.06832,0.29816000000000287,301.389144,149,421.57389126389194,Kobuk,61.06832
81320700130391,61.14602,0.2945700000000002,178.7809125,150,421.7721708069291,Kobuk,61.14602
81320700130401,61.35238,0.31222999999999956,219.685097,149,421.9710488173813,Kobuk,61.35238
81320700130411,61.58449,0.2906750000000038,218.551978,148,422.1719014797498,Kobuk,61.58449
81320700130421,61.67312,0.2914500000000011,225.1147785,148,422.36842820283056,Kobuk,61.67312
81320700130431,61.772525,0.29742499999999694,146.536777,134,422.5661432822455,Kobuk,61.772525
81320700130441,61.861639999999994,0.2927800000000005,159.53467899999998,136,422.7785642688851,Kobuk,61.861639999999994
81320700130451,61.947874999999996,0.35019499999999937,214.03957300000002,134,422.96850835605414,Kobuk,61.947874999999996
81320700130461,62.0855,0.3293300000000059,147.761874,129,423.16355428835817,Kobuk,62.0855
81320700130471,62.206154999999995,0.35172000000000025,180.73162050000002,130,423.367790982007,Kobuk,62.206154999999995
81320700130481,62.315965000000006,0.35619999999999763,166.6478205,130,423.57116892964746,Kobuk,62.315965000000006
81320700130491,62.353,0.3503299999999996,186.200272,129,423.7793865441543,Kobuk,62.353
81320700130501,62.495235,0.37633000000000294,339.001451,128,423.9659855967356,Kobuk,62.495235
81320700130511,62.616655,0.3520399999999988,218.27270850000002,130,424.1591006136333,Kobuk,62.616655
81320700140011,62.82307,0.3500399999999999,359.61792,129,424.3356775045302,Kobuk,62.82307
81320700140021,63.003730000000004,0.30780999999999636,262.1643195,128,424.5187037971704,Kobuk,63.003730000000004
81320700140031,63.2168,0.28636000000000195,326.422581,129,424.73233073875883,Kobuk,63.2168
81320700140041,63.435085,0.21206499999999906,428.070942,126,424.9272667126295,Kobuk,63.435085
81320700140051,63.69275,0.1978200000000001,210.107979,127,425.12339709004,Kobuk,63.69275
81320700140061,63.70142,0.23919000000000068,245.971455,129,425.33530693929106,Kobuk,63.70142
81320700140071,63.93207,0.2195599999999942,358.157335,129,425.53694014224726,Kobuk,63.93207
81320700140081,64.18766,0.22448999999999586,403.586683,129,425.7245378872553,Kobuk,64.18766
81320700140091,64.29716,0.2206599999999952,300.059801,129,425.92373326589296,Kobuk,64.29716
81320700140101,64.40005,0.22882999999998788,320.691808,129,426.1194675104773,Kobuk,64.40005
81320700140111,64.52922000000001,0.25322999999999496,234.208041,130,426.3265245468118,Kobuk,64.52922000000001
81320700140121,64.677,0.27546999999999855,218.908056,129,426.5349519249781,Kobuk,64.677
81320700140131,64.76106,0.28458999999999435,177.671212,131,426.73211219055685,Kobuk,64.76106
81320700140141,64.90723,0.2760799999999932,212.721611,131,426.92809371372357,Kobuk,64.90723
81320700140151,64.99392,0.26170999999999367,178.998762,127,427.1249373261123,Kobuk,64.99392
81320700140161,65.16482,0.2941799999999972,231.669846,127,427.3273143863434,Kobuk,65.16482
81320700140171,65.40480500000001,0.2791750000000093,263.040863,126,427.5243166683909,Kobuk,65.40480500000001
81320700140181,65.55943500000001,0.1981749999999991,220.240953,124,427.7256432820254,Kobuk,65.55943500000001
81320700140191,65.82969,0.22677000000000191,250.472049,127,427.92267400738035,Kobuk,65.82969
81320700140201,66.05002,0.22472000000000492,447.583121,125,428.1261928390533,Kobuk,66.05002
81320700140211,66.348025,0.23474500000000376,274.87913749999996,126,428.3288806672361,Kobuk,66.348025
81320700140221,66.403695,0.2639250000000004,242.823658,128,428.52641787821875,Kobuk,66.403695
81320700140231,66.48861,0.2238100000000003,235.022488,127,428.7283474915708,Kobuk,66.48861
81320700140241,66.722545,0.21929499999999535,258.956903,128,428.93113529464944,Kobuk,66.722545
81320700140251,66.882575,0.23823499999999598,281.7514815,128,429.14136348083315,Kobuk,66.882575
81320700140261,67.01228,0.2847099999999898,202.462304,129,429.3448880970752,Kobuk,67.01228
81320700140271,67.25778,0.2882800000000003,89.335042,127,429.54364753136105,Kobuk,67.25778
81320700140281,67.27901,0.3186199999999957,144.871677,125,429.7408050123888,Kobuk,67.27901
81320700140291,67.34127,0.3455799999999982,239.002871,129,429.9218856128768,Kobuk,67.34127
81320700140301,67.39446000000001,0.3437550000000087,146.33524549999998,130,430.12167294552853,Kobuk,67.39446000000001
81320700140311,67.42242,0.36594000000000904,139.171231,127,430.33180700785095,Kobuk,67.42242
81320700140321,67.56861,0.3705400000000054,138.792505,131,430.533735924412,Kobuk,67.56861
81320700140331,67.719695,0.37649499999999847,160.459519,132,430.728669874026,Kobuk,67.719695
81320700140341,67.83692,0.3873999999999995,149.221577,131,430.92494133069033,Kobuk,67.83692
81320700140351,68.05455,0.4131400000000127,297.059424,131,431.13599029403656,Kobuk,68.05455
81320700140361,68.13675,0.4040200000000027,112.889784,133,431.3318479122789,Kobuk,68.13675
81320700140371,68.19273,0.3512400000000042,144.928574,131,431.51858516443014,Kobuk,68.19273
81320700140381,68.44885,0.3251499999999936,279.09246,123,431.7292254400256,Kobuk,68.44885
81320700140391,68.62479,0.33263500000000334,420.818855,118,431.9369928353912,Kobuk,68.62479
81320700140401,68.92917,0.4004599999999954,436.940483,117,432.13440275695007,Kobuk,68.92917
81320700140411,69.03837,0.2827750000000009,119.5626705,120,432.3223160645196,Kobuk,69.03837
81320700140421,69.08651,0.19458000000000197,113.943498,121,432.52475508886323,Kobuk,69.08651
81320700140431,69.47779,0.22500000000000142,170.4871705,132,432.73784629956185,Kobuk,69.34842499999999
81320700140441,69.34842499999999,0.20537500000001074,417.364323,126,432.93533873657367,Kobuk,69.47779
81320700140451,69.78426,0.22415000000000873,166.003219,119,433.13416870090765,Kobuk,69.78426
81320700140461,69.89726,0.24500000000000455,257.930058,117,433.3326627581842,Kobuk,69.89726
81320700140471,70.13485,0.21612000000000364,153.1289565,84,433.54350246080656,Kobuk,70.016055
81320700140481,70.21579,0.19854000000000838,186.606059,71,433.74507820132516,Kobuk,70.17532
81320700140491,70.28016,0.18711999999999307,246.787313,67,433.9360253186789,Kobuk,70.247975
81320700140501,70.42321000000001,0.20150000000001,355.87425199999996,66,434.1335605978504,Kobuk,70.351685
81320700140511,70.74031,0.22462999999999056,219.375534,73,434.35044460478485,Kobuk,70.58176
81320900010011,70.968405,0.27458499999999475,274.6897255,84,434.5456222625809,Kobuk,70.85435749999999
81320900010021,71.11694,0.24809999999999377,199.862784,85,434.71925491679195,Kobuk,71.04267250000001
81320900010031,71.25818,0.23751000000000033,216.990863,83,434.9088642881178,Kobuk,71.18755999999999
81320900010041,71.44366,0.20038000000000977,176.887808,81,435.1381137781773,Kobuk,71.35092
81320900010051,71.65851,0.1789399999999972,206.199725,81,435.3779034477818,Kobuk,71.551085
81320900010061,71.921025,0.20249499999999898,185.0786615,82,435.59112999893586,Kobuk,71.921025
81320900010071,72.163765,0.2211150000000046,160.084245,82,435.8158647526884,Kobuk,72.163765
81320900010081,72.3333,0.21424999999999272,132.379483,83,436.0599945669651,Kobuk,72.49211249999999
81320900010091,72.650925,0.2002650000000017,239.09525250000002,84,436.26224338584143,Kobuk,72.79167749999999
81320900010101,72.93243,0.22883999999999105,149.474241,91,436.4615098644853,Kobuk,73.01389
81320900010111,73.09535,0.22693999999999903,317.885122,95,436.679932673881,Kobuk,73.21724
81320900010121,73.33913,0.2056699999999978,242.738979,103,436.8847277837716,Kobuk,73.48014
81320900010131,73.62115,0.17613000000000056,300.9984505,106,437.0864354401226,Kobuk,73.74831
81320900010141,73.87547,0.18887000000000853,182.753725,109,437.29245320899474,Kobuk,73.99852000000001
81320900010151,74.12157,0.19024999999999181,231.404552,117,437.5066278104449,Kobuk,74.2554025
81320900010161,74.389235,0.19765999999999906,364.0029565,118,437.71302541379725,Kobuk,74.52458250000001
81320900010171,74.65993,0.21572000000000457,238.174807,123,437.91040780851847,Kobuk,74.752305
81320900010181,74.84468000000001,0.17811999999999983,394.66468699999996,122,438.0763315841473,Kobuk,74.84468000000001
81320900010191,75.0806,0.17722500000000707,308.120566,124,438.258744006338,Kobuk,75.0806
81320900010201,75.35941,0.1885599999999954,276.29909,123,438.4576123291507,Kobuk,75.35941
81320900010211,75.55819,0.22082000000000335,171.665392,127,438.6567451525722,Kobuk,75.55819
81320900010221,75.79142,0.2193900000000042,138.665162,127,438.85531659598274,Kobuk,75.851005
81320900010231,75.91059,0.17683999999999855,197.953916,123,439.0483464529771,Kobuk,76.0665325
81320900010241,76.222475,0.14728000000000208,279.96108949999996,122,439.2419379023371,Kobuk,76.2779675
81320900010251,76.33346,0.17519000000000062,215.083841,123,439.4311373555437,Kobuk,76.33346
81320900010261,76.499525,0.17740500000000026,298.0144955,124,439.6073482268772,Kobuk,76.499525
81320900010271,76.77407,0.15382000000001028,255.140434,123,439.7967297965821,Kobuk,76.77407
81320900010281,77.029265,0.20797499999999758,262.2674095,128,440.0144064546597,Kobuk,77.029265
81320900010291,77.18162,0.17475000000000307,204.755188,121,440.22914360991285,Kobuk,77.18162
81320900010301,77.27033,0.1969399999999979,232.606904,125,440.42801308780486,Kobuk,77.27033
81320900010311,77.38023,0.23813000000000528,182.51263749999998,126,440.62599133622126,Kobuk,77.38023
81320900010321,77.60287500000001,0.2491099999999946,177.6720315,122,440.80952810863096,Kobuk,77.59275
81320900010331,77.59275,0.23711000000000126,155.17388,125,440.98390726195043,Kobuk,77.60287500000001
81320900010341,77.68279,0.23348000000000013,178.1137,125,441.1571307603722,Kobuk,77.68279
81320900010351,77.74038999999999,0.25704999999999956,137.566864,126,441.3239475096522,Kobuk,77.68279
81320900010361,77.812825,0.2355799999999988,113.8664565,124,441.5256906120215,Kobuk,77.74038999999999
81320900010371,77.94514,0.2840699999999998,132.868837,127,441.7349964160518,Kobuk,77.812825
81320900010381,78.097505,0.3146500000000003,122.776297,128,441.95222875494494,Kobuk,78.097505
81320900010391,78.27536,0.2903400000000005,153.963064,122,442.1764288589438,Kobuk,78.27536
81320900010401,78.618285,0.25942500000000024,160.488213,124,442.4069253656318,Kobuk,78.618285
81320900010411,78.82432,0.2865099999999998,178.4309885,110,442.6262437293974,Kobuk,78.82432
81320900010421,79.15743,0.26214000000000226,174.864972,117,442.82962231638913,Kobuk,79.15743
81320900010431,79.34948499999999,0.19800499999999488,154.708629,124,443.0290547728822,Kobuk,79.34948499999999
81320900010441,79.476185,0.23379500000000064,135.75622099999998,124,443.21203131585935,Kobuk,79.476185
81320900010451,79.52494,0.24221000000000004,154.337006,125,443.39981282348475,Kobuk,79.52494
81320900010461,79.65599,0.22694000000000614,216.152914,124,443.60268587661983,Kobuk,79.65599
81320900010471,79.92599,0.25142999999999915,159.515578,125,443.8303204313029,Kobuk,80.03390999999999
81320900010481,80.14183,0.23672000000000537,197.824922,125,444.0523250768459,Kobuk,80.273955
81320900010491,80.40608,0.23414999999999964,165.71654,125,444.25110377194875,Kobuk,80.45791249999999
81320900010501,80.509745,0.2449849999999998,155.5854795,126,444.43896827413505,Kobuk,80.509745
81320900010511,80.64668,0.25472000000000605,163.333831,127,444.63635452311,Kobuk,80.64668
81320900010521,80.92512500000001,0.22749499999999756,172.5374435,124,444.8360523634362,Kobuk,80.92512500000001
81320900010531,81.07592,0.2385099999999909,165.053266,125,445.0487031804084,Kobuk,81.07592
81320900010541,82.0674,0.3891699999999929,260.311057,127,445.28477828842796,Kobuk,81.78252750000001
81320900010551,81.82385500000001,0.3900000000000077,194.96367750000002,126,445.49550600575725,Kobuk,81.83632750000001
81320900010561,81.7412,0.24468000000000245,216.981273,125,445.6816538984768,Kobuk,81.88457
81320900010571,81.8488,0.2304200000000094,117.665313,125,445.88224368928815,Kobuk,81.981345
81320900010581,81.92034,0.2660399999999896,99.179918,125,446.08253646242554,Kobuk,82.05487500000001
81320900010591,82.04235,0.23100999999999772,202.873664,123,446.2625861657882,Kobuk,82.203805
81320900010601,82.34021,0.17623000000000388,169.784321,123,446.4595773263268,Kobuk,82.39543
81320900010611,82.45065,0.22536999999999807,291.16906,123,446.65090053435,Kobuk,82.45065
81320900010621,82.61355,0.22993999999999915,150.008396,125,446.85395710209946,Kobuk,82.61355
81320900010631,82.73319,0.20473999999998682,184.971258,123,447.0700026518079,Kobuk,82.83535749999999
81320900010641,82.937525,0.1944999999999979,214.011339,122,447.2448636409765,Kobuk,83.02491749999999
81320900010651,83.11231,0.23384000000000071,173.507709,125,447.4045394803208,Kobuk,83.11231
81320900010661,83.18696499999999,0.22480500000000347,281.543766,124,447.58726046050646,Kobuk,83.18696499999999
81320900010671,83.36528,0.24087000000000103,148.828409,127,447.76458234682724,Kobuk,83.27612249999999
81320900010681,83.47064,0.22229500000000257,96.9759555,124,447.916960069891,Kobuk,83.41796
81320900010691,83.59523,0.2395399999999981,118.071128,126,448.08754410766034,Kobuk,83.53293500000001
81320900010701,83.649745,0.19118999999999886,299.2154435,124,448.29960622183347,Kobuk,83.6224875
81320900010711,83.92355,0.21634000000000242,193.587584,125,448.5300238590662,Kobuk,83.7866475
81320900020011,84.05142,0.1535199999999861,247.466496,121,448.72726937527574,Kobuk,83.98748499999999
81320900020021,84.23126,0.184110000000004,160.327765,121,448.938240047018,Kobuk,84.14134
81320900020031,84.39522500000001,0.21142499999999842,133.722662,120,449.167945479109,Kobuk,84.39522500000001
81320900020041,84.489555,0.22858999999999696,144.3116265,122,449.3647118531708,Kobuk,84.54722749999999
81320900020051,84.6049,0.24125999999999692,151.114531,123,449.5511584313364,Kobuk,84.6049
81320900020061,84.83079,0.22786000000000683,176.120664,121,449.7373078997713,Kobuk,84.83079
81320900020071,85.02074,0.24351000000000056,114.178287,119,449.9321601096397,Kobuk,85.08273750000001
81320900020081,85.144735,0.2880000000000038,135.679801,116,450.1382959392868,Kobuk,85.1461625
81320900020091,85.14759,0.24423000000000172,115.461031,121,450.3601752511637,Kobuk,85.17595
81320900020101,85.20431,0.26274000000000797,147.536875,123,450.5557676544293,Kobuk,85.24928249999999
81320900020111,85.29425499999999,0.2502749999999949,243.502981,120,450.709599068816,Kobuk,85.29425499999999
81320900020121,85.42500000000001,0.30272999999999683,145.659021,122,450.8999319531321,Kobuk,85.42500000000001
81320900020131,85.68195,0.34271500000000543,114.087459,126,451.1140862851975,Kobuk,85.68195
81320900020141,85.90205499999999,0.3167050000000131,172.6396345,126,451.29173924832753,Kobuk,85.90205499999999
81320900020151,85.927885,0.3129550000000023,133.589969,124,451.48067980641696,Kobuk,85.927885
81320900020161,86.04519,0.25542999999998983,282.004624,121,451.6729724513814,Kobuk,86.12974249999999
81320900020171,86.21429499999999,0.2035449999999983,230.7362235,120,451.8345487735445,Kobuk,86.21429499999999
81320900020181,86.63166,0.24289000000000271,198.178715,123,452.0219275136435,Kobuk,86.63166
81320900020191,86.77289999999999,0.20087499999998926,297.62622650000003,120,452.219917197653,Kobuk,86.77289999999999
81320900020201,87.01481,0.2079700000000031,264.416367,119,452.4249021247461,Kobuk,87.01481
81320900020211,87.19965,0.20322499999999621,234.4806255,114,452.63134004362735,Kobuk,87.19965
81320900020221,87.260145,0.255794999999992,153.909857,114,452.82050216434635,Kobuk,87.260145
81320900020231,87.40442999999999,0.21155000000000257,316.27561149999997,108,453.03810479613537,Kobuk,87.40442999999999
81320900020241,87.60198,0.20167000000000712,146.719371,113,453.27209306961623,Kobuk,87.64818
81320900020251,87.69438,0.21414000000000044,129.813365,113,453.4756266085707,Kobuk,87.7812975
81320900020261,87.86821499999999,0.23164500000000032,217.2203515,108,453.6424480578744,Kobuk,87.9473075
81320900020271,88.0264,0.17125500000000216,253.99281050000002,104,453.81243975928135,Kobuk,88.0264
81320900020281,88.2886,0.18459000000000714,283.85578399999997,106,453.9830257901293,Kobuk,88.2886
81320900020291,88.5075,0.1816000000000031,201.019208,105,454.135141065887,Kobuk,88.39805
81320900020301,88.72824,0.2263850000000005,116.1979735,106,454.30628877071257,Kobuk,88.595965
81320900020311,88.68443,0.19250000000000966,124.341537,105,454.495792192673,Kobuk,88.706335
81320900020321,88.75221,0.2133800000000008,144.93153,105,454.7064614421132,Kobuk,88.74022500000001
81320900020331,88.85196,0.20869999999999322,229.62235,103,454.91523159658414,Kobuk,88.802085
81320900020341,89.08123,0.22016999999999598,147.001678,101,455.1038766678974,Kobuk,88.9505
81320900020351,89.04904,0.21749000000001217,109.406417,93,455.2967325668222,Kobuk,89.065135
81320900020361,89.1799,0.2689850000000078,101.5900175,94,455.5131130714477,Kobuk,89.130565
81320900020371,89.192,0.2774000000000001,91.008469,93,455.74476709306924,Kobuk,89.18594999999999
81320900020381,89.28761,0.29074500000000114,160.308781,96,455.94128392290435,Kobuk,89.23980499999999
81320900020391,89.5112,0.29149000000000314,133.447092,96,456.13589617961577,Kobuk,89.399405
81320900020401,89.82768,0.33055000000000234,174.764786,99,456.3402220387537,Kobuk,89.82768
81320900020411,90.1296,0.25213999999999714,153.854641,105,456.54941090078904,Kobuk,90.1296
81320900020421,90.252695,0.29908999999999963,127.69825850000001,106,456.77740285993195,Kobuk,90.252695
81320900020431,90.312205,0.32828500000000105,111.5129105,102,456.98179664119226,Kobuk,90.312205
81320900020441,90.35414,0.2967000000000013,190.838103,103,457.15081572845565,Kobuk,90.35414
81320900020451,90.6911,0.2590399999999988,117.403389,103,457.33264869953956,Kobuk,90.6911
81320900020461,90.8253,0.2838299999999947,107.49848,101,457.5310535218531,Kobuk,90.8253
81320900020471,90.88865,0.3058949999999996,95.802434,102,457.71999674471124,Kobuk,90.88865
81320900020481,90.97456,0.3129200000000054,109.53237949999999,100,457.93474314031073,Kobuk,90.97456
81320900020491,91.30999,0.27443999999999846,212.080289,101,458.14241265264235,Kobuk,91.30999
81320900020501,91.58658,0.25301999999999225,149.54401,99,458.34346595039625,Kobuk,91.58658
81320900020511,91.87941,0.2310900000000089,210.29921,101,458.5400268587459,Kobuk,91.87941
81320900020521,92.11038500000001,0.24397499999999894,152.37122399999998,100,458.7142308785641,Kobuk,92.11038500000001
81320900020531,92.26232,0.27766499999999894,124.05625,98,458.91281181149714,Kobuk,92.25684
81320900020541,92.25684,0.30159000000000447,104.219021,93,459.1255443921052,Kobuk,92.26232
81320900020551,92.34342,0.2709199999999896,134.206762,93,459.3369354222096,Kobuk,92.34342
81320900020561,92.48437,0.28373999999999455,112.185832,95,459.5582489643133,Kobuk,92.48437
81320900020571,92.69063,0.25762000000000285,104.838047,95,459.77717938395057,Kobuk,92.82065
81320900020581,92.95067,0.3164599999999922,98.355897,91,459.95703217558156,Kobuk,92.95067
81320900020591,92.96536,0.3072950000000034,69.8630355,98,460.12560620363666,Kobuk,92.96536
81320900020601,93.12665,0.3845699999999965,84.890294,95,460.3189820545574,Kobuk,93.12665
81320900020611,93.176355,0.32301499999999805,123.25618800000001,92,460.51407526115736,Kobuk,93.176355
81320900020621,93.323175,0.2806550000000101,118.489093,90,460.7104674139436,Kobuk,93.249765
81320900020631,93.54819499999999,0.27498000000000644,120.88130699999999,94,460.9124079998009,Kobuk,93.435685
81320900020641,93.90056,0.3331750000000042,130.9094585,94,461.0893708902348,Kobuk,93.7243775
81320900020651,93.910605,0.3293699999999973,104.047956,90,461.280775665404,Kobuk,93.90558250000001
81320900020661,93.96737,0.3391900000000021,174.87945050000002,94,461.49704791075163,Kobuk,93.96737
81320900020671,94.127945,0.317229999999995,206.6274935,88,461.6892682723922,Kobuk,94.0476575
81320900020681,94.3415,0.27289000000000385,135.979709,85,461.8747128040888,Kobuk,94.2347225
81320900020691,94.51724,0.30202500000000043,118.5282155,88,462.06220460745305,Kobuk,94.42937
81320900020701,94.802505,0.2632899999999978,115.181296,90,462.2648822103942,Kobuk,94.51724
81320900020711,95.00677999999999,0.1781999999999897,146.4015615,84,462.49306707196894,Kobuk,94.9046425
81320900020721,95.27256,0.23054000000000485,147.863183,87,462.7454312674216,Kobuk,95.27256
81320900020731,95.37643,0.26327999999999463,121.490626,85,463.0015168776629,Kobuk,95.37643
81320900020741,95.52942,0.22787999999999897,168.289503,83,463.22198676805414,Kobuk,95.65971
81320900020751,95.79,0.26766000000000645,121.405524,85,463.4337805736538,Kobuk,95.927695
81320900020761,96.07953,0.32222999999999047,126.557629,85,463.622313566908,Kobuk,96.07246
81320900020771,96.06539,0.3253599999999892,87.855982,85,463.7945051216445,Kobuk,96.0880875
81320900020781,96.096645,0.3406749999999974,107.26234099999999,86,463.9885965824685,Kobuk,96.0880875
81320900020791,96.137115,0.3112699999999933,164.4151555,84,464.1911469086179,Kobuk,96.27062749999999
81320900020801,96.40414,0.23233999999999355,262.787992,83,464.3873955099577,Kobuk,96.5529
81320900020811,96.70166,0.18465000000000487,234.676349,83,464.57328607935113,Kobuk,96.82090500000001
81320900020821,96.94015,0.20087999999999795,199.796255,85,464.7769242396967,Kobuk,97.1078675
81320900020831,97.275585,0.2158500000000103,152.859676,84,465.0094838042693,Kobuk,97.3155275
81320900020841,97.35547,0.21367499999999495,167.498308,84,465.2302240312628,Kobuk,97.35547
81320900020851,97.55357,0.2295299999999969,167.061257,85,465.42575900838267,Kobuk,97.55357
81320900020861,97.77487,0.2176199999999966,140.442114,85,465.6256864557563,Kobuk,97.77487
81320900020871,97.87358,0.2309500000000071,164.279914,85,465.8369800484019,Kobuk,97.87358
81320900020881,98.10429,0.23680000000000234,143.361382,85,466.0582964081616,Kobuk,98.10429
81320900020891,98.33255,0.21582999999999686,112.494659,85,466.2917352675238,Kobuk,98.33255
81320900020901,98.53564,0.1753800000000041,158.925136,83,466.49374080534,Kobuk,98.6623625
81320900020911,98.789085,0.18540500000000293,118.097051,84,466.67513108330337,Kobuk,98.789085
81320900020921,98.9252,0.1424250000000029,125.6229715,82,466.87134343917063,Kobuk,98.9252
81320900020931,99.04989,0.23470999999999265,117.608883,85,467.0620073488793,Kobuk,99.04989
81320900020941,99.36782,0.25468999999999653,152.63576,85,467.2754198434993,Kobuk,99.29075
81320900020951,99.29075,0.3182599999999951,116.391118,85,467.4960502734619,Kobuk,99.36782
81320900020961,99.4046,0.29755999999999716,83.5168645,86,467.69545192152333,Kobuk,99.4046
81320900020971,99.67909,0.31421499999999725,122.424473,86,467.85733076170084,Kobuk,99.67909
81320900020981,99.84798,0.2600699999999918,99.31574950000001,86,468.04307097957417,Kobuk,99.84798
81320900030011,100.01287,0.25195999999999685,282.887732,103,468.2399014862965,Kobuk,100.01287
81320900030021,100.49423,0.19371000000000294,319.0666435,102,468.44984805665257,Kobuk,100.49423
81320900030031,100.85964,0.16290999999999656,188.347767,101,468.6776717902353,Kobuk,100.85964
81320900030041,100.97342,0.1724800000000073,127.132275,101,468.8620783219639,Kobuk,100.97342
81320900030051,101.04159,0.190889999999996,162.49524,103,469.0341563831039,Kobuk,101.04159
81320900030061,101.12283,0.2195999999999998,92.072365,101,469.23188898411786,Kobuk,101.12283
81320900030071,101.30793,0.27727999999999753,122.39139449999999,104,469.4387799606658,Kobuk,101.30793
81320900030081,101.60669,0.2618400000000065,184.932537,103,469.6473062693689,Kobuk,101.60669
81320900030091,101.824855,0.16727000000000203,239.649702,102,469.8737156011165,Kobuk,101.824855
81320900030101,101.939285,0.21950000000000358,197.245353,104,470.0637922287713,Kobuk,101.939285
81320900030111,102.10638499999999,0.19003499999998752,149.65986750000002,102,470.26264936161425,Kobuk,102.10638499999999
81320900030121,102.37677,0.1916699999999878,272.649339,103,470.48291747569345,Kobuk,102.37677
81320900030131,102.59924000000001,0.22857500000001352,219.62705,104,470.67376657186185,Kobuk,102.59924000000001
81320900030141,102.83295,0.19805999999999813,216.258629,103,470.840414131377,Kobuk,102.83295
81320900030151,103.14523,0.18584500000000048,267.4014635,104,471.02713313542057,Kobuk,103.14523
81320900030161,103.16147,0.15511000000000763,257.521199,101,471.2297476871927,Kobuk,103.16147
81320900030171,103.33255,0.16714999999999947,177.67580199999998,100,471.42975359247845,Kobuk,103.33255
81320900030181,103.54249,0.17472999999999672,286.27468,103,471.6299415053899,Kobuk,103.54249
81320900030191,103.67671,0.18045499999999493,158.45958100000001,104,471.8338940848519,Kobuk,103.67671
81320900030201,103.94456500000001,0.2746700000000004,136.05919,86,472.03680617010684,Kobuk,103.907505
81320900030211,103.94221,0.2169499999999971,105.169036,93,472.2226997865617,Kobuk,103.94221
81320900030221,103.907505,0.21807500000000601,122.96423200000001,104,472.39500958548314,Kobuk,103.94456500000001
81320900030231,103.970125,0.21232999999999436,98.356405,104,472.6057838479186,Kobuk,103.970125
81320900030241,104.09713,0.2495699999999914,141.032385,107,472.8246947050979,Kobuk,104.09713
81320900030251,104.24544499999999,0.18325999999999,118.60933800000001,100,473.0221597965628,Kobuk,104.24544499999999
81320900030261,104.37911,0.2162399999999991,142.722074,99,473.21148836466,Kobuk,104.37911
81320900030271,104.55227,0.2509500000000031,108.831759,105,473.39831946612867,Kobuk,104.46569
81320900030281,104.66399,0.24061000000000377,115.378937,103,473.6015702623893,Kobuk,104.60812999999999
81320900030291,104.815305,0.247879999999995,104.4930815,104,473.8061628442864,Kobuk,104.73964749999999
81320900030301,104.95831,0.20916500000000582,143.70399,100,474.00963713143784,Kobuk,104.8868075
81320900030311,105.09427,0.20392000000001076,107.634852,101,474.2154231512107,Kobuk,105.02628999999999
81320900030321,105.215015,0.2204499999999996,149.0250155,102,474.4067666419378,Kobuk,105.1546425
81320900030331,105.430265,0.21890000000000498,139.19109600000002,106,474.5957986010831,Kobuk,105.32264
81320900030341,105.68919,0.16803499999999616,170.2272405,108,474.7985965069178,Kobuk,105.55972750000001
81320900030351,105.8477,0.2516899999999964,162.419128,105,475.0067612270603,Kobuk,105.768445
81320900030361,106.09756,0.2148600000000016,141.670661,105,475.2548632338247,Kobuk,105.97263000000001
81320900030371,106.45661,0.179789999999997,229.730177,103,475.4903394719798,Kobuk,106.45661
81320900030381,106.6975,0.16711000000000809,169.251089,103,475.70517145579015,Kobuk,106.6975
81320900030391,106.96838,0.21066999999999325,178.416505,107,475.9418937089148,Kobuk,107.24761
81320900030401,107.24761,0.21049000000000717,185.767913,107,476.1686987830852,Kobuk,107.433395
81320900030411,107.433395,0.15655999999999892,171.4240405,102,476.3741916541314,Kobuk,107.612
81320900030421,107.612,0.16435999999998785,188.339577,103,476.57917636184385,Kobuk,107.78583
81320900030431,107.78583,0.17437000000001035,206.265774,103,476.78776030623925,Kobuk,107.96198
81320900030441,107.96198,0.19259999999999877,133.9899345,104,476.990350084133,Kobuk,108.22213
81320900030451,108.22213,0.13554999999999495,301.211604,101,477.1784090070035,Kobuk,108.41816
81320900030461,108.41816,0.11847000000000207,273.431648,102,477.37927583492365,Kobuk,108.580025
81320900030471,108.580025,0.12657499999999544,219.232119,102,477.58476602994267,Kobuk,108.74828
81320900030481,108.74828,0.12528999999999257,251.077472,103,477.75503025992236,Kobuk,108.85296
81320900030491,108.85296,0.19730000000000558,144.262201,108,477.920374136843,Kobuk,108.86510249999999
81320900030501,108.87724499999999,0.16844000000000392,182.21580649999999,106,478.09063850361304,Kobuk,108.93669499999999
81320900030511,108.996145,0.1899749999999969,175.338764,108,478.26205876366566,Kobuk,108.996145
81320900030521,109.26338,0.1617300000000057,252.6213275,108,478.4300443666383,Kobuk,109.1297625
81320900030531,109.50685,0.20646999999999593,142.008544,85,478.59892147117523,Kobuk,109.385115
81320900030541,109.61048,0.2242299999999915,175.975081,85,478.775064120133,Kobuk,109.55866499999999
81320900030551,109.650755,0.20631500000000358,133.864271,98,478.97071920373145,Kobuk,109.6306175
81320900030561,109.70937,0.2390800000000013,138.128683,105,479.1862511154726,Kobuk,109.6800625
81320900030571,109.73219,0.23494999999999777,125.794713,113,479.3828322873576,Kobuk,109.72078
81320900030581,109.8262,0.20857999999999777,106.964878,115,479.57033069519576,Kobuk,109.779195
81320900030591,109.91014,0.181209999999993,125.468035,113,479.77256910457805,Kobuk,109.86816999999999
81320900030601,110.01873,0.2193550000000002,161.0259635,114,479.9681095753995,Kobuk,109.96443500000001
81320900030611,110.19668,0.22740000000000293,130.676595,113,480.1678337503862,Kobuk,110.10770500000001
81320900030621,110.339575,0.21773999999999916,180.91118999999998,110,480.38256231530556,Kobuk,110.26812749999999
81320900030631,110.71478,0.19835999999999387,216.539301,111,480.5747824537623,Kobuk,110.5271775
81320900030641,111.01025,0.17794500000000113,171.821823,112,480.7804009001535,Kobuk,111.01025
81320900030651,111.19075,0.1803599999999932,230.227037,115,480.96728312148366,Kobuk,111.19075
81320900030661,111.30162,0.1822300000000041,153.977367,119,481.1444552677864,Kobuk,111.30162
81320900030671,111.45026999999999,0.1771799999999999,161.7698325,120,481.3742606411395,Kobuk,111.45026999999999
81320900030681,111.72686,0.2167299999999983,193.025129,121,481.5881250884724,Kobuk,111.72686
81320900030691,111.98418,0.1954499999999939,143.767765,109,481.77052180884243,Kobuk,111.95979500000001
81320900030701,111.95979500000001,0.22095000000000198,103.09331800000001,122,481.9693759526718,Kobuk,111.98418
81320900030711,112.043445,0.2190350000000052,115.6126395,124,482.1702446977408,Kobuk,112.043445
81320900030721,112.12541,0.25312999999999874,142.936822,123,482.37111353898587,Kobuk,112.12541
81320900030731,112.26126,0.1970399999999941,187.1176105,122,482.57112377626135,Kobuk,112.26126
81320900030741,112.45621,0.17767999999999518,141.069346,121,482.7728572599446,Kobuk,112.45621
81320900030751,112.72511,0.2071200000000033,120.597941,123,482.9944685282057,Kobuk,112.72511
81320900030761,113.08718,0.31965000000001,111.595836,121,483.2180842976577,Kobuk,113.08718
81320900030771,113.1773,0.3165400000000034,96.49875349999999,108,483.40566215865374,Kobuk,113.15165999999999
81320900030781,114.24404,0.638930000000002,74.360652,21,483.5952444444072,Kobuk,113.1773
81320900030791,113.32749,0.29849000000000103,102.709218,123,483.789813873431,Kobuk,113.21678
81320900030801,113.15165999999999,0.28426999999999225,101.7480055,124,483.9636468327664,Kobuk,113.32749
81320900030811,113.21678,0.2669400000000053,116.72593,123,484.1673065818781,Kobuk,113.42109500000001
81320900030821,113.42109500000001,0.2927050000000122,144.92804999999998,122,484.3715605389554,Kobuk,113.59047000000001
81320900030831,113.59047000000001,0.23124000000000677,196.70111500000002,120,484.5593987851276,Kobuk,113.794335
81320900030841,113.794335,0.2460799999999992,160.7197955,122,484.7629909432145,Kobuk,113.92147750000001
81320900030851,114.04862,0.22760500000000405,202.132642,124,484.9854918869614,Kobuk,114.22974500000001
81320900030861,114.22974500000001,0.1835750000000047,213.2618005,122,485.1754843348422,Kobuk,114.23689250000001
81320900030871,114.4253,0.20763000000000886,209.4208,121,485.3602255734593,Kobuk,114.33466999999999
81320900040011,114.675755,0.15148999999999546,255.2335025,116,485.56913723053736,Kobuk,114.55052749999999
81320900040021,114.93145,0.17170499999999578,225.1746855,116,485.77798572061346,Kobuk,114.8036025
81320900040031,115.05032499999999,0.1529999999999916,128.996785,100,485.9788240988898,Kobuk,114.99088749999999
81320900040041,115.18157,0.1870400000000103,124.01215,115,486.16412712862916,Kobuk,115.1083975
81320900040051,115.16647,0.20559500000000241,89.520502,120,486.39444082700834,Kobuk,115.17402
81320900040061,115.21835,0.1957350000000062,234.6854265,122,486.6345859509902,Kobuk,115.19996
81320900040071,115.30067,0.21811999999999188,250.05178949999998,122,486.82026486914697,Kobuk,115.25951
81320900040081,115.55754,0.24150000000000205,86.92624,123,487.0322370302333,Kobuk,115.42910499999999
81320900040091,115.62465,0.24754000000000076,97.221539,122,487.2656207156054,Kobuk,115.62465
81320900040101,115.74545,0.2435699999999983,81.608296,124,487.468907731694,Kobuk,115.68505
81320900040111,115.83438000000001,0.23812999999999107,76.31099,122,487.6844803760681,Kobuk,115.83438000000001
81320900040121,116.06198,0.19269999999998788,139.695041,121,487.9031082312208,Kobuk,116.06198
81320900040131,116.34724,0.1994799999999941,116.884431,123,488.1269486350008,Kobuk,116.34724
81320900040141,116.37877,0.203125,279.160859,124,488.3733948346531,Kobuk,116.37877
81320900040151,116.691325,0.20257000000000858,445.2597165,124,488.5942577257606,Kobuk,116.691325
81320900040161,117.072135,0.21957000000000448,103.500592,106,488.7878249035104,Kobuk,117.05276
81320900040171,117.05276,0.24200500000000602,116.98498000000001,120,488.9778188049179,Kobuk,117.072135
81320900040181,117.11164,0.23328999999999667,108.916061,123,489.2028821714057,Kobuk,117.11164
81320900040191,117.18891,0.24409999999998888,154.876258,123,489.43346112270285,Kobuk,117.18891
81320900040201,117.311475,0.3251599999999968,151.040595,126,489.6234218291,Kobuk,117.311475
81320900040211,117.42494500000001,0.28586499999999404,172.9083935,124,489.8228732250688,Kobuk,117.50987
81320900040221,117.594795,0.29508500000000026,142.63575600000001,124,490.0506185906962,Kobuk,117.77951250000001
81320900040231,117.96423,0.27652500000000657,181.17958449999998,124,490.27389518211,Kobuk,118.1229375
81320900040241,118.281645,0.2740299999999962,121.0256875,122,490.4886603451275,Kobuk,118.31249
81320900040251,118.343335,0.32171499999999753,81.646095,120,490.7121035790868,Kobuk,118.3464525
81320900040261,118.34957,0.29209000000000174,96.184458,119,490.9294373339555,Kobuk,118.424485
81320900040271,118.4994,0.2731199999999916,91.238301,117,491.1421592753626,Kobuk,118.597045
81320900040281,118.69469,0.30477000000000487,123.041902,115,491.34456069006416,Kobuk,118.7363
81320900040291,118.73775,0.31184999999999263,119.174134,123,491.5346331731911,Kobuk,118.73775
81320900040301,118.7363,0.3487700000000018,102.923768,125,491.7483134000728,Kobuk,118.83963
81320900040311,118.83963,0.32638000000000034,145.6163775,124,491.95912479630755,Kobuk,119.10302
81320900040321,119.10302,0.31579999999999586,248.2888,123,492.1327439593063,Kobuk,119.20679
81320900040331,119.20679,0.29321000000000197,179.702568,123,492.31030978465026,Kobuk,119.38673750000001
81320900040341,119.566685,0.2594999999999885,274.038715,124,492.49948486473926,Kobuk,119.66440750000001
81320900040351,120.0026,0.28735000000000355,201.823546,121,492.670006026779,Kobuk,119.882365
81320900040361,120.01772,0.22686999999999102,70.170357,119,492.85148547018133,Kobuk,120.01016
81320900040371,119.76213,0.24500000000000455,252.510431,119,493.0521804054636,Kobuk,120.0465025
81320900040381,120.07528500000001,0.14703999999999695,456.01457200000004,106,493.2323017543668,Kobuk,120.3219125
81320900040391,120.56854,0.15284500000000634,164.21403650000002,104,493.44175679562943,Kobuk,120.68611
81320900040401,120.80368,0.17726000000000397,207.661388,105,493.64969744248094,Kobuk,120.83040249999999
81320900040411,120.857125,0.22930000000000206,115.109696,108,493.82234338055747,Kobuk,120.857125
81320900040421,120.99738500000001,0.20986000000000615,177.1725235,106,494.00608007008475,Kobuk,120.99738500000001
81320900040431,121.327225,0.18928999999999974,282.43473800000004,106,494.20102924315273,Kobuk,121.327225
81320900040441,121.60673,0.13322999999999752,186.040156,101,494.41386990202466,Kobuk,121.49206
81320900040451,121.49206,0.16369000000000256,444.177846,101,494.5969339526138,Kobuk,121.60673
81320900040461,122.159775,0.15147000000000332,133.804226,104,494.7647979637844,Kobuk,122.159775
81320900040471,122.42405,0.23009000000000412,250.203223,105,494.95238213654267,Kobuk,122.17389
81320900040481,122.57829000000001,0.19134000000000384,137.126634,104,495.12119709508215,Kobuk,122.42405
81320900040491,122.17389,0.1509099999999961,205.6877,101,495.3094814145038,Kobuk,122.57829000000001
81320900040501,122.63035,0.17503000000000668,355.778252,103,495.5136617859569,Kobuk,122.63035
81320900040511,123.08627,0.16362999999999772,154.077964,103,495.6853003606688,Kobuk,122.85831
81320900040521,123.19197,0.16875000000000284,326.197055,103,495.86141406150097,Kobuk,123.13911999999999
81320900040531,123.308605,0.18317000000000405,138.31235700000002,104,496.0721718104704,Kobuk,123.2502875
81320900040541,123.56761,0.13258999999999332,167.602372,102,496.2641934369981,Kobuk,123.4381075
81320900040551,123.71523,0.1495000000000033,174.21266,103,496.4358322544445,Kobuk,123.64142000000001
81320900040561,124.00375,0.11771000000000242,202.055258,103,496.6227728897477,Kobuk,123.85949
81320900040571,124.138405,0.12040000000001072,361.8799295,102,496.81113384591026,Kobuk,124.0710775
81320900040581,124.44241,0.1396999999999906,147.087811,103,497.01289732395014,Kobuk,124.2904075
81320900040591,124.46306,0.14055999999999358,166.419968,103,497.21856429855177,Kobuk,124.45273499999999
81320900050011,124.558025,0.1403800000000004,173.0832085,100,497.4008835456861,Kobuk,124.5105425
81320900050021,124.742135,0.14755999999999858,163.828302,100,497.58179307856415,Kobuk,124.65008
81320900050031,124.99638,0.15887999999999636,140.595225,95,497.78459751350283,Kobuk,124.8692575
81320900050041,125.278485,0.11893000000000598,179.870013,90,497.98229954282044,Kobuk,125.1374325
81320900050051,125.611535,0.12561499999999626,153.5572735,92,498.1880440975151,Kobuk,125.611535
81320900050061,125.89544,0.11400999999999328,141.811488,87,498.39293002416383,Kobuk,125.89544
81320900050071,125.99792500000001,0.12678999999999974,103.400701,92,498.5949585677423,Kobuk,125.99792500000001
81320900050081,126.05877000000001,0.13374499999999045,126.48455799999999,90,498.80246930688753,Kobuk,126.05877000000001
81320900050091,126.38771,0.1231949999999955,150.29624,90,499.00088811778147,Kobuk,126.38771
81320900050101,126.66469,0.14304000000001338,107.452727,89,499.20369961197895,Kobuk,126.66469
81320900050111,126.74897,0.1334099999999978,81.52181,87,499.4004832835127,Kobuk,126.74897
81320900050121,126.86241,0.16210999999999842,85.518836,91,499.5897000273574,Kobuk,126.86241
81320900050131,127.01699500000001,0.159895000000013,120.52889300000001,94,499.79172502778937,Kobuk,127.01699500000001
81320900050141,127.31404,0.17316000000000997,148.616333,97,500.0004587016901,Kobuk,127.31404
81320900050151,127.68796,0.17723000000000866,141.514026,89,500.1964620011775,Kobuk,127.68796
81320900050161,128.10526,0.16551999999998657,178.596042,81,500.3918273130107,Kobuk,128.10526
81320900050171,128.53911,0.14506499999998823,137.88236799999999,76,500.5987672591484,Kobuk,128.53911
81320900050181,128.69908,0.09406999999998789,139.826748,67,500.8132250975099,Kobuk,128.69908
81320900050191,128.798995,0.15339999999999065,78.45236299999999,72,501.00541853832476,Kobuk,128.798995
81320900050201,128.9786,0.1682299999999941,129.393255,77,501.2056227869529,Kobuk,128.9786
81320900050211,129.31525,0.14993999999998664,174.021163,75,501.41777699018184,Kobuk,129.31525
81320900050221,129.59651,0.22845000000000937,51.769844,79,501.61474325232587,Kobuk,129.59651
81320900050231,129.76657,0.16329999999999245,130.722272,77,501.81600240320734,Kobuk,129.76657
81320900050241,130.00957,0.1574900000000099,222.22751,80,502.00236247373635,Kobuk,130.00957
81320900050251,130.48526,0.0908500000000032,141.08709399999998,78,502.190900247026,Kobuk,130.48526
81320900050261,130.66355,0.13051000000001522,159.451926,81,502.40456969122744,Kobuk,130.66355
81320900050271,131.09282000000002,0.08117499999998756,300.34122049999996,80,502.62178613896987,Kobuk,131.09282000000002
81320900050281,131.45781,0.07985999999999649,192.030428,79,502.8115691992123,Kobuk,131.45781
81320900050291,131.62191,0.13322999999999752,143.403875,81,503.0045184026823,Kobuk,131.62191
81320900050301,131.80867,0.1464600000000189,140.11848750000001,82,503.2238604361648,Kobuk,131.80867
81320900050311,132.02113500000002,0.1515150000000034,129.32969,80,503.42476726677336,Kobuk,132.02113500000002
81320900050321,132.3306,0.1787300000000016,109.670747,83,503.6239567636007,Kobuk,132.3306
81320900050331,132.902335,0.09162000000000603,216.1964635,80,503.8240050421542,Kobuk,132.902335
81320900050341,133.26499,0.10578000000000998,171.823484,81,504.0263323803604,Kobuk,133.26499
81320900050351,133.66757,0.13049000000000888,190.379083,83,504.2263480633004,Kobuk,133.66757
81320900050361,133.98101,0.14185000000000514,229.851328,83,504.4234905448813,Kobuk,133.98101
81320900050371,134.41505,0.12700000000000955,209.159179,83,504.6356379084069,Kobuk,134.41505
81320900050381,134.75285,0.12960999999998535,188.065109,83,504.8327805415741,Kobuk,134.75285
81320900050391,134.99772,0.09533000000001834,174.141225,77,505.018270800961,Kobuk,134.99772
81320900050401,135.22745,0.15588999999999942,113.504335,81,505.22718811585696,Kobuk,135.22745
81320900050411,135.81348,0.13313999999999737,144.328671,81,505.4367822898979,Kobuk,135.81348
81320900050421,136.00996,0.14605000000000246,110.944589,81,505.63051299888593,Kobuk,136.00996
81320900050431,136.09689500000002,0.14943499999999688,100.983218,82,505.8238641416989,Kobuk,136.09689500000002
81320900050441,136.44429,0.1627200000000073,161.7149155,82,506.01852104349393,Kobuk,136.44429
81320900050451,136.86967,0.16014999999998736,123.11357,83,506.2239782606209,Kobuk,136.86967
81320900050461,137.3617,0.13673000000000002,102.989661,83,506.4358356491457,Kobuk,137.3617
81320900050471,137.81396,0.16271500000000572,89.893418,80,506.63908936261197,Kobuk,137.81396
81320900050481,137.85091,0.10394999999999754,189.535151,81,506.84245576303294,Kobuk,137.85091
81320900050491,138.21295,0.16584000000000287,211.724485,83,507.0447815834095,Kobuk,138.21295
81320900050501,138.88741,0.1363800000000026,180.811767,83,507.24729201988634,Kobuk,138.88741
81320900050511,139.28177,0.1286800000000028,171.719115,83,507.43970884037026,Kobuk,139.28177
81320900050521,139.47048,0.1422900000000027,147.455199,83,507.62571585392425,Kobuk,139.47048
81320900050531,139.81079,0.12401499999999999,131.086615,80,507.83399341502934,Kobuk,139.81079
81320900050541,140.12116,0.14659000000000333,103.25712,81,508.04838374316427,Kobuk,140.12116
81320900050551,140.41068,0.2569400000000144,99.955122,83,508.2572686279521,Kobuk,140.41068
81320900050561,140.59481,0.14562000000000808,104.989534,81,508.4549801364064,Kobuk,140.59481
81320900050571,140.83179,0.12287500000000762,127.855887,80,508.64207364961317,Kobuk,140.83179
81320900050581,141.326935,0.1068300000000022,168.844662,80,508.8417936183265,Kobuk,141.326935
81320900050591,141.647915,0.11565000000000225,157.214101,80,509.0449812047792,Kobuk,141.647915
81320900050601,141.8765,0.13485000000000014,92.179942,81,509.248131577394,Kobuk,141.8765
81320900050611,142.10698,0.18398999999999432,59.750395,83,509.4558569611702,Kobuk,142.10698
81320900050621,142.168115,0.15485499999999774,183.8538645,80,509.6508112458558,Kobuk,142.168115
81320900050631,142.4518,0.1194099999999878,145.765456,79,509.84498895086097,Kobuk,142.4518
81320900050641,142.90503,0.11066999999999894,162.049418,80,510.0548495256083,Kobuk,142.90503
81320900050651,143.12333,0.14485000000001946,222.64584,83,510.2521989043183,Kobuk,143.12333
81320900050661,143.40102,0.12746000000001345,94.457456,81,510.44582131737656,Kobuk,143.40102
81320900050671,143.500095,0.15437000000000012,78.65850649999999,80,510.65508212632574,Kobuk,143.500095
81320900050681,143.7352,0.13540999999999315,136.56457699999999,80,510.8528662338236,Kobuk,143.7352
81320900050691,144.0168,0.11686499999999,132.7386775,80,511.0525106080134,Kobuk,144.0168
81320900050701,144.29434,0.15173999999998955,137.392558,81,511.25748436310846,Kobuk,144.29434
81320900050711,144.65285,0.1298749999999984,154.024544,80,511.45634366773703,Kobuk,144.65285
81320900050721,144.970555,0.1391049999999865,154.4619,82,511.66279716901295,Kobuk,144.970555
81320900050731,145.24259,0.1358900000000176,95.337075,73,511.8600626461729,Kobuk,145.24259
81320900050741,145.25518,0.14218999999999937,100.21091,81,512.0589303788405,Kobuk,145.25518
81320900050751,145.3091,0.13798500000000047,112.634312,80,512.2634288532502,Kobuk,145.3091
81320900050761,145.410865,0.14488000000000056,134.77952249999998,80,512.4639197753447,Kobuk,145.410865
81320900050771,145.68788,0.15103000000001998,236.881914,83,512.6688619640853,Kobuk,145.68788
81320900050781,145.93259,0.09787000000000035,284.815865,83,512.8674970750097,Kobuk,145.93259
81320900050791,146.30211500000001,0.08857500000002005,240.0240495,84,513.0732456391745,Kobuk,146.30211500000001
81320900050801,146.63170000000002,0.10589500000001806,303.0619165,86,513.272404650278,Kobuk,146.63170000000002
81320900050811,146.96592,0.11686000000000263,191.435867,89,513.4780431624915,Kobuk,146.96592
81320900050821,147.27949999999998,0.1455349999999953,256.48403099999996,90,513.6872551273841,Kobuk,147.27949999999998
81320900050831,147.5942,0.12742000000000075,237.011264,89,513.8815055603872,Kobuk,147.5942
81320900050841,147.852735,0.15062000000000353,173.0423355,88,514.0845786372843,Kobuk,147.852735
81320900050851,148.08849500000002,0.18547499999998251,155.50109149999997,86,514.2814260100731,Kobuk,148.08849500000002
81320900050861,148.15665,0.17288500000000795,102.2063085,88,514.4794292667805,Kobuk,148.15665
81320900050871,148.27104,0.19459000000000515,113.001385,95,514.691156711822,Kobuk,148.27104
81320900050881,148.687925,0.21308000000000504,137.8852265,104,514.8957399205681,Kobuk,148.687925
81320900050891,149.03866,0.19209999999998217,196.202891,113,515.0830235089463,Kobuk,149.03866
81320900050901,149.28520500000002,0.16345500000002744,184.0993455,110,515.2747631215756,Kobuk,149.28520500000002
81320900050911,149.55716,0.1033350000000155,259.609229,112,515.4742893965989,Kobuk,149.55716
81320900050921,149.90629,0.11170999999998799,203.94836,113,515.6939266982048,Kobuk,149.90629
81320900060011,150.18572,0.13088000000000477,252.7283125,114,515.8952848146929,Kobuk,150.18572
81320900060021,150.45818,0.14082999999999402,225.899035,113,516.070805909548,Kobuk,150.45818
81320900060031,150.70613,0.11287999999998988,221.470461,113,516.285045978716,Kobuk,150.70613
81320900060041,151.03204499999998,0.16454499999998973,167.1530395,108,516.5027523781629,Kobuk,151.03204499999998
81320900060051,151.28065,0.1333150000000103,87.35557299999999,100,516.700498191855,Kobuk,151.28065
81320900060061,153.051035,0.3157849999999911,66.4077175,112,516.8904988942217,Kobuk,153.051035
81320900060071,153.9317,0.3011900000000196,45.858519,111,517.0838911107987,Kobuk,153.9317
81320900060081,154.62608,0.24138999999999555,51.258661,113,517.2916177197858,Kobuk,154.62608
81320900060091,155.27824,0.2138699999999858,62.826951,107,517.4954738020629,Kobuk,155.27824
81320900060101,155.81925999999999,0.238410000000016,52.452959,106,517.6939530764276,Kobuk,155.81925999999999
81320900060111,156.215,0.25231999999999744,38.430714,99,517.8946285828442,Kobuk,156.215
81320900060121,156.58346,0.22279000000000337,46.139048,107,518.0852085284404,Kobuk,156.58346
81320900060131,157.418155,0.19292000000000087,121.2904425,102,518.2859174388169,Kobuk,157.418155
81320900060141,157.88477,0.14367999999998915,106.781362,101,518.4994232913534,Kobuk,157.88477
81320900060151,158.16888,0.18409499999999923,157.587511,98,518.7000425304201,Kobuk,158.16888
81320900060161,158.49956,0.1519399999999962,150.888625,105,518.8980859821685,Kobuk,158.49956
81320900060171,158.83948,0.15009999999998058,128.996025,97,519.0930414482364,Kobuk,158.83948
81320900060181,159.06937,0.1512249999999966,69.3095215,86,519.2924987219403,Kobuk,159.06937
81320900060191,159.1164,0.21035000000000537,107.859275,105,519.4953083988903,Kobuk,159.1164
81320900060201,159.22409,0.17381000000000313,89.2781695,112,519.6888121802506,Kobuk,159.22409
81320900060211,159.396465,0.13764000000000465,99.400473,98,519.8875586913482,Kobuk,159.396465
81320900060221,159.72666,0.11338000000000648,125.149607,103,520.0989635626685,Kobuk,159.72666
81320900060231,160.04581,0.1377300000000048,182.687141,105,520.3006174599361,Kobuk,160.04581
81320900060241,160.24307,0.13463999999999032,155.425708,101,520.4974659067074,Kobuk,160.24307
81320900060251,160.56912,0.1435249999999968,122.9000125,96,520.7110695878165,Kobuk,160.56912
81320900060261,160.780525,0.15891000000000588,109.67912100000001,82,520.9116828252172,Kobuk,160.780525
81320900060271,160.95064,0.19568999999998482,94.071022,85,521.0957068937263,Kobuk,160.95064
81320900060281,161.06989,0.24457999999998492,75.163414,85,521.2974896602848,Kobuk,161.06989
81320900060291,161.14483,0.13426999999998657,101.894724,89,521.5051358035438,Kobuk,161.14483
81320900060301,161.4373,0.15948000000000206,101.867878,89,521.7078915076338,Kobuk,161.4373
81320900060311,161.57333,0.1393199999999979,103.959397,93,521.9124782306073,Kobuk,161.57333
81320900060321,161.77967,0.12203000000002362,120.361401,105,522.1127576659712,Kobuk,161.77967
81320900060331,162.00027,0.1240799999999922,179.004206,109,522.3054739257633,Kobuk,162.00027
81320900060341,162.20186,0.10865000000001146,184.275842,112,522.5037756925661,Kobuk,162.20186
81320900060351,162.40409,0.11374000000000706,193.983179,117,522.7043892249819,Kobuk,162.40409
81320900060361,162.539065,0.11694000000001381,132.95579099999998,114,522.9038529951205,Kobuk,162.539065
81320900060371,162.653865,0.15107000000000426,130.3309765,120,523.1081669002559,Kobuk,162.653865
81320900060381,162.78125,0.15452999999999406,94.639201,107,523.3047356183376,Kobuk,162.78125
81320900060391,162.88993,0.19013999999998532,96.050555,117,523.5097417126962,Kobuk,162.88993
81320900060401,162.997925,0.2407400000000024,120.0631105,118,523.7108341096647,Kobuk,162.997925
81320900060411,163.16989,0.1952399999999983,119.723974,106,523.9017719138752,Kobuk,163.16989
81320900060421,163.38171499999999,0.18314000000000874,92.67120650000001,100,524.0999757106445,Kobuk,163.38171499999999
81320900060431,163.46915,0.23462999999998146,100.923558,99,524.312545138049,Kobuk,163.46915
81320900060441,163.55705,0.16020000000000323,132.878116,93,524.5146294354155,Kobuk,163.55705
81320900060451,163.76283999999998,0.179009999999991,85.85449650000001,80,524.6989139209855,Kobuk,163.76283999999998
81320900060461,163.96618,0.21350000000001046,111.507664,79,524.897947908809,Kobuk,163.96618
81320900060471,164.08867500000002,0.24904500000002372,108.934058,86,525.1138095680409,Kobuk,164.08867500000002
81320900060481,164.15171,0.21003000000001748,117.700326,95,525.3100613805109,Kobuk,164.15039
81320900060491,164.15039,0.16952000000000567,130.363445,95,525.5053591452565,Kobuk,164.15171
81320900060501,164.2819,0.2818200000000104,104.237616,81,525.7190531672004,Kobuk,164.2819
81320900060511,164.36313,0.21522500000000377,99.124842,82,525.9183033916928,Kobuk,164.36313
81320900060521,164.38592,0.2288199999999847,82.57887,85,526.115840848365,Kobuk,164.37799
81320900060531,164.37799,0.18426999999999794,82.211897,83,526.3266932656554,Kobuk,164.38592
81320900060541,164.47203,0.16595000000000937,106.32804,83,526.5319970869457,Kobuk,164.47203
81320900060551,164.57125,0.15014999999999645,127.14231,79,526.7236336478321,Kobuk,164.57125
81320900060561,164.82652,0.1735699999999838,89.215405,55,526.9212982318512,Kobuk,164.82652
81320900060571,164.9261,0.1944199999999796,76.280343,51,527.1210598781279,Kobuk,164.9261
81320900060581,165.03282000000002,0.22114500000002124,70.6829625,58,527.3198629659271,Kobuk,165.03282000000002
81320900060591,165.14741,0.306570000000022,67.367857,61,527.5182863893034,Kobuk,165.11786
81320900060601,165.11786,0.2690500000000071,58.730303500000005,76,527.7213935285642,Kobuk,165.12687
81320900060611,165.12687,0.20070500000001346,120.001699,80,527.9220069676442,Kobuk,165.14741
81320900060621,165.32741,0.2064049999999895,71.477295,86,528.1136782314804,Kobuk,165.32741
81320900060631,165.4114,0.19866000000001804,68.395768,83,528.318825558938,Kobuk,165.4114
81320900060641,165.42892,0.1740700000000004,84.926824,83,528.5206681655302,Kobuk,165.42892
81320900060651,165.54259,0.1663899999999785,100.645634,79,528.721728049601,Kobuk,165.54259
81320900060661,165.67381,0.161689999999993,91.21146,73,528.9341761636912,Kobuk,165.67381
81320900060671,166.13863,0.27187000000000694,66.846554,71,529.1344925569232,Kobuk,166.04849
81320900060681,166.04849,0.23188999999999282,78.24776,77,529.3222648443024,Kobuk,166.10523999999998
81320900060691,166.10523999999998,0.21007500000000334,94.399243,82,529.5123212434697,Kobuk,166.13863
81320900060701,166.164,0.18824999999998226,71.975516,71,529.7257002183884,Kobuk,166.164
81320900060711,166.2659,0.2163399999999882,95.0221335,74,529.9390792461652,Kobuk,166.2659
81320900060721,166.39705,0.23045999999999367,81.89484,69,530.1289983855323,Kobuk,166.39705
81320900060731,166.5058,0.21223500000000683,90.02009699999999,76,530.3344974698423,Kobuk,166.5058
81320900060741,166.60952,0.19232499999999675,93.91178,80,530.5421057056355,Kobuk,166.60952
81320900060751,166.7803,0.19127500000001874,98.802497,76,530.741230130483,Kobuk,166.7803
81320900060761,166.94232,0.13886999999999716,91.961602,77,530.9406946828911,Kobuk,166.94232
81320900060771,167.13012,0.19733999999999696,94.978539,77,531.1313734810944,Kobuk,167.13012
81320900060781,167.210835,0.150385,94.30535850000001,74,531.3325491256728,Kobuk,167.210835
81320900060791,167.39053,0.1746000000000123,111.2820855,76,531.5334276736068,Kobuk,167.3006825
81320900060801,167.472835,0.1607699999999994,133.289521,76,531.7254444762547,Kobuk,167.39053
81320900060811,167.640735,0.11744500000000357,96.436801,70,531.9335398642357,Kobuk,167.43168250000002
81320900060821,167.822495,0.14867500000001144,85.69082800000001,72,532.1424940459024,Kobuk,167.472835
81320900060831,167.90148,0.16463499999998987,146.2144465,72,532.3298171661945,Kobuk,167.556785
81320900060841,168.00349,0.1634300000000053,92.332182,67,532.5241089151891,Kobuk,167.640735
81320900060851,168.191725,0.21608999999999412,76.348762,70,532.7395527706224,Kobuk,167.731615
81320900060861,168.25299,0.19257000000001767,90.432363,75,532.9424791279098,Kobuk,167.822495
81320900060871,168.394445,0.20914499999999236,88.4054395,82,533.1416407247945,Kobuk,167.8619875
81320900060881,168.55623,0.18801999999999452,98.722841,85,533.3463513757512,Kobuk,167.90148
81320900060891,168.75749,0.3059499999999957,99.636866,85,533.54745208807,Kobuk,167.952485
81320900060901,168.98149,0.23107999999999151,89.809096,87,533.7640371103754,Kobuk,168.00349
81330000030011,0.43332,0.15552499999999997,1461.226205,74,3.0245626776743766,Noatak,0.458925
81330000030021,0.42462,0.143575,1246.6605020000002,78,3.230768755679608,Noatak,0.45816250000000003
81330000030031,0.4716,0.14745000000000003,969.541943,77,3.459622933276996,Noatak,0.4574
81330000030041,0.49463,0.177595,735.501045,58,3.68198846691988,Noatak,0.455275
81330000030051,0.50161,0.14981,749.666193,63,3.8851673566993736,Noatak,0.45315
81330000030061,0.46492,0.14299,951.6860825,72,4.07822379396282,Noatak,0.455275
81330000030071,0.45315,0.15999000000000002,711.602285,65,4.273476548397859,Noatak,0.455275
81330000030081,0.45084,0.12587500000000001,766.6756555,52,4.46701195753802,Noatak,0.45315
81330000030091,0.51504,0.11713999999999991,435.108498,47,4.6687643777869186,Noatak,0.455275
81330000030101,0.458925,0.12911,1742.96471,74,4.8658936340539425,Noatak,0.45315
81330000030111,0.4574,0.14298,1489.816386,71,5.056143531004341,Noatak,0.45199500000000004
81330000030121,0.4356,0.13217999999999996,692.601741,57,5.258084643593752,Noatak,0.45084
81330000030131,0.491835,0.16748,814.7093500000001,64,5.472651228973002,Noatak,0.44897750000000003
81330000030141,0.41321,0.13197999999999993,1067.478815,65,5.68100832377014,Noatak,0.44897750000000003
81330000030151,0.43799,0.14985000000000004,974.833081,71,5.891561722902628,Noatak,0.45199500000000004
81330000030161,0.404715,0.14251,979.76994,68,6.128497172123949,Noatak,0.44897750000000003
81330000030171,0.44169,0.13019999999999998,791.34557,71,6.3546237896858635,Noatak,0.4452125
81330000030181,0.50047,0.16329999999999995,595.927131,45,6.571865501640106,Noatak,0.4452125
81330000030191,0.43404,0.14078999999999997,1257.418748,83,6.779842728729329,Noatak,0.442395
81330000030201,0.48646,0.15234999999999999,1173.41955,71,6.990495308549276,Noatak,0.44169
81330000030211,0.43668,0.15640000000000004,1207.422244,81,7.213466921006094,Noatak,0.44169
81330000030221,0.43065,0.16109999999999997,1257.408405,83,7.4303015058901485,Noatak,0.44094
81330000030231,0.44711500000000004,0.13966499999999998,1585.4148645,84,7.631355744667198,Noatak,0.43733500000000003
81330000030241,0.44094,0.14529999999999998,1293.078101,87,7.849907131443609,Noatak,0.43733500000000003
81330000030251,0.43483499999999997,0.15297999999999998,1415.3187535000002,82,8.075613619992225,Noatak,0.43632000000000004
81330000030261,0.49163,0.16587000000000002,973.99119,81,8.300999611546034,Noatak,0.43632000000000004
81330000030271,0.442395,0.144165,988.5528915,84,8.535389867235878,Noatak,0.43596
81330000030281,0.44331,0.16596,826.073439,75,8.750886292089266,Noatak,0.43668
81330000030291,0.44757,0.13808999999999994,792.14886,73,8.9602733830037,Noatak,0.43668
81330000030301,0.43243,0.14914,645.4656365000001,72,9.176176603562986,Noatak,0.43668
81330000030311,0.42101,0.14319000000000004,725.0139,71,9.382617682944604,Noatak,0.44094
81330000030321,0.45172,0.14995000000000003,691.478747,67,9.566789268214329,Noatak,0.44094
81330000030331,0.43061,0.137345,623.6714179999999,60,9.755551204614221,Noatak,0.442395
81330000030341,0.42158,0.14601000000000003,711.883619,67,9.938176885309979,Noatak,0.44331
81330000030351,0.43028,0.15420000000000003,624.7594145,70,10.112569398814983,Noatak,0.4444925
81330000030361,0.43596,0.18642000000000003,601.499687,69,10.285244930508401,Noatak,0.4444925
81330000030371,0.43446,0.17498000000000002,583.104431,61,10.453528103166642,Noatak,0.44662250000000003
81330000030381,0.41555,0.13948999999999995,519.355514,63,10.635295327288778,Noatak,0.449645
81330000030391,0.43173,0.14784000000000003,500.40969,75,10.818400206997158,Noatak,0.449645
81330000030401,0.51444,0.2187,380.612255,65,10.991075590761964,Noatak,0.45172
81330000030411,0.44567500000000004,0.14563999999999994,636.6156165,62,11.17771405294785,Noatak,0.467945
81330000030421,0.52153,0.16953000000000007,829.282413,77,11.366509574265393,Noatak,0.47551
81330000030431,0.47551,0.15113,720.267628,79,11.547742209004097,Noatak,0.47835
81330000030441,0.51221,0.23912,608.241464,64,11.729271968054618,Noatak,0.47946
81330000030451,0.48793,0.15275499999999997,539.4769,64,11.910207459127589,Noatak,0.479515
81330000030461,0.5105949999999999,0.188175,506.50993,66,12.090845818463304,Noatak,0.48100750000000003
81330000030471,0.484275,0.17245000000000002,477.6476295,62,12.27088991379723,Noatak,0.47957
81330000030481,0.47957,0.15539999999999998,473.5604605,66,12.450934009138251,Noatak,0.47957
81330000030491,0.49089499999999997,0.16745500000000002,580.0655795,74,12.631869498209744,Noatak,0.48100750000000003
81330000030501,0.50452,0.15846,712.302202,75,12.815446414235966,Noatak,0.482445
81330000030511,0.49852,0.18056,761.724579,70,13.002490643512644,Noatak,0.482445
81330000030521,0.52213,0.18375000000000002,709.521075,76,13.197841139191915,Noatak,0.48336
81330000030531,0.467945,0.16058000000000003,716.197821,72,13.410209682349526,Noatak,0.484275
81330000030541,0.525695,0.18679500000000004,912.2554645,80,13.615989183365292,Noatak,0.482445
81330000030551,0.47835,0.16003,821.274068,79,13.823964979332878,Noatak,0.482445
81330000030561,0.47946,0.17845999999999995,794.7327,77,14.034995714397704,Noatak,0.482445
81330000030571,0.53134,0.16125000000000006,824.046806,71,14.226811996488204,Noatak,0.484275
81330000030581,0.482445,0.153055,650.2518525,62,14.420824576783394,Noatak,0.48336
81330000030591,0.46928,0.15993999999999997,738.585242,69,14.603929003609254,Noatak,0.48336
81330000030601,0.44687,0.12407000000000001,698.347675,61,14.770873967785558,Noatak,0.48336
81330000030611,0.46855,0.15825999999999996,630.667709,59,14.950444299042172,Noatak,0.48667
81330000030621,0.45095,0.14836,771.370243,67,15.134027655021061,Noatak,0.497415
81340100010011,0.513785,0.17730000000000007,902.730123,80,15.30145155764888,Noatak,0.4979675
81340100010021,0.47936999999999996,0.19033999999999998,689.986271,78,15.491929878899619,Noatak,0.4979675
81340100010031,0.5082199999999999,0.19085,754.6911465000001,76,15.69856757713157,Noatak,0.497415
81340100010041,0.47531,0.20174999999999998,674.093569,77,15.889904479005443,Noatak,0.4993425
81340100010051,0.46263,0.19441,674.770253,76,16.08038270416285,Noatak,0.504745
81340100010061,0.475165,0.188955,627.5301985000001,80,16.277928918529916,Noatak,0.504745
81340100010071,0.497415,0.201305,712.5492019999999,80,16.472872195509918,Noatak,0.5110025
81340100010081,0.53321,0.19446000000000008,662.707802,81,16.66781541318828,Noatak,0.5110025
81340100010091,0.52207,0.19648999999999994,552.000416,79,16.882858534324196,Noatak,0.5110025
81340100010101,0.5667,0.23107,604.278205,73,17.08997495033645,Noatak,0.515285
81340100010111,0.565285,0.20646500000000004,565.3461669999999,80,17.289677658536014,Noatak,0.5186
81340100010121,0.5186,0.18286500000000003,696.4676685,74,17.486804426215276,Noatak,0.52207
81340100010131,0.55637,0.18547500000000003,751.9763935000001,78,17.673847794232582,Noatak,0.524185
81340100010141,0.5444450000000001,0.21189,716.528091,84,17.880485072945635,Noatak,0.53321
81340100010151,0.5557300000000001,0.2152,794.73153,78,18.08931863744493,Noatak,0.53321
81340100010161,0.50127,0.17991999999999997,783.370534,77,18.28027551247385,Noatak,0.53503
81340100010171,0.524185,0.212585,624.411338,74,18.482025211389082,Noatak,0.53908
81340100010181,0.516785,0.19504000000000005,838.656131,78,18.680869088423723,Noatak,0.5444450000000001
81340100010191,0.54907,0.20530999999999994,835.329571,75,18.86977873624698,Noatak,0.54907
81340100010201,0.50477,0.21094000000000007,939.234367,79,19.065507760619973,Noatak,0.54907
81340100010211,0.53908,0.20661,890.1417859999999,82,19.27176521310114,Noatak,0.5557300000000001
81340100010221,0.53503,0.22735999999999998,1027.900411,84,19.4720946198143,Noatak,0.55637
81340100010231,0.55736,0.23397,809.503093,77,19.669815331706662,Noatak,0.55637
81340100010241,0.56671,0.23901000000000006,797.598623,73,19.867536030733323,Noatak,0.55637
81340100010251,0.58591,0.23554000000000003,467.908432,75,20.065553851559677,Noatak,0.55736
81340100010261,0.69742,0.265215,399.0353275,40,20.263274545765846,Noatak,0.55736
81340100010271,0.5309649999999999,0.22887000000000002,1374.366593,62,20.450720546487958,Noatak,0.56671
81340100010281,0.58484,0.25457,598.00606,57,20.662747440004217,Noatak,0.57758
81340100010291,0.599035,0.24830999999999998,707.7864,68,20.873777264075716,Noatak,0.58484
81340100010301,0.599795,0.23310000000000003,975.5021664999999,72,21.061679258396442,Noatak,0.58484
81340100010311,0.57758,0.22814,1090.074504,73,21.2611503982529,Noatak,0.58591
81340100010321,0.54884,0.21350000000000002,1619.548301,73,21.457980216485876,Noatak,0.594785
81340100010331,0.594785,0.24619000000000002,1125.054437,60,21.654513023030166,Noatak,0.594785
81340100010341,0.62278,0.27891,961.719464,59,21.867535224785755,Noatak,0.599035
81340100010351,0.63084,0.26927,1069.802442,51,22.06611541254278,Noatak,0.599795
81340100010361,0.7125049999999999,0.31665999999999994,659.810337,42,22.254282412230626,Noatak,0.6194200000000001
81340100010371,0.65978,0.27317500000000006,453.409952,40,22.447336993428593,Noatak,0.6202300000000001
81340100010381,0.5478050000000001,0.1812150000000001,386.0469825,32,22.653116537947113,Noatak,0.62278
81340100010391,0.6267199999999999,0.28719,469.0875615,30,22.85344717644733,Noatak,0.62278
81340100010401,0.740755,0.344565,369.4577515,34,23.050872111229776,Noatak,0.62278
81340100010411,0.71909,0.32246,716.742152,51,23.2477028804044,Noatak,0.62332
81340100010421,0.5134000000000001,0.287295,615.187984,60,23.44423663085243,Noatak,0.62332
81340100010431,0.62332,0.27660999999999997,877.675394,57,23.655774193738438,Noatak,0.62332
81340100010441,0.6194200000000001,0.2838,1048.101705,68,23.852902418786645,Noatak,0.62332
81340100010451,0.554555,0.281955,829.548667,70,24.050625021391983,Noatak,0.62332
81340100010461,0.6202300000000001,0.250915,854.0843904999999,68,24.248941986212884,Noatak,0.62332
81340100010471,0.70025,0.29806000000000005,714.743674,77,24.450429279739208,Noatak,0.62332
81340100010481,0.71547,0.28154499999999993,751.6639935000001,70,24.65449262197712,Noatak,0.6202300000000001
81340100010491,0.675065,0.30301,709.346053,72,24.84411383518064,Noatak,0.6202300000000001
81340100010501,0.66098,0.28054999999999997,790.855136,69,25.034593791981454,Noatak,0.6202300000000001
81340100010511,0.64438,0.27452999999999994,773.822055,83,25.23214193555451,Noatak,0.62332
81340100010521,0.61607,0.28937999999999997,647.967425,84,25.442867563796423,Noatak,0.62332
81340100010531,0.6507350000000001,0.247235,719.847743,78,25.653593290586958,Noatak,0.62332
81340100010541,0.54571,0.21821000000000002,955.646754,85,25.84205023598708,Noatak,0.62332
81340100010551,0.562,0.24350000000000005,861.048841,79,26.034899623592562,Noatak,0.623795
81340100010561,0.55819,0.20151999999999998,985.519671,77,26.232520693011146,Noatak,0.623795
81340100010571,0.570515,0.26776999999999995,742.576733,72,26.437009670134,Noatak,0.623795
81340100010581,0.58618,0.31252500000000005,824.601891,68,26.636727117046867,Noatak,0.63816
81340100010591,0.568735,0.29569999999999996,628.161922,60,26.82785988979014,Noatak,0.64438
81340100010601,0.57159,0.26499000000000006,491.36121,61,27.039544728377564,Noatak,0.63816
81340100010611,0.66147,0.32281,527.320313,57,27.231056920326935,Noatak,0.623795
81340100010621,0.623795,0.34561,363.481409,62,27.440445807372473,Noatak,0.623795
81340100020011,0.67213,0.34285,380.572371,57,27.65251019224753,Noatak,0.623795
81340100020021,0.700135,0.42118,330.84504000000004,58,27.82920072106455,Noatak,0.623795
81340100020031,0.6513249999999999,0.31705,278.877874,60,28.02853956985039,Noatak,0.63541
81340100020041,0.7244,0.32999999999999996,333.048255,55,28.23302937702919,Noatak,0.63541
81340100020051,0.63816,0.3102599999999999,282.166942,61,28.435802318027736,Noatak,0.63541
81340100020061,0.56108,0.23354000000000003,321.29677300000003,58,28.63036978541391,Noatak,0.63816
81340100020071,0.58402,0.34149999999999997,247.870968,63,28.82963686568621,Noatak,0.6513249999999999
81340100020081,0.70447,0.35222999999999993,284.764809,57,29.034825324401975,Noatak,0.66147
81340100020091,0.6643049999999999,0.33991499999999997,266.2386645,62,29.232814736081387,Noatak,0.66147
81340100020101,0.60011,0.28511,388.181286,69,29.43024271609035,Noatak,0.6643049999999999
81340100020111,0.588285,0.274895,459.79949350000004,82,29.628859346937496,Noatak,0.67013
81340100020121,0.75943,0.3516500000000001,565.028945,79,29.84129146395501,Noatak,0.67013
81340100020131,0.78847,0.359445,715.3021805,70,30.038125478542177,Noatak,0.67013
81340100020141,0.63541,0.38300000000000006,635.58193,78,30.23670967119654,Noatak,0.67013
81340100020151,0.7684949999999999,0.4223549999999999,711.393439,80,30.440743065159896,Noatak,0.67013
81340100020161,0.6963600000000001,0.357105,623.8893285,76,30.634660183931093,Noatak,0.67013
81340100020171,0.57659,0.29823999999999995,661.358199,77,30.82771872978801,Noatak,0.669625
81340100020181,0.72663,0.3291700000000001,717.206538,73,31.03521982203424,Noatak,0.67013
81340100020191,0.71182,0.31835,541.255663,51,31.244058727430946,Noatak,0.6963600000000001
81340100020201,0.67013,0.33138,979.6984725,76,31.43963438302472,Noatak,0.70447
81340100020211,0.60895,0.28894,640.221863,77,31.63606876331393,Noatak,0.6963600000000001
81340100020221,0.707645,0.34157000000000004,697.65936,82,31.83935038042343,Noatak,0.6963600000000001
81340100020231,0.70972,0.32647000000000004,808.513439,85,32.0304853952653,Noatak,0.707645
81340100020241,0.669625,0.31853000000000004,735.6073260000001,78,32.2202827427625,Noatak,0.707645
81340100020251,0.6651549999999999,0.33821,991.811042,86,32.4213681214495,Noatak,0.6963600000000001
81340100020261,0.75105,0.364,972.5810819999999,82,32.6310660968814,Noatak,0.68381
81340100020271,0.77574,0.3313800000000001,1109.018192,71,32.83856772241799,Noatak,0.69036
81340100020281,0.66075,0.31683500000000003,998.7798695,72,33.02733356512137,Noatak,0.69036
81340100020291,0.646895,0.27682,881.0469660000001,78,33.22648023051303,Noatak,0.69036
81340100020301,0.7598,0.35875,1100.571898,77,33.42476823310933,Noatak,0.697715
81340100020311,0.72184,0.31122000000000005,1072.907574,89,33.62711790481871,Noatak,0.697715
81340100020321,0.7207600000000001,0.30525499999999994,994.509941,88,33.83032621662894,Noatak,0.697715
81340100020331,0.67869,0.34362000000000004,775.120383,87,34.03267583292919,Noatak,0.706455
81340100020341,0.6804399999999999,0.32886499999999996,892.0373095,90,34.23301095791008,Noatak,0.707645
81340100020351,0.71348,0.41122000000000003,739.468125,83,34.432487395300335,Noatak,0.70972
81340100020361,0.6698,0.33285,805.052338,82,34.634836947293614,Noatak,0.71348
81340100020371,0.67782,0.30177,787.378151,87,34.82360265945972,Noatak,0.719425
81340100020381,0.68381,0.31291,711.122581,99,35.01895749108535,Noatak,0.7207600000000001
81340100020391,0.69036,0.32482,659.523015,89,35.22090143173805,Noatak,0.7207600000000001
81340100020401,0.719425,0.36205999999999994,561.94169,102,35.42418304343779,Noatak,0.7207600000000001
81340100020411,0.697715,0.34011,570.971553,96,35.61569722256453,Noatak,0.72184
81340100020421,0.76086,0.38709000000000005,445.905092,99,35.81160375610054,Noatak,0.72671
81340100020431,0.756575,0.356445,434.944139,104,36.02195305166442,Noatak,0.72671
81340100020441,0.7455,0.317835,436.82806949999997,88,36.22657217037029,Noatak,0.73951
81340100020451,0.706455,0.337245,413.6469005,94,36.42584037686906,Noatak,0.7455
81340100020461,0.77422,0.35598,393.816267,95,36.622433109303905,Noatak,0.756575
81340100020471,0.72671,0.3289099999999999,394.343158,98,36.81950485575446,Noatak,0.76086
81340100020481,0.79997,0.37853000000000003,358.03531350000003,90,37.02058970608283,Noatak,0.76665
81340100020491,0.7734749999999999,0.4043899999999999,279.4885005,80,37.22788402987668,Noatak,0.77308
81340100020501,0.818065,0.35317000000000004,318.99234950000005,80,37.42035625719343,Noatak,0.7734749999999999
81340100020511,0.76665,0.33448999999999995,248.903353,77,37.62170066686423,Noatak,0.77422
81340100020521,0.8473649999999999,0.39946500000000007,304.5289315,76,37.833921614817136,Noatak,0.78042
81340100020531,0.73951,0.36341,286.093533,72,38.03593253105368,Noatak,0.79173
81340100020541,0.812775,0.38356,332.248606,82,38.22878374742716,Noatak,0.79997
81340100020551,0.77308,0.428945,262.2896895,82,38.42640652019898,Noatak,0.79997
81340100020561,0.829545,0.40761499999999995,275.84223,88,38.632901434562996,Noatak,0.79997
81340100020571,0.87232,0.39742500000000003,299.619349,92,38.827049731937635,Noatak,0.79997
81340100020581,0.79173,0.4464299999999999,300.604441,91,39.02119796156433,Noatak,0.79997
81340100020591,0.84378,0.44360999999999995,347.338434,82,39.21362916605562,Noatak,0.79997
81340100020601,0.813475,0.367,346.389678,94,39.408064660642246,Noatak,0.79997
81340100020611,0.87933,0.40786999999999995,313.73402,85,39.61045421706174,Noatak,0.80954
81340100020621,0.83821,0.36827,226.508623,81,39.82072904592313,Noatak,0.80954
81340100020631,0.78042,0.43357,303.615768,83,40.02277983096603,Noatak,0.79242
81340100020641,0.812555,0.36234,210.24915,78,40.22826513193101,Noatak,0.79242
81340100020651,0.91827,0.40611499999999995,191.8569675,70,40.43662343848059,Noatak,0.79173
81340100020661,0.98277,0.44318,180.309212,61,40.62882198350981,Noatak,0.79242
81340100020671,0.78992,0.36250499999999997,219.120217,68,40.81785020094625,Noatak,0.79173
81340100020681,0.73418,0.3399400000000001,237.39673,65,41.02520665105456,Noatak,0.79173
81340100020691,0.750775,0.37124999999999997,372.22826150000003,78,41.22626214537627,Noatak,0.78992
81340100020701,0.696645,0.30455,368.0638845,68,41.41338197744162,Noatak,0.788985
81340100020711,0.61616,0.3466699999999999,422.523751,65,41.61666138938899,Noatak,0.78042
81340100020721,0.72241,0.363035,518.806828,74,41.82738776890616,Noatak,0.78042
81340100020731,0.80954,0.40737,523.354758,93,42.03677638721931,Noatak,0.77812
81340100020741,0.77193,0.36132999999999993,567.384511,83,42.22255832527957,Noatak,0.77603
81340100020751,0.79242,0.39271,400.753517,69,42.41444952737846,Noatak,0.77603
81340100020761,0.775515,0.39876,477.4814945,66,42.609577253222774,Noatak,0.77603
81340100020771,0.747935,0.373825,269.4361265,48,42.81705785110271,Noatak,0.77603
81340100020781,0.82573,0.42197000000000007,271.452757,67,43.036123715872954,Noatak,0.77603
81340100020791,0.77603,0.37662,344.365556,89,43.22708321401855,Noatak,0.77603
81340100020801,0.7360249999999999,0.4283799999999999,393.74446650000004,88,43.41412903840736,Noatak,0.77603
81340100020811,0.7538050000000001,0.33941,444.89171,94,43.6031522637125,Noatak,0.77603
81340100020821,0.788985,0.33263000000000004,382.968053,90,43.81336682493087,Noatak,0.77717
81340100020831,0.76448,0.40996000000000005,404.4122275,92,44.02991047553248,Noatak,0.77812
81340100020841,0.81658,0.394,343.20517800000005,98,44.23185201835368,Noatak,0.7808
81340100020851,0.77812,0.45339000000000007,324.459023,79,44.42892189527938,Noatak,0.788985
81340100020861,0.7650600000000001,0.40388499999999994,296.531828,92,44.6320950582986,Noatak,0.788985
81340100020871,0.7808,0.34220000000000006,348.647469,85,44.82919223491046,Noatak,0.79242
81340100020881,0.80052,0.402045,317.26533900000004,90,45.024242327653745,Noatak,0.7988299999999999
81340100020891,0.77717,0.43767,296.576067,83,45.23429638200975,Noatak,0.80052
81340100020901,0.85556,0.41695000000000004,317.041117,91,45.42934667575469,Noatak,0.807815
81340100020911,0.9336450000000001,0.4239750000000001,280.522056,72,45.6243970774308,Noatak,0.807815
81340100020921,0.86324,0.42993000000000003,311.584071,80,45.81974470680204,Noatak,0.81023
81340100020931,0.77427,0.43613500000000005,262.91028700000004,94,46.017139644289756,Noatak,0.81298
81340100020941,0.858445,0.45057,285.37507400000004,90,46.231321395461435,Noatak,0.81658
81340100020951,0.807815,0.49217500000000003,274.639134,90,46.44639467151495,Noatak,0.82273
81340100030011,0.82273,0.4946600000000001,377.360306,91,46.631724611731464,Noatak,0.82582
81340100030021,0.7988299999999999,0.4940899999999999,321.95095200000003,88,46.806046895557714,Noatak,0.8323
81340100030031,0.89106,0.48144000000000003,313.5395095,86,47.006652180995395,Noatak,0.837915
81340100030041,0.81023,0.42738,310.089522,92,47.20837556953629,Noatak,0.85556
81340100030051,0.8323,0.47056999999999993,288.0059025,96,47.40653284731348,Noatak,0.858445
81340100030061,0.96122,0.4560599999999999,322.208192,101,47.60125625160377,Noatak,0.86324
81340100030071,0.89792,0.47913999999999995,282.364942,102,47.807299756910204,Noatak,0.87189
81340100030081,0.837915,0.47019500000000003,347.555511,100,48.01021010209695,Noatak,0.8846700000000001
81340100030091,0.81298,0.40228,310.844657,96,48.20882716028501,Noatak,0.8846700000000001
81340100030101,0.82582,0.3963700000000001,381.852281,95,48.40774137266491,Noatak,0.8846700000000001
81340100030111,0.87189,0.46538000000000007,390.52329,99,48.59478916258112,Noatak,0.89106
81340100030121,0.9378599999999999,0.4417,344.157835,100,48.79100210107975,Noatak,0.89792
81340100030131,0.9011899999999999,0.4334450000000001,360.497481,108,48.98289515850307,Noatak,0.9011899999999999
81340100030141,0.90489,0.43731999999999993,291.51268,101,49.182235359629544,Noatak,0.90297
81340100030151,0.910905,0.4325,331.247349,100,49.39563916064442,Noatak,0.90333
81340100030161,0.8846700000000001,0.455935,446.4730705,100,49.58543614671765,Noatak,0.90385
81340100030171,0.90297,0.47073999999999994,414.2501515,98,49.772333640270894,Noatak,0.90385
81340100030181,0.93578,0.5046999999999999,464.263638,105,49.97049148708446,Noatak,0.90489
81340100030191,0.94624,0.47075999999999996,403.299393,107,50.16664503744703,Noatak,0.90385
81340100030201,0.90333,0.5300800000000001,440.752246,101,50.358319840129944,Noatak,0.90489
81340100030211,0.95322,0.516975,377.17278350000004,100,50.551999079811985,Noatak,0.910905
81340100030221,0.88319,0.47121,341.587941,107,50.75416593822617,Noatak,0.912325
81340100030231,0.995085,0.4959,389.6045165,104,50.956332874773715,Noatak,0.9160900000000001
81340100030241,0.912325,0.46799999999999986,368.5284275,104,51.16855474684666,Noatak,0.91821
81340100030251,0.92963,0.47985999999999995,368.486226,97,51.37966310785837,Noatak,0.91821
81340100030261,0.94947,0.50929,355.150997,89,51.58026975154694,Noatak,0.92963
81340100030271,0.90385,0.51978,350.138923,79,51.77514598919139,Noatak,0.93578
81340100030281,0.94613,0.50673,360.592481,91,51.96189773132518,Noatak,0.94613
81340100030291,0.85977,0.4989100000000001,339.756478,77,52.15903039472666,Noatak,0.94624
81340100030301,0.91821,0.52711,408.90759,79,52.35616314796832,Noatak,0.94947
81340100030311,0.889255,0.51251,440.7141865,80,52.54425288434218,Noatak,0.95322
81340100030321,0.9160900000000001,0.5235650000000001,768.1051460000001,90,52.74820545449709,Noatak,0.995085
81340100030331,1.03387,0.46201000000000003,531.97581,79,52.950523256422294,Noatak,1.03387
81340100030341,1.17675,0.50975,541.6969240000001,90,53.15049679589405,Noatak,1.08579
81340100030351,1.15101,0.49241999999999986,691.517359,93,53.34584718639101,Noatak,1.08579
81340100030361,1.240965,0.5097550000000001,693.537588,88,53.544136329678324,Noatak,1.1075
81340100030371,1.13018,0.5225500000000001,436.158702,89,53.74476993286442,Noatak,1.1075
81340100030381,1.08579,0.54817,225.547436,80,53.93036676489633,Noatak,1.1075
81340100030391,1.13891,0.5100600000000001,379.772301,73,54.121662458663266,Noatak,1.124885
81340100030401,1.14054,0.5214600000000001,1021.717582,71,54.32336812621122,Noatak,1.13018
81340100030411,1.24088,0.72375,369.911172,55,54.53657562998269,Noatak,1.13891
81340100030421,1.355705,0.609785,315.80566899999997,56,54.74452032342799,Noatak,1.14054
81340100030431,1.45767,0.681485,287.653501,54,54.935237571772824,Noatak,1.14411
81340100040011,1.14411,0.6531199999999999,325.384204,61,55.10130181171001,Noatak,1.1492399999999998
81340100040021,1.124885,0.672065,268.0249345,60,55.27280447413369,Noatak,1.15101
81340100040031,1.1492399999999998,0.6073799999999998,240.70633700000002,62,55.48169171425563,Noatak,1.16277
81340100040041,1.08012,0.565285,271.74521949999996,64,55.680368930061164,Noatak,1.16277
81340100040051,1.1075,0.58193,261.355484,67,55.87054766550024,Noatak,1.19692
81340100040061,1.07443,0.47551999999999994,253.623953,67,56.0813880276298,Noatak,1.19692
81340100040071,1.10134,0.5625,288.785573,65,56.284301521461444,Noatak,1.1992699999999998
81340100040081,1.1992699999999998,0.5506300000000002,224.5642435,60,56.48549776521142,Noatak,1.23068
81340100040091,1.3686099999999999,0.680375,244.675793,54,56.67492689530558,Noatak,1.23068
81340100040101,1.19692,0.43396,250.688834,61,56.85218800285136,Noatak,1.23068
81340100040111,1.23068,0.526885,305.261824,78,57.04691483588422,Noatak,1.23068
81340100040121,1.16277,0.5330899999999998,323.814506,75,57.24908451712949,Noatak,1.23068
81340100040131,1.301275,0.55243,287.518166,70,57.45125426359639,Noatak,1.2103700000000002
81340100040141,1.34782,0.6224000000000001,312.556567,75,57.64741089023932,Noatak,1.21824
81340100040151,1.34737,0.57973,307.455625,79,57.85877359062228,Noatak,1.2189
81340100040161,1.368385,0.580735,390.148959,74,58.070136367386176,Noatak,1.23068
81340100040171,1.38049,0.58801,383.004807,73,58.25407867220359,Noatak,1.231225
81340100040181,1.32142,0.57606,348.045302,65,58.456025605091945,Noatak,1.268915
81340100040191,1.35006,0.4925299999999999,379.271206,61,58.66161551245103,Noatak,1.27365
81340100040201,1.321115,0.5285500000000001,380.83241499999997,60,58.84751127399608,Noatak,1.301275
81340100040211,1.164615,0.551015,575.0273265,70,59.04781710420307,Noatak,1.321115
81340100040221,1.17956,0.58969,709.3223325,70,59.244655549502205,Noatak,1.321115
81340100040231,1.37167,0.5507,519.312658,79,59.447834753691595,Noatak,1.32142
81340100040241,1.231225,0.5295650000000001,651.352791,88,59.64271424699563,Noatak,1.34737
81340100040251,1.2103700000000002,0.5627949999999998,506.4510975,88,59.82140602752115,Noatak,1.34782
81340100040261,1.21824,0.60725,467.667638,87,60.01956804580791,Noatak,1.35006
81340100040271,1.2189,0.6228399999999998,373.191435,77,60.22775216244819,Noatak,1.368385
81340100040281,1.268915,0.6632750000000001,337.625467,86,60.43794075665973,Noatak,1.37167
81340100040291,1.27365,0.56485,328.273513,85,60.632956345896574,Noatak,1.38049
81340100040301,1.42058,0.63737,294.41841,81,60.82752944602231,Noatak,1.40484
81340100040311,1.4953,0.62255,271.9476645,86,61.034828716714365,Noatak,1.41417
81340100040321,1.630615,0.6785049999999999,282.45009749999997,86,61.22596787996947,Noatak,1.41417
81340100040331,1.645705,0.6178050000000002,214.05261050000001,90,61.42531289278111,Noatak,1.41417
81340100040341,1.54058,0.5905800000000001,243.612553,93,61.631526007125316,Noatak,1.42058
81340100040351,1.68593,0.64551,225.181154,83,61.82396269480347,Noatak,1.42058
81340100040361,1.55952,0.61598,242.393345,84,62.012965416972705,Noatak,1.42058
81340100040371,1.7356850000000001,0.5382400000000002,224.10567200000003,76,62.20658042271205,Noatak,1.42058
81340100040381,1.5170249999999998,0.579835,245.909603,84,62.404515539405914,Noatak,1.42058
81340100040391,1.47973,0.50814,223.09090099999997,86,62.608587246097514,Noatak,1.42058
81340100040401,1.40484,0.535935,287.99694450000004,84,62.80919154489898,Noatak,1.42058
81340100040411,1.41417,0.5483899999999999,322.521159,89,63.00748427836843,Noatak,1.42058
81340100040421,1.4251,0.568015,361.502634,68,63.20462126188724,Noatak,1.42058
81340100040431,1.53972,0.639435,372.61989600000004,60,63.40027261286603,Noatak,1.42442
81340100050011,1.24269,0.6010900000000001,479.54226,82,63.59532975966796,Noatak,1.42442
81340100050021,1.30218,0.5386500000000001,491.962009,83,63.77657118023252,Noatak,1.42442
81340100050031,1.4341,0.5824699999999999,557.579919,63,63.96522674502377,Noatak,1.41417
81340100050041,1.30362,0.53592,586.247283,85,64.16364207229296,Noatak,1.41417
81340100050051,1.31022,0.5441500000000001,645.830818,91,64.35926241856924,Noatak,1.41417
81340100050061,1.27781,0.4770700000000001,557.553139,93,64.56000531321314,Noatak,1.41417
81340100050071,1.28773,0.57429,539.354654,101,64.76418231628098,Noatak,1.41417
81340100050081,1.367585,0.5760449999999999,639.1754109999999,94,64.94513547884615,Noatak,1.41417
81340100050091,1.34036,0.61883,490.716593,100,65.14530375803066,Noatak,1.41417
81340100050101,1.354635,0.61159,658.8065535000001,100,65.35896127888705,Noatak,1.42442
81340100050111,1.39333,0.617775,591.863931,98,65.55763676432306,Noatak,1.4251
81340100050121,1.42442,0.60928,801.870456,103,65.74476424209772,Noatak,1.4272200000000002
81340100050131,1.4272200000000002,0.5739899999999999,667.0190345000001,102,65.92794618793918,Noatak,1.4272200000000002
81340100050141,1.4322249999999999,0.60555,648.275918,104,66.132410969947,Noatak,1.4301249999999999
81340100050151,1.39696,0.6573600000000002,692.572549,103,66.33859284294867,Noatak,1.4322249999999999
81340100050161,1.4301249999999999,0.6464400000000001,675.506623,102,66.53675706802855,Noatak,1.4322249999999999
81340100050171,1.441645,0.6288199999999999,612.7284374999999,102,66.73492134996089,Noatak,1.43633
81340100050181,1.43633,0.6262199999999998,729.056015,101,66.91988386734904,Noatak,1.441645
81340100050191,1.689015,0.63555,614.901032,102,67.11085973273967,Noatak,1.57641
81340100050201,1.8458649999999999,0.6507249999999999,580.4711165,84,67.3230552025155,Noatak,1.616545
81340100050211,1.981155,0.74778,570.5351745,84,67.52179452678364,Noatak,1.64077
81340100050221,1.69404,0.637925,546.296687,104,67.71674918719086,Noatak,1.64077
81340100050231,1.57641,0.5932600000000001,444.93465349999997,100,67.92137540514261,Noatak,1.642785
81340100050241,1.64077,0.65588,514.655104,103,68.11807457007669,Noatak,1.642785
81340100050251,1.820225,0.6445649999999999,568.8496265,96,68.31209828934436,Noatak,1.66937
81340100050261,1.940555,0.6731750000000001,459.217123,64,68.51271145962056,Noatak,1.66937
81340100050271,1.687125,0.5539550000000001,514.0087775000001,90,68.70635570425124,Noatak,1.66937
81340100050281,1.642785,0.6073500000000001,452.16391899999996,94,68.90755649067707,Noatak,1.66937
81340100050291,1.616545,0.6257600000000001,457.28990999999996,98,69.11706413251122,Noatak,1.687125
81340100050301,1.739045,0.6192099999999999,528.622301,96,69.30419277021917,Noatak,1.689015
81340100050311,1.735675,0.594605,506.7771085,100,69.49399701406963,Noatak,1.69019
81340100050321,1.74499,0.5519500000000002,580.816061,99,69.70263726112493,Noatak,1.69404
81340100050331,1.85454,0.6273399999999998,801.683181,99,69.89377940824573,Noatak,1.69404
81340100050341,1.62697,0.5665900000000001,588.999327,105,70.08835570987661,Noatak,1.69404
81340100050351,1.66937,0.5512499999999998,700.934236,105,70.28598688256999,Noatak,1.70347
81340100050361,1.596605,0.5902949999999999,486.30125499999997,104,70.48705221372612,Noatak,1.70737
81340100050371,1.70737,0.6356799999999998,616.770406,105,70.68506279691665,Noatak,1.72442
81340100050381,1.60414,0.6009800000000001,467.269994,107,70.87792233334972,Noatak,1.72442
81340100050391,1.62241,0.610985,492.8339515,110,71.08426683602899,Noatak,1.70737
81340100050401,1.61558,0.5930900000000001,481.4296465,104,71.2782916521708,Noatak,1.72442
81340100050411,1.69019,0.606855,410.42127949999997,98,71.47919626661184,Noatak,1.72442
81340100050421,1.7334049999999999,0.5810749999999999,445.38108850000003,104,71.67574196144504,Noatak,1.72656
81340100050431,1.74259,0.62904,389.450887,105,71.88699521967337,Noatak,1.72656
81340100060011,1.70347,0.6270850000000001,380.443153,100,72.09854571401874,Noatak,1.72656
81340100060021,1.74493,0.62782,324.653729,93,72.27978989662415,Noatak,1.72656
81340100060031,1.79399,0.7008999999999999,262.570955,91,72.47574164118,Noatak,1.72656
81340100060041,1.72442,0.65046,254.184544,91,72.68580665906492,Noatak,1.732395
81340100060051,1.732395,0.63161,292.3562245,88,72.88175856467281,Noatak,1.7334049999999999
81340100060061,1.76286,0.5938800000000002,235.086116,87,73.08322542104891,Noatak,1.74259
81340100060071,1.772035,0.574215,281.34401049999997,86,73.28298143443635,Noatak,1.74493
81340100060081,1.70485,0.5607599999999999,260.626949,85,73.46654967667007,Noatak,1.762645
81340100060091,1.72656,0.5702050000000001,263.927766,82,73.67276743150428,Noatak,1.76286
81340100060101,1.72173,0.5627800000000001,372.745632,83,73.88474329549922,Noatak,1.772035
81340100060111,1.77353,0.64082,374.711793,85,74.09078531514174,Noatak,1.77267
81340100060121,1.78483,0.6261399999999999,360.160392,78,74.29501047895815,Noatak,1.77353
81340100060131,1.77912,0.71404,342.678683,83,74.49562572569789,Noatak,1.77912
81340100060141,1.7805,0.63242,367.587068,85,74.69058267512735,Noatak,1.7805
81340100060151,1.828085,0.6465900000000001,362.9747575,88,74.88993218512441,Noatak,1.78483
81340100060161,1.762645,0.65967,378.5023405,96,75.10029101797969,Noatak,1.78483
81340100060171,1.77267,0.6266150000000001,471.1263935,102,75.29009668769751,Noatak,1.828085
81340100060181,1.86226,0.6424099999999999,431.061361,103,75.47856454008291,Noatak,1.86226
81340100060191,2.01834,0.6473800000000001,537.277744,97,75.68185509056369,Noatak,1.972855
81340100060201,2.07513,0.5159799999999999,461.213538,85,75.89595500309187,Noatak,1.98419
81340100060211,2.0042,0.5403,495.554695,79,76.10115374363386,Noatak,1.99325
81340100060221,2.15496,0.5893799999999998,596.877821,89,76.30090309978262,Noatak,2.0042
81340100060231,1.972855,0.64465,723.0312885000001,94,76.50955360096245,Noatak,2.009615
81340100060241,2.07412,0.6459400000000002,539.295516,93,76.71016854394931,Noatak,2.01411
81340100060251,2.05534,0.6302950000000002,368.113122,90,76.90944574620991,Noatak,2.01495
81340100060261,1.99325,0.6431600000000002,376.224475,83,77.09829285279288,Noatak,2.01834
81340100060271,2.01495,0.6263850000000002,359.2629515,84,77.2871399982874,Noatak,2.028715
81340100060281,2.01411,0.6546599999999998,386.727387,82,77.48909286704695,Noatak,2.0493050000000004
81340100060291,2.0493050000000004,0.674515,391.410265,82,77.69372132913422,Noatak,2.05534
81340100060301,2.13537,0.5909,383.143941,87,77.89701205418976,Noatak,2.0594099999999997
81340100060311,2.06442,0.63842,387.289978,85,78.09495170403196,Noatak,2.06442
81340100060321,1.98419,0.7250599999999998,426.270197,85,78.29155360948108,Noatak,2.0698350000000003
81340100060331,2.028715,0.686305,426.379861,84,78.50479515597125,Noatak,2.0698350000000003
81340100060341,2.009615,0.6550750000000001,479.3597165,86,78.7166989580094,Noatak,2.07412
81340100060351,2.0698350000000003,0.65439,618.8755735,88,78.91076394679824,Noatak,2.07412
81340100060361,2.0594099999999997,0.5779949999999999,494.3209215,92,79.115919781982,Noatak,2.13537
81340100060371,2.21522,0.597995,647.4595695,88,79.31682554884827,Noatak,2.21522
81340100060381,2.240415,0.60325,609.6734994999999,88,79.49773545975806,Noatak,2.240415
81340100060391,2.27988,0.5736199999999999,678.743071,92,79.69793934105337,Noatak,2.27988
81340100060401,2.33612,0.5524799999999996,631.333449,95,79.90752749956256,Noatak,2.33612
81340100060411,2.42846,0.6656199999999999,357.56833,93,80.11513825190254,Noatak,2.42846
81340100060421,2.5002500000000003,0.7126899999999999,333.385358,88,80.32494557202492,Noatak,2.4903500000000003
81340100060431,2.4903500000000003,0.6080750000000003,324.5269635,84,80.52470277926722,Noatak,2.5002500000000003
81340100060441,2.51457,0.5276999999999998,333.894736,79,80.72531841290139,Noatak,2.50156
81340100060451,2.50156,0.560305,384.96497050000005,76,80.91979675330288,Noatak,2.51457
81340100060461,2.54514,0.58466,332.061913,77,81.1208642799623,Noatak,2.54514
81340100060471,2.66105,0.6458399999999997,359.685021,75,81.32737045416441,Noatak,2.66105
81340100060481,2.700525,0.6052649999999999,406.619162,70,81.52754287652103,Noatak,2.700525
81340100060491,2.89411,0.520715,454.964482,70,81.72755541924644,Noatak,2.89411
81340100060501,2.95023,0.4496549999999999,485.74451350000004,62,81.92004677224487,Noatak,2.92872
81340100060511,2.92872,0.43005000000000004,558.744483,64,82.11810516271326,Noatak,2.95023
81340100060521,3.08257,0.58335,904.8314625,66,82.33098633120103,Noatak,3.08257
81340100060531,3.10915,0.64235,263.477473,71,82.53331309047843,Noatak,3.10915
81340100060541,3.21448,0.6750799999999999,241.333221,79,82.73333418578763,Noatak,3.14917
81340100060551,3.14917,0.60615,270.540943,79,82.93306384649603,Noatak,3.21448
81340100060561,3.276065,0.6410499999999999,341.5580455,86,83.12980187372479,Noatak,3.276065
81340100060571,3.38837,0.6715950000000002,452.7986565,86,83.32854430724689,Noatak,3.38837
81340100060581,3.482235,0.7034700000000003,675.149028,82,83.52149300853607,Noatak,3.482235
81340100060591,3.55733,0.66038,735.827749,81,83.72210883665372,Noatak,3.55733
81340100060601,3.67806,0.7351999999999999,587.55689,75,83.93103043454445,Noatak,3.67806
81340100060611,3.767875,0.6637250000000001,287.46065799999997,76,84.13001019137373,Noatak,3.767875
81340100060621,3.807445,0.6651750000000001,259.9007775,74,84.33818246441629,Noatak,3.807445
81340100060631,3.97163,0.665035,214.18296700000002,76,84.54922797773087,Noatak,3.9372350000000003
81340100060641,3.965245,0.63811,257.79821400000003,76,84.73569079996271,Noatak,3.965245
81340100060651,3.9372350000000003,0.6402549999999998,314.731018,80,84.93283203924472,Noatak,3.97163
81340100060661,4.057145,0.6245200000000002,324.47253750000004,80,85.1449779756319,Noatak,4.057145
81340100060671,4.21523,0.6720700000000002,338.924552,73,85.34461283780014,Noatak,4.14055
81340100060681,4.21927,0.5718000000000005,295.340966,83,85.54626226814345,Noatak,4.18674
81340100060691,4.18674,0.4241199999999994,355.790684,87,85.74571521962709,Noatak,4.18674
81340100060701,4.14055,0.4584600000000001,337.420149,93,85.94374791986371,Noatak,4.21523
81340100060711,4.18674,0.445295,401.938992,90,86.14207778395911,Noatak,4.21927
81340100060721,4.274295,0.43976999999999933,593.8810635,84,86.34156352144262,Noatak,4.25638
81340100060731,4.41118,0.44228999999999985,753.245657,81,86.55605398237117,Noatak,4.274295
81340100060741,4.55908,0.41113,775.459875,81,86.756101287909,Noatak,4.41118
81340100060751,4.648155,0.5155349999999999,1128.674186,78,86.94476060756261,Noatak,4.48558
81340100060761,4.48558,0.29190000000000005,435.506352,75,87.14843075011692,Noatak,4.55908
81340100060771,4.25638,0.3367300000000002,163.33538,73,87.34904563813039,Noatak,4.624045
81340100060781,4.624045,0.2585250000000001,4.729836000000001,46,87.5476397526648,Noatak,4.648155
81340100060791,5.72279,0.40505000000000013,9.483007,33,87.76067699745754,Noatak,4.92024
81340100060801,5.07073,0.5626799999999994,10.32116,47,87.95811523354692,Noatak,4.97269
81340100060811,4.97269,0.5509300000000001,408.354345,81,88.1552563072364,Noatak,5.07073
81340100060821,4.92024,0.5951599999999999,613.253396,79,88.3679963660773,Noatak,5.07157
81340100060831,5.07157,0.5186699999999993,381.570748,83,88.56543457000876,Noatak,5.19679
81340100060841,5.2387250000000005,0.6403200000000004,419.984383,82,88.7500645576219,Noatak,5.22341
81340100060851,5.40099,0.52515,317.638472,77,88.94786969282703,Noatak,5.2387250000000005
81340100060861,5.19679,0.5919400000000001,228.98097,67,89.16161644060885,Noatak,5.26293
81340100060871,5.22341,0.7046600000000005,440.884311,61,89.3732423877071,Noatak,5.30594
81340100060881,5.33279,0.7985600000000002,521.300303,69,89.56270805613212,Noatak,5.33279
81340100060891,5.26293,0.6051200000000003,446.701018,73,89.7485009521504,Noatak,5.335955
81340100060901,5.335955,0.4931049999999999,421.5942575,84,89.94777888435878,Noatak,5.40099
81340100060911,5.30594,0.3999800000000002,204.657478,79,90.16455520586074,Noatak,5.72279
81340100060921,7.203105,0.43029999999999946,43.747447,12,90.3786560003208,Noatak,6.30757
81340100060931,7.522679999999999,0.6106749999999996,2.5655385,12,90.56959440890752,Noatak,6.33236
81340100060941,7.47865,0.22744500000000034,25.4243595,14,90.78226933938265,Noatak,6.360609999999999
81340100070011,6.38009,0.5735700000000001,15.923178,73,90.99233540875997,Noatak,6.38009
81340100070021,6.30757,0.7160200000000003,136.257263,81,91.17239204596605,Noatak,6.47492
81340100070031,6.360609999999999,0.5298299999999996,707.591309,88,91.36834485839557,Noatak,6.482925
81340100070041,6.33236,0.5879699999999994,277.082927,85,91.57989668868913,Noatak,6.550280000000001
81340100070051,6.482925,0.57924,649.138222,84,91.77555233823995,Noatak,6.68874
81340100070061,6.550280000000001,0.6593299999999997,524.3646309999999,86,91.97061368325816,Noatak,6.795825
81340100070071,6.47492,0.6520400000000004,332.368129,89,92.16858105015058,Noatak,6.8047450000000005
81340100070081,6.68874,0.5894550000000001,434.2847025,90,92.36516777473634,Noatak,6.89359
81340100070091,6.8047450000000005,0.6049950000000006,365.9182005,90,92.55974610801375,Noatak,6.9666
81340100070101,6.795825,0.5285349999999998,450.07785750000005,90,92.76424756935043,Noatak,7.078525
81340100070111,6.89359,0.6143799999999997,847.665775,91,92.96397718938816,Noatak,7.078525
81340100070121,6.9666,0.68485,1443.532573,95,93.1657113470599,Noatak,7.078525
81340100070131,7.078525,0.5040899999999997,1318.781195,92,93.36744554953238,Noatak,7.078525
81340100070141,7.161614999999999,0.5000100000000001,1103.1418525,92,93.56202415663364,Noatak,7.161614999999999
81340100070151,7.32468,0.5730899999999997,782.6251685,96,93.77887310286995,Noatak,7.32468
81340100070161,7.36619,0.5278499999999999,692.244983,97,93.97822370152072,Noatak,7.36619
81340100070171,7.55314,0.5108149999999996,527.1721795,96,94.17757434848875,Noatak,7.515140000000001
81340100070181,7.515140000000001,0.45671500000000087,591.3993515,96,94.37215312581384,Noatak,7.55314
81340100070191,7.62794,0.48367000000000004,437.605889,95,94.56501488501826,Noatak,7.62794
81340100070201,7.65923,0.4328500000000002,580.607078,93,94.76436565383716,Noatak,7.65923
81340100070211,7.81477,0.41710000000000047,530.959201,95,94.96018218819421,Noatak,7.81477
81340100070221,7.8842,0.38151000000000046,394.880259,93,95.17378854059352,Noatak,7.8842
81340100070231,7.947335000000001,0.4605150000000009,584.599987,94,95.37343078389074,Noatak,7.947335000000001
81340100070241,8.17163,0.5677650000000005,794.6531239999999,88,95.57251150747453,Noatak,8.17163
81340100070251,8.45153,0.52441,845.8193615,88,95.77502058961377,Noatak,8.40688
81340100070261,8.40688,0.468939999999999,641.344088,89,95.97358300248256,Noatak,8.45153
81340100070271,8.61165,0.4832199999999993,684.134658,87,96.1860270744408,Noatak,8.61165
81340100070281,8.841474999999999,0.4301750000000011,463.110025,86,96.38287206994445,Noatak,8.841474999999999
81340100070291,8.95899,0.47999999999999954,341.3873175,86,96.56747034225577,Noatak,8.95899
81340100070301,9.01824,0.4324099999999991,501.427759,85,96.76138219278313,Noatak,9.01824
81340100070311,9.19565,0.40012000000000114,531.329167,85,96.97562280426764,Noatak,9.19565
81340100070321,9.334655,0.3924500000000002,783.927456,86,97.17761166700896,Noatak,9.334655
81340100070331,9.42862,0.4109999999999996,676.509138,85,97.36683475674498,Noatak,9.42862
81340100070341,9.58915,0.32961500000000044,517.4392295,84,97.57107957858615,Noatak,9.532620000000001
81340100070351,9.532620000000001,0.3876550000000005,838.7366505,92,97.77157070764854,Noatak,9.58915
81340100070361,9.746935,0.39437500000000014,689.645621,86,97.9720823912896,Noatak,9.746935
81340100070371,9.9909,0.34253,661.037585,85,98.17360698428008,Noatak,9.9909
81340100070381,10.16362,0.3979999999999997,995.285596,85,98.37148209698368,Noatak,10.16362
81340100070391,10.24723,0.34010999999999925,447.301676,89,98.5632596802906,Noatak,10.24723
81340100070401,10.33434,0.4116699999999991,470.952024,87,98.76334338581347,Noatak,10.33434
81340100070411,10.35143,0.42074999999999996,637.848918,85,98.97896334167496,Noatak,10.35143
81340100070421,10.52012,0.34236999999999895,565.267686,85,99.18761482843797,Noatak,10.52012
81340100070431,10.56995,0.4316900000000006,391.579176,86,99.37865879306749,Noatak,10.56995
81340100070441,10.68999,0.5053800000000006,185.402314,87,99.57219204421209,Noatak,10.652455
81340100070451,10.652455,0.45816999999999997,301.511607,84,99.78277112551066,Noatak,10.68999
81340100070461,10.69693,0.4980899999999995,386.34395500000005,86,99.98684747963704,Noatak,10.69693
81340100070471,10.78909,0.4659499999999994,443.390062,87,100.1803945540538,Noatak,10.78909
81340100070481,10.89221,0.46109000000000044,592.963097,89,100.3752790257489,Noatak,10.89221
81340100070491,11.11037,0.4374300000000009,681.121671,85,100.57864541268302,Noatak,11.11037
81340100070501,11.249825000000001,0.415379999999999,676.487865,84,100.77664524767295,Noatak,11.249825000000001
81340100070511,11.49116,0.4371950000000009,1142.715199,82,100.97312142436068,Noatak,11.47842
81340100070521,11.47842,0.33033,731.705275,81,101.17961245599666,Noatak,11.49116
81340100070531,11.819645,0.36764500000000044,428.524434,80,101.38000396775057,Noatak,11.72963
81340100070541,11.90978,0.2645999999999997,267.23346,81,101.57343587869117,Noatak,11.819645
81340100070551,11.72963,0.48643000000000036,307.026945,79,101.77624121225294,Noatak,11.88649
81340100070561,11.88649,0.37522000000000055,343.597062,79,101.98068148311506,Noatak,11.90978
81340100070571,12.018445,0.33766499999999944,576.976277,78,102.18587133834843,Noatak,12.018445
81340100070581,12.15129,0.35006999999999966,856.30948,78,102.38865540518886,Noatak,12.15129
81340100070591,12.36877,0.37154999999999916,745.471539,78,102.58109669125272,Noatak,12.366855
81340100070601,12.366855,0.3784300000000007,601.082099,78,102.78312311440496,Noatak,12.36877
81340100070611,12.606345000000001,0.32197499999999923,796.7643840000001,78,102.97944073334087,Noatak,12.606345000000001
81340100070621,12.73704,0.3341600000000007,582.7512234999999,80,103.18559811060227,Noatak,12.73704
81340100070631,12.7931,0.3156100000000013,927.255371,81,103.38200248745878,Noatak,12.7931
81340100070641,13.02103,0.35091499999999964,365.548822,80,103.58060303188893,Noatak,13.02103
81340100070651,13.11456,0.396745000000001,496.6149125,82,103.78895661031747,Noatak,13.11456
81340100070661,13.14108,0.33443999999999896,491.513065,79,103.97091717967152,Noatak,13.14108
81340100070671,13.17566,0.33366000000000007,667.174371,81,104.16336427580904,Noatak,13.17566
81340100070681,13.36352,0.3368500000000001,657.171277,79,104.37330963589402,Noatak,13.31343
81340100070691,13.31343,0.23512000000000022,503.680121,79,104.57370523498419,Noatak,13.36352
81340100070701,13.53726,0.2772100000000002,412.530899,80,104.76970815760784,Noatak,13.53726
81340100070711,13.72538,0.40864999999999974,437.919264,83,104.98686314154014,Noatak,13.72538
81340100070721,13.86898,0.3460200000000011,581.919545,83,105.19742900302744,Noatak,13.86898
81340100070731,13.998955,0.31942999999999966,711.0581984999999,82,105.38006639785281,Noatak,13.998955
81340100070741,14.155495,0.36790000000000056,351.0569015,84,105.58189142136015,Noatak,14.155495
81340100070751,14.30716,0.3263499999999997,445.236765,83,105.77932379532209,Noatak,14.30716
81340100070761,14.36899,0.48503000000000007,675.270788,73,105.96806642637483,Noatak,14.36899
81340100070771,14.54682,0.41472000000000087,392.076751,75,106.18370946701783,Noatak,14.54682
81340100070781,14.6566,0.35861000000000054,339.111887,75,106.3806208406084,Noatak,14.6566
81340100070791,14.73193,0.3576499999999996,349.672341,75,106.58361371334956,Noatak,14.73193
81340100070801,14.90178,0.5052250000000003,1040.507435,74,106.7858299874758,Noatak,14.90178
81340100070811,14.93422,0.45881999999999934,657.663086,75,106.96900063860568,Noatak,14.93422
81340100070821,14.93454,0.3678100000000004,463.034787,73,107.16516278921112,Noatak,14.93454
81340100070831,14.994115,0.38463000000000136,419.71060850000003,68,107.38254478554379,Noatak,14.93472
81340100070841,15.009495000000001,0.37650499999999987,343.12940100000003,82,107.59441012543911,Noatak,14.994115
81340100070851,14.93472,0.48518999999999934,221.110239,81,107.79215152350848,Noatak,15.009495000000001
81340100070861,15.1281,0.35427999999999926,223.804744,79,107.99540960291091,Noatak,15.1281
81340100070871,15.284,0.3449200000000001,227.611007,79,108.20831257003907,Noatak,15.284
81340100080011,15.669284999999999,0.19830999999999932,480.381447,76,108.40125567279333,Noatak,15.58159
81340100080021,15.58159,0.46527999999999814,489.670875,79,108.58128355364889,Noatak,15.669284999999999
81340100080031,15.92705,0.4299799999999987,694.901295,81,108.78789233426379,Noatak,15.92705
81340100080041,16.231115000000003,0.4211750000000025,651.9393575,80,108.99267989159101,Noatak,16.231115000000003
81340100080051,16.446395,0.38999000000000095,979.5412585,80,109.19822593683985,Noatak,16.327910000000003
81340100080061,16.42322,0.23978999999999928,428.062877,76,109.39892189221506,Noatak,16.37973
81340100080071,16.37973,0.462279999999998,842.245158,79,109.58959461284141,Noatak,16.42322
81340100080081,16.327910000000003,0.34029499999999757,1155.6542450000002,80,109.79054488877667,Noatak,16.446395
81340100080091,16.62043,0.43086999999999875,702.627738,83,109.99283287306979,Noatak,16.62043
81340100080101,16.78273,0.3965600000000009,646.789522,83,110.19842755071517,Noatak,16.78273
81340100080111,16.99417,0.24448999999999899,984.918221,83,110.39483009382693,Noatak,16.99417
81340100080121,17.27205,0.3372799999999998,1124.8300515,88,110.59632796543522,Noatak,17.14484
81340100080131,17.14484,0.3593299999999999,641.693358,83,110.80288505020783,Noatak,17.27205
81340100080141,17.33306,0.3617600000000003,896.584234,83,110.97113664121594,Noatak,17.33306
81340100080151,17.616765,0.3381500000000006,1034.2751130000001,86,111.17418625493515,Noatak,17.616765
81340100080161,17.732390000000002,0.2829999999999995,271.83537950000004,82,111.40955443612043,Noatak,17.732390000000002
81340100080171,18.059,0.25731000000000037,94.870891,79,111.61688521985879,Noatak,18.02435
81340100080181,18.06503,0.29094000000000086,73.7309675,76,111.81286082473669,Noatak,18.059
81340100080191,18.34846,0.28126999999999924,73.7953335,80,112.00315335374148,Noatak,18.06503
81340100080201,18.02435,0.2751899999999985,498.223985,79,112.20930917395732,Noatak,18.34846
81340100080211,18.51065,0.20509999999999806,840.946821,79,112.41620847912117,Noatak,18.51065
81340100080221,18.67549,0.3247749999999989,318.035977,80,112.60054636407587,Noatak,18.67549
81340100080231,18.87464,0.41348999999999947,307.694915,83,112.7958184992257,Noatak,18.87464
81340100080241,19.00145,0.4074799999999996,241.805697,79,113.00526688011597,Noatak,19.00145
81340100080251,19.072315,0.42356499999999997,339.70286150000004,80,113.21439258063218,Noatak,19.03643
81340100080261,19.03643,0.41037000000000035,793.334437,81,113.42378502438157,Noatak,19.072315
81340100080271,19.275755,0.4077199999999994,462.217858,80,113.6178757775498,Noatak,19.275755
81340100080281,19.42123,0.4982600000000019,275.815696,83,113.8178884494242,Noatak,19.42123
81340100080291,19.636795,0.44765499999999925,649.781429,82,114.01876558905876,Noatak,19.54087
81340100080301,19.54087,0.41899000000000086,456.022367,83,114.21149256356496,Noatak,19.636795
81340100080311,19.67689,0.5054200000000009,309.430526,85,114.40718345728904,Noatak,19.67689
81340100080321,19.83515,0.3971299999999971,204.466348,79,114.61222384945371,Noatak,19.83515
81340100080331,20.10692,0.29262999999999906,515.818729,79,114.8255506137839,Noatak,20.029865
81340100080341,20.029865,0.30137000000000036,1737.8652565,84,115.02212996809568,Noatak,20.10692
81340100080351,20.43069,0.32768000000000086,1131.02153,81,115.21359628174989,Noatak,20.43069
81340100080361,20.61428,0.37227999999999994,902.718902,81,115.41149105530695,Noatak,20.61428
81340100080371,20.711555,0.38304500000000097,680.0654715000001,80,115.61153458653752,Noatak,20.711555
81340100080381,20.97945,0.3847699999999996,1002.8666625000001,80,115.8105430521133,Noatak,20.9736
81340100080391,21.02686,0.3324700000000007,659.361718,79,116.02219760636625,Noatak,20.97945
81340100080401,21.02579,0.28082000000000207,683.322332,79,116.21864578183371,Noatak,21.01081
81340100080411,20.9736,0.37796000000000163,442.138782,81,116.41910275704431,Noatak,21.02579
81340100080421,21.01081,0.49351000000000056,742.666574,81,116.63345021870441,Noatak,21.02686
81340100080431,21.502485,0.3799550000000007,1047.4939675,80,116.82288352318461,Noatak,21.502485
81340100080441,21.598019999999998,0.36981999999999715,937.0566205,80,117.02695749156595,Noatak,21.598019999999998
81340100080451,21.812759999999997,0.3714400000000033,830.9604145000001,80,117.23446621393536,Noatak,21.812759999999997
81340100080461,21.93897,0.37331000000000003,648.574392,87,117.42409714821808,Noatak,21.93897
81340100080471,22.005740000000003,0.3656649999999999,586.247079,86,117.61502244363365,Noatak,22.005740000000003
81340100080481,22.29388,0.38973999999999975,911.437608,85,117.8186036518824,Noatak,22.29388
81340100080491,22.4433,0.341820000000002,847.727724,85,118.02308687281584,Noatak,22.4433
81340100080501,22.46337,0.39517999999999986,549.032064,83,118.22541693327017,Noatak,22.46337
81340100080511,22.68865,0.363389999999999,614.557104,83,118.42380575422939,Noatak,22.64297
81340100080521,22.64297,0.4002049999999997,636.4872825,86,118.63173814875815,Noatak,22.68865
81340100080531,22.69524,0.5750050000000009,763.1362174999999,88,118.84740079561847,Noatak,22.69524
81340100080541,22.96001,0.5841799999999999,736.951327,87,119.03773866807245,Noatak,22.96001
81340100080551,23.17378,0.6074300000000008,635.179057,87,119.23280190346557,Noatak,23.17378
81340100080561,23.326990000000002,0.5502199999999995,670.4518909999999,86,119.43198748935043,Noatak,23.326990000000002
81340100080571,23.57239,0.47379500000000085,413.99375299999997,84,119.63796011457727,Noatak,23.519750000000002
81340100080581,23.519750000000002,0.48380500000000204,403.205705,80,119.84508855311692,Noatak,23.57239
81340100090011,23.73844,0.41117000000000203,973.460171,79,120.01404649782329,Noatak,23.73844
81340100090021,23.918235,0.39128000000000007,590.9819605,80,120.20575415933124,Noatak,23.918235
81340100090031,24.06459,0.4917999999999978,770.513771,81,120.42166812805665,Noatak,24.06459
81340100090041,24.289245,0.5068350000000006,850.1826235,80,120.60612014110225,Noatak,24.289245
81340100090051,24.506259999999997,0.4151549999999986,479.288491,80,120.80307903228832,Noatak,24.506259999999997
81340100090061,24.62804,0.35281499999999966,565.8834045,82,121.01266398677588,Noatak,24.62804
81340100090071,24.93574,0.36348999999999876,428.817478,83,121.21804223216428,Noatak,24.93574
81340100090081,25.039335,0.3858750000000004,328.58818799999995,84,121.4231233181896,Noatak,25.039335
81340100090091,25.18085,0.3702249999999996,274.3865865,84,121.61465293322092,Noatak,25.18085
81340100090101,25.2692,0.4766300000000001,257.309259,85,121.79862544093073,Noatak,25.2692
81340100090111,25.389685,0.31410499999999963,472.24757850000003,84,121.99230542010308,Noatak,25.389685
81340100090121,25.617295,0.3132149999999996,539.4853635,84,122.20310426947934,Noatak,25.617295
81340100090131,25.789595,0.3914850000000012,963.274371,86,122.41078510012859,Noatak,25.789595
81340100090141,25.79484,0.4753299999999996,707.805324,85,122.62450307193235,Noatak,25.79484
81340100090151,26.0408,0.3883700000000019,710.171818,85,122.82683253185962,Noatak,26.03052
81340100090161,26.03052,0.3975500000000025,529.256898,85,123.02044931943271,Noatak,26.0408
81340100090171,26.33372,0.46698999999999913,603.7164319999999,82,123.22756623125353,Noatak,26.33372
81340100090181,26.60422,0.332849999999997,1375.372486,79,123.42910124118782,Noatak,26.53057
81340100090191,26.53057,0.36588000000000065,701.657768,77,123.62763373541176,Noatak,26.60422
81340100090201,26.69348,0.3851799999999983,850.412092,75,123.827802432044,Noatak,26.69348
81340100090211,26.905515,0.47708000000000084,619.3328655,80,124.03398434193035,Noatak,26.905515
81340100090221,27.25025,0.48808500000000166,1335.104032,82,124.23856302742318,Noatak,27.25025
81340100090231,27.54423,0.4622199999999985,581.237033,79,124.43228853863764,Noatak,27.48354
81340100090241,27.56344,0.43752999999999886,545.115862,77,124.62277736012037,Noatak,27.54423
81340100090251,27.48354,0.29754000000000147,834.868614,73,124.82685043499978,Noatak,27.56344
81340100090261,27.791095,0.30502499999999877,1114.2168015,74,125.0294705423991,Noatak,27.791095
81340100090271,28.02383,0.4813800000000015,613.006167,77,125.23380802379069,Noatak,28.02383
81340100090281,28.24355,0.4327699999999979,1271.321842,77,125.43728679398131,Noatak,28.24355
81340100090291,28.580695,0.41187999999999825,814.5191015,76,125.62286092461386,Noatak,28.43376
81340100090301,28.67181,0.3473700000000015,1021.743847,73,125.81558664611156,Noatak,28.580695
81340100090311,28.43376,0.2716549999999991,987.9249295,74,126.02581049154308,Noatak,28.67181
81340100090321,28.81177,0.2009299999999996,977.218256,81,126.23339096605986,Noatak,28.81177
81340100090331,28.815235,0.25722500000000004,620.5507545,84,126.44137807007209,Noatak,28.815235
81340100090341,28.99678,0.4328700000000012,720.23167,93,126.6439983719285,Noatak,28.99678
81340100090351,29.39481,0.34480999999999895,871.571742,91,126.82147311865002,Noatak,29.39481
81340100090361,29.56909,0.32971999999999824,674.814259,87,127.023228493103,Noatak,29.56909
81340100090371,29.60211,0.30157000000000167,641.724811,97,127.23738803932288,Noatak,29.60211
81340100090381,29.78873,0.35901999999999745,517.504963,99,127.44141267537033,Noatak,29.78873
81340100090391,29.98749,0.37687000000000026,609.20099,99,127.6442147831533,Noatak,29.98749
81340100090401,30.19001,0.3183700000000016,614.619912,99,127.84876704907117,Noatak,30.19001
81340100090411,30.52432,0.2950400000000002,769.043281,93,128.05771224741173,Noatak,30.52432
81340100090421,30.58422,0.3596699999999977,693.430687,95,128.24961186564627,Noatak,30.58422
81340100090431,30.62182,0.3175600000000003,436.089186,95,128.43093834103666,Noatak,30.62182
81340100090441,30.78998,0.3971549999999997,400.303124,96,128.6361058096669,Noatak,30.78998
81340100090451,30.92472,0.39037000000000077,377.095721,99,128.84964971762946,Noatak,30.92472
81340100090461,31.07335,0.41090999999999767,449.620981,95,129.04050241548728,Noatak,31.07335
81340100090471,31.248205,0.43235500000000116,632.216435,96,129.23568411617833,Noatak,31.248205
81340100090481,31.511585,0.4396899999999988,782.2129615,96,129.44849290519682,Noatak,31.511585
81340100090491,31.75698,0.3143199999999986,643.029357,97,129.66050719085413,Noatak,31.675595
81340100090501,31.675595,0.2505649999999999,930.6450414999999,98,129.86625545435365,Noatak,31.75698
81340100090511,31.9629,0.19499000000000066,739.801413,101,130.0720036460142,Noatak,31.9629
81340100090521,32.159,0.20809999999999818,729.1595984999999,102,130.26639062024265,Noatak,32.159
81340100090531,32.394800000000004,0.2635249999999978,759.771017,104,130.4640902639199,Noatak,32.394800000000004
81340100090541,32.65843,0.25736000000000203,646.4449844999999,102,130.6620870449596,Noatak,32.65843
81340100090551,32.83748,0.29766999999999655,566.804342,101,130.85948952247193,Noatak,32.83748
81340100090561,33.14733,0.254729999999995,529.62707,99,131.06955203532112,Noatak,33.14733
81340100090571,33.25863,0.30364999999999753,686.901524,99,131.2657986697413,Noatak,33.25863
81340100090581,33.36312,0.23470000000000368,684.829897,97,131.47995573147375,Noatak,33.36312
81340100100011,33.63693,0.3055299999999974,510.807576,97,131.69411277894716,Noatak,33.63693
81340100100021,33.84348,0.3551399999999987,813.176375,89,131.87624636072198,Noatak,33.72909
81340100100031,34.06598,0.27501000000000175,857.030291,89,132.0745402505243,Noatak,33.84348
81340100100041,34.34553,0.16572999999999638,706.99537,87,132.28009991980534,Noatak,33.9443
81340100100051,34.6369,0.30383999999999745,826.0020395,92,132.47292976806827,Noatak,34.040705
81340100100061,34.38526,0.360319999999998,683.4897105,92,132.6698885443495,Noatak,34.06598
81340100100071,33.9443,0.4168549999999982,539.6816055,94,132.87365574449993,Noatak,34.15913
81340100100081,33.72909,0.7858799999999988,503.248995,93,133.07004337314098,Noatak,34.27612
81340100100091,34.27612,0.6902600000000021,266.048638,93,133.26363156612632,Noatak,34.34553
81340100100101,34.040705,0.6544150000000002,459.2907675,96,133.46669575636562,Noatak,34.38526
81340100100111,34.15913,0.44496999999999787,389.09249,99,133.66757226925213,Noatak,34.507365
81340100100121,34.59663,0.5719799999999964,214.646651,99,133.8701372083123,Noatak,34.59663
81340100100131,34.507365,0.5635049999999993,210.772849,102,134.06111318226365,Noatak,34.6369
81340100100141,34.71264,0.3772599999999997,213.649249,97,134.25679763527262,Noatak,34.71264
81340100100151,35.06852,0.3606100000000012,383.873022,99,134.45852833228744,Noatak,35.06852
81340100100161,35.21788,0.3394400000000033,350.052558,97,134.6613093076488,Noatak,35.21788
81340100100171,35.46426,0.38678999999999775,512.597706,95,134.8678116707572,Noatak,35.46426
81340100100181,36.0012,0.3369299999999953,674.342317,93,135.06992140676655,Noatak,35.822385
81340100100191,35.822385,0.41003500000000415,1095.2344389999998,92,135.27262968350206,Noatak,35.880735
81340100100201,35.880735,0.3788300000000042,1083.4325979999999,92,135.46746361516674,Noatak,36.0012
81340100100211,36.053735,0.3460000000000001,846.8221055,94,135.66496442344146,Noatak,36.053735
81340100100221,36.08291,0.32826999999999984,643.426334,94,135.86905843771294,Noatak,36.08291
81340100100231,36.16478,0.44172999999999973,359.588655,97,136.0722028337109,Noatak,36.16478
81340100100241,36.36735,0.5574900000000014,607.460955,95,136.26622552603283,Noatak,36.36735
81340100100251,36.48286,0.4143400000000028,855.432282,95,136.46365811627047,Noatak,36.48286
81340100100261,36.70216,0.25084500000000176,692.1390429999999,96,136.66239677574586,Noatak,36.70216
81340100100271,36.9792,0.20519000000000176,678.174197,95,136.86613143981816,Noatak,36.8739
81340100100281,36.8739,0.34783000000000186,1064.263604,99,137.06175218353167,Noatak,36.9792
81340100100291,37.135485,0.3680199999999978,685.5199035,100,137.25926752079437,Noatak,37.135485
81340100100301,37.50474,0.3905649999999987,490.86981249999997,100,137.46530825028697,Noatak,37.50474
81340100100311,37.669574999999995,0.363785,514.622706,98,137.6610719306203,Noatak,37.669574999999995
81340100100321,37.79779,0.29130999999999574,369.468819,99,137.86040439525362,Noatak,37.79779
81340100100331,37.972030000000004,0.274440000000002,344.4068345,98,138.0712831792451,Noatak,37.972030000000004
81340100100341,38.175025000000005,0.36174500000000265,532.349427,94,138.27132698424236,Noatak,38.080955
81340100100351,38.080955,0.4045100000000019,804.3589995,94,138.46991779366292,Noatak,38.175025000000005
81340100100361,38.43943,0.36263999999999896,544.289566,94,138.67108467158033,Noatak,38.35127
81340100100371,38.35127,0.3880200000000009,680.305242,94,138.86059937562183,Noatak,38.43943
81340100100381,38.59511,0.4062600000000032,506.762447,91,139.0662743348566,Noatak,38.59511
81340100100391,38.756415,0.42505000000000237,504.0779225,90,139.2761602427631,Noatak,38.756415
81340100100401,38.85259,0.33456999999999937,678.6494815000001,92,139.47036490760428,Noatak,38.85259
81340100100411,38.98952,0.4318850000000012,687.7733949999999,92,139.6731665636899,Noatak,38.98952
81340100100421,38.98965,0.5040499999999994,603.45386,95,139.87231878025182,Noatak,38.98965
81340100100431,39.20574,0.5067599999999999,618.542513,101,140.0599596992051,Noatak,39.20574
81340100100441,39.37651,0.3688199999999995,806.598082,99,140.25170057403852,Noatak,39.37651
81340100100451,39.558409999999995,0.36940999999999846,866.7458389999999,98,140.46200882806116,Noatak,39.558409999999995
81340100100461,39.76581,0.36489999999999867,859.036483,99,140.67337424961946,Noatak,39.76581
81340100100471,39.895585,0.3746149999999986,727.5712100000001,96,140.86878894924476,Noatak,39.895585
81340100100481,40.10067,0.38346999999999554,935.292596,95,141.07375367876344,Noatak,40.10067
81340100100491,40.25842,0.35567999999999955,1116.169263,97,141.27204694985159,Noatak,40.25842
81340100100501,40.39849,0.3362600000000029,825.816492,99,141.47034022938135,Noatak,40.39849
81340100100511,40.66343,0.3133599999999994,1023.7681005,96,141.66777481926613,Noatak,40.66343
81340100100521,40.91024,0.37877000000000294,1140.134613,91,141.86520939557653,Noatak,40.91024
81340100100531,41.07437,0.3474700000000013,952.528497,93,142.07586550428306,Noatak,41.07437
81340100100541,41.246584999999996,0.3414649999999959,954.2484965,94,142.27122005091385,Noatak,41.246584999999996
81340100100551,41.49066,0.28889999999999816,827.92736,97,142.4668717425547,Noatak,41.49066
81340100100561,41.579425,0.2973150000000011,925.712025,98,142.6640091675028,Noatak,41.52865
81340100100571,41.52865,0.29307000000000016,730.7095509999999,100,142.86233519026857,Noatak,41.579425
81340100100581,41.82509,0.31381999999999977,757.904697,105,143.06781209401552,Noatak,41.82509
81340100100591,41.897675,0.34336000000000055,1002.461573,106,143.26774710259969,Noatak,41.897675
81340100100601,42.01065,0.3535199999999996,1158.102566,98,143.4683588389179,Noatak,42.01065
81340100100611,42.246390000000005,0.38052000000000064,988.2417330000001,100,143.6600695432533,Noatak,42.246390000000005
81340100100621,42.47311,0.33384000000000214,627.922431,101,143.857174124751,Noatak,42.47311
81340100100631,42.57245,0.27544000000000324,503.351234,101,144.07017455435246,Noatak,42.57245
81340100100641,42.80175,0.2496100000000041,525.117612,103,144.2874187171404,Noatak,42.80175
81340100110011,43.110145,0.28497000000000483,908.001072,110,144.47320110537538,Noatak,43.110145
81340100110021,43.282215,0.3552849999999985,584.652943,114,144.6549608415273,Noatak,43.282215
81340100110031,43.45369,0.47930000000000206,572.170892,117,144.86843647413605,Noatak,43.45369
81340100110041,43.5335,0.4915500000000037,514.599893,123,145.07729434371242,Noatak,43.5335
81340100110051,43.63733,0.4747199999999978,356.010474,127,145.27670674063114,Noatak,43.63733
81340100110061,43.703289999999996,0.4196200000000019,520.2136615,128,145.46987026137785,Noatak,43.703289999999996
81340100110071,43.81476,0.4233899999999977,607.879423,127,145.66389238711977,Noatak,43.81476
81340100110081,44.05891,0.43992000000000075,470.234166,127,145.86915417150814,Noatak,44.05891
81340100110091,44.31051,0.3817900000000023,473.740046,125,146.06599395660058,Noatak,44.31051
81340100110101,44.538669999999996,0.3550949999999986,779.9381545,126,146.25684547586812,Noatak,44.470349999999996
81340100110111,44.57778,0.413720000000005,709.434048,125,146.4666208666805,Noatak,44.538669999999996
81340100110121,44.470349999999996,0.38126500000000263,417.627959,122,146.67334105593105,Noatak,44.54914
81340100110131,44.647149999999996,0.36606000000000094,540.9622075,124,146.87614156746983,Noatak,44.57778
81340100110141,44.74078,0.4099900000000005,406.049484,119,147.07357521816738,Noatak,44.647149999999996
81340100110151,44.54914,0.40030000000000143,509.778114,119,147.26695753743218,Noatak,44.74078
81340100110161,44.95035,0.46558000000000277,294.372618,121,147.4694618607151,Noatak,44.95035
81340100110171,45.121700000000004,0.4703100000000049,373.6731345,118,147.67382739642804,Noatak,45.121700000000004
81340100110181,45.316125,0.44179499999999905,400.79924600000004,114,147.87945408750574,Noatak,45.316125
81340100110191,45.66442,0.3894900000000021,426.561131,109,148.08601253356653,Noatak,45.66442
81340100110201,45.695825,0.40835500000000025,916.193914,108,148.28480817338632,Noatak,45.695825
81340100110211,45.91977,0.3660899999999998,906.718959,105,148.4730005528363,Noatak,45.91977
81340100110221,46.14944,0.3683499999999995,648.528043,106,148.6696696520346,Noatak,46.14944
81340100110231,46.20026,0.4437800000000003,454.4353535,108,148.86894203991804,Noatak,46.20026
81340100110241,46.240285,0.47330499999999986,304.755538,108,149.08176665883835,Noatak,46.240285
81340100110251,46.25417,0.4707100000000004,366.38210549999997,110,149.28511981005087,Noatak,46.25417
81340100110261,46.33824,0.5276599999999974,312.56768050000005,110,149.48274706337915,Noatak,46.33824
81340100110271,46.51156,0.49280000000000257,606.905001,107,149.6915384647027,Noatak,46.51156
81340100110281,46.6318,0.4356599999999986,202.148829,111,149.89264229762736,Noatak,46.6318
81340100110291,46.7149,0.4688599999999994,336.313768,114,150.08448181606803,Noatak,46.7149
81340100110301,46.88821,0.47247500000000286,268.81456049999997,116,150.27923208563448,Noatak,46.88821
81340100110311,47.03715,0.4797550000000044,346.0139775,116,150.49377268427043,Noatak,47.03715
81340100110321,47.13951,0.5752499999999969,165.853353,113,150.7047839867968,Noatak,47.07168
81340100110331,47.07168,0.4326900000000009,291.728181,111,150.8915112024257,Noatak,47.13951
81340100110341,47.35499,0.46779499999999885,577.9192909999999,116,151.07399665861584,Noatak,47.292305
81340100110351,47.292305,0.44769500000000306,928.9546339999999,116,151.27896282325565,Noatak,47.35499
81340100110361,47.56953,0.42613000000000056,773.387976,117,151.48998798831113,Noatak,47.56953
81340100110371,47.79776,0.43490000000000606,721.567874,117,151.70332299221698,Noatak,47.79776
81340100110381,48.01838,0.3894850000000005,982.5890039999999,114,151.90623745973227,Noatak,48.01838
81340100110391,48.10732,0.4266849999999991,692.128693,114,152.09210620060566,Noatak,48.10732
81340100110401,48.34184,0.31183999999999656,1001.053394,111,152.29152619891877,Noatak,48.34184
81340100110411,48.609004999999996,0.39379999999999526,677.387852,112,152.50568025215696,Noatak,48.609004999999996
81340100110421,48.83687,0.3878599999999963,775.923044,109,152.70397136385614,Noatak,48.83687
81340100110431,48.92942,0.41232000000000113,821.951099,107,152.90051235489273,Noatak,48.92942
81340100110441,49.057680000000005,0.3458150000000053,868.4466554999999,106,153.1120575910581,Noatak,49.057680000000005
81340100110451,49.12265,0.3139499999999984,521.689798,105,153.31236318502198,Noatak,49.12265
81340100110461,49.36036,0.27989000000000175,536.9186824999999,106,153.49882035715427,Noatak,49.36036
81340100110471,49.51342,0.2932299999999941,273.649292,109,153.69329903348617,Noatak,49.51342
81340100110481,49.781755000000004,0.32245499999999794,524.910464,108,153.89503904522152,Noatak,49.69576
81340100110491,50.11151,0.311395000000001,643.170236,108,154.1002942511391,Noatak,49.781755000000004
81340100110501,50.17014,0.20051999999999737,428.464907,107,154.30164023167032,Noatak,49.83646
81340100110511,50.1611,0.18745000000000545,699.756674,105,154.4993763317206,Noatak,49.964020000000005
81340100110521,49.69576,0.3277099999999997,812.1611210000001,108,154.70266099676684,Noatak,50.11151
81340100110531,49.83646,0.37863000000000113,484.980551,109,154.90896106666546,Noatak,50.1611
81340100110541,49.964020000000005,0.4149049999999974,587.524449,108,155.10837466555213,Noatak,50.17014
81340100110551,50.170795,0.34778499999999823,539.9138145,108,155.3025762661795,Noatak,50.170795
81340100110561,50.38247,0.3722449999999995,508.92386150000004,110,155.50291109967506,Noatak,50.38247
81340100110571,50.46806,0.4190000000000005,640.077397,108,155.71196973242354,Noatak,50.46806
81340100110581,50.78784,0.48383000000000465,709.528851,107,155.91688180531332,Noatak,50.78784
81340100110591,50.915935000000005,0.32884500000000116,774.3960235,106,156.1179418168455,Noatak,50.915935000000005
81340100110601,51.08696,0.28002999999999645,896.715113,103,156.31079606546422,Noatak,51.08696
81340100110611,51.315005,0.35718999999999923,782.4247845,108,156.50097479770582,Noatak,51.315005
81340100110621,51.66348,0.2678500000000028,873.36102,103,156.7151399140532,Noatak,51.66348
81340100110631,51.94727,0.341629999999995,1239.647155,105,156.9213780091345,Noatak,51.82443
81340100110641,51.82443,0.37904999999999944,1002.747804,105,157.11100430145308,Noatak,51.94727
81340100110651,52.27597,0.38120999999999583,987.73,105,157.30855745330393,Noatak,52.27597
81340100110661,52.54821,0.3095999999999961,920.963702,105,157.51451651783154,Noatak,52.54821
81340100110671,52.55391,0.32742999999999967,842.125207,105,157.71280863001758,Noatak,52.55391
81340100110681,52.74479,0.31919999999999504,1016.384465,105,157.90352566724164,Noatak,52.74479
81340100110691,53.076075,0.45281000000000304,801.1026135,110,158.11918303555314,Noatak,53.076075
81340100110701,53.479405,0.4267099999999999,1025.0313350000001,108,158.33143332561568,Noatak,53.479405
81340100110711,53.55883,0.22950999999999766,652.077519,109,158.53292568636948,Noatak,53.55883
81340100110721,53.82615,0.2995599999999996,869.8846635,108,158.73751219087438,Noatak,53.82615
81340100110731,53.92435,0.3121499999999955,505.088152,105,158.93480644305203,Noatak,53.92435
81340100110741,54.060505000000006,0.3301850000000002,813.6658454999999,104,159.13241347256334,Noatak,54.060505000000006
81340100110751,54.24539,0.34928000000000026,907.086795,105,159.33257723427698,Noatak,54.24539
81340100110761,54.46572,0.3606899999999982,1003.100106,105,159.5327409242119,Noatak,54.46572
81340100110771,54.609840000000005,0.4088049999999974,1080.1836105,102,159.72145306074256,Noatak,54.609840000000005
81340100110781,54.84615,0.40739999999999554,1118.900759,101,159.92795012775292,Noatak,54.84615
81340100110791,55.142920000000004,0.42058500000000265,1450.339599,98,160.1427802453128,Noatak,55.142920000000004
81340100110801,55.42441,0.3344099999999983,969.678844,99,160.3340739067219,Noatak,55.39685
81340100110811,55.39685,0.30958000000000396,1120.990741,101,160.54531934660116,Noatak,55.42441
81340100120011,55.90885,0.28688999999999965,1282.411617,99,160.7497176195462,Noatak,55.90885
81340100120021,56.162369999999996,0.2671749999999946,900.917608,96,160.92926476639795,Noatak,56.08409
81340100120031,56.08409,0.3903799999999933,1098.164217,97,161.12141027459882,Noatak,56.162369999999996
81340100120041,56.360074999999995,0.3443600000000018,1501.0858094999999,98,161.32628160384996,Noatak,56.360074999999995
81340100120051,56.797354999999996,0.3091700000000017,1189.8747655000002,94,161.54331141808828,Noatak,56.72298
81340100120061,56.72298,0.43352000000000146,986.315609,95,161.742755321114,Noatak,56.797354999999996
81340100120071,57.071765,0.45922999999999803,1087.8432404999999,96,161.92727326360045,Noatak,57.071765
81340100120081,57.202875,0.3683449999999979,1080.724179,96,162.13271900310934,Noatak,57.202875
81340100120091,57.35102,0.3696899999999985,1058.19904,93,162.33749801750162,Noatak,57.35102
81340100120101,57.64949,0.44456000000000273,1108.547536,89,162.52367939469772,Noatak,57.64949
81340100120111,57.78231,0.3770099999999985,1020.713852,89,162.73021456114458,Noatak,57.78231
81340100120121,57.954735,0.29346999999999923,992.629815,84,162.94128363044678,Noatak,57.954735
81340100120131,58.20018,0.2925749999999958,883.295164,86,163.13727715399685,Noatak,58.20018
81340100120141,58.467255,0.35909499999999994,834.333111,80,163.34022173291717,Noatak,58.467255
81340100120151,58.63494,0.3898099999999971,1306.688371,81,163.5352733098669,Noatak,58.63494
81340100120161,58.81933,0.45667999999999864,1066.573963,81,163.73032478120686,Noatak,58.81933
81340100120171,59.002674999999996,0.3867200000000004,848.892992,82,163.94156865356805,Noatak,59.002674999999996
81340100120181,59.26622,0.3761299999999963,725.015058,81,164.14187014323255,Noatak,59.26622
81340100120191,59.39599,0.42316999999999894,746.294656,81,164.33339288607286,Noatak,59.37847
81340100120201,59.37847,0.38781999999999783,837.597073,81,164.52826771037113,Noatak,59.39599
81340100120211,59.49871,0.3402200000000022,438.842352,81,164.73710578395628,Noatak,59.49871
81340100120221,59.4994,0.41821999999999804,631.012865,83,164.94057713735634,Noatak,59.4994
81340100120231,60.023939999999996,0.44550000000000267,334.3543735,76,165.13972233064985,Noatak,60.023939999999996
81340100120241,60.136545,0.4475949999999962,362.54242999999997,88,165.3380970305144,Noatak,60.136545
81340100120251,60.15008,0.4986499999999978,583.819825,87,165.52375201734307,Noatak,60.15008
81340100120261,60.32606,0.5250200000000049,868.055297,87,165.72219596046975,Noatak,60.32606
81340100120271,60.644835,0.4482050000000015,713.2931335000001,92,165.9360365679439,Noatak,60.644835
81340100120281,60.83167,0.3639700000000019,654.044774,95,166.144855650407,Noatak,60.83167
81340100120291,61.08723,0.4434100000000001,702.516946,93,166.3383052437079,Noatak,61.08723
81340100120301,61.31213,0.46636000000000166,576.785625,95,166.537092173634,Noatak,61.31213
81340100120311,61.579595,0.5225149999999985,1548.1126975,92,166.7348013809383,Noatak,61.579595
81340100120321,61.77636,0.34111999999999654,616.48501,91,166.93577406249273,Noatak,61.77636
81340100120331,61.831015,0.29864500000000405,734.7553675,92,167.13580992340133,Noatak,61.782885
81340100120341,61.782885,0.26332499999999825,537.701182,88,167.32885085212826,Noatak,61.831015
81340100120351,62.19654,0.3440949999999994,388.86375799999996,86,167.53920717447815,Noatak,62.19654
81340100120361,62.426225,0.3654900000000012,593.0763755,84,167.74241316143127,Noatak,62.426225
81340100120371,62.68937,0.3867699999999985,462.750316,85,167.92551914260633,Noatak,62.68937
81340100120381,62.94651,0.39643999999999835,493.79672949999997,84,168.1330906846538,Noatak,62.94651
81340100120391,63.13235,0.474339999999998,584.160568,87,168.3381932109748,Noatak,63.13235
81340100120401,63.33429,0.4872399999999999,467.448743,87,168.5362469315737,Noatak,63.33429
81340100120411,63.52493,0.49281000000000574,528.567855,87,168.74136126282932,Noatak,63.52493
81340100120421,63.661555,0.44611499999999893,389.4713515,86,168.92846038532036,Noatak,63.661555
81340100120431,63.89118,0.3558400000000077,612.627418,93,169.11745626090087,Noatak,63.89118
81340100120441,64.00052,0.3830499999999972,540.608909,95,169.330817147366,Noatak,64.00052
81340100120451,64.19885,0.5022300000000115,527.903978,91,169.54141069326957,Noatak,64.19885
81340100120461,64.36137,0.5644299999999944,334.297313,93,169.74353821451567,Noatak,64.36137
81340100120471,64.54706,0.5223000000000013,395.312604,95,169.94413456860323,Noatak,64.54706
81340100120481,64.835945,0.447499999999998,316.6059885,90,170.14241923884546,Noatak,64.835945
81340100120491,64.93641500000001,0.45926500000001624,353.857211,88,170.34070381073704,Noatak,64.93641500000001
81340100120501,65.25659999999999,0.5015499999999946,873.090379,84,170.54357004644322,Noatak,65.1029
81340100120511,65.1029,0.4150100000000094,898.582905,85,170.7481790026924,Noatak,65.25659999999999
81340100120521,65.257665,0.3781150000000011,274.459419,84,170.9465344020857,Noatak,65.257665
81340100120531,65.45312,0.325569999999999,410.169382,81,171.1492896773605,Noatak,65.45312
81340100120541,65.629085,0.4666199999999989,563.78342,88,171.34128879991636,Noatak,65.629085
81340100120551,65.87557,0.5202700000000107,683.646101,81,171.5433045943529,Noatak,65.87557
81340100120561,66.12331,0.3734200000000101,856.387464,79,171.74695511125313,Noatak,66.12331
81340100120571,66.33274499999999,0.4594499999999897,482.13069099999996,82,171.9402916242938,Noatak,66.20148
81340100120581,66.20148,0.5004500000000007,576.411633,79,172.14613826469377,Noatak,66.33274499999999
81340100120591,66.60476,0.5193599999999918,338.412101,79,172.3452805733488,Noatak,66.60476
81340100120601,66.66304,0.5098549999999946,299.4253795,78,172.54267272832942,Noatak,66.66304
81340100120611,66.82982,0.44674999999999443,524.708616,77,172.74151769664968,Noatak,66.82982
81340100120621,67.0313,0.42663000000000295,539.584221,77,172.92755523237946,Noatak,67.0313
81340100120631,67.17442,0.45869500000000585,530.6104875,76,173.12241264283588,Noatak,67.17442
81340100120641,67.40636,0.4215599999999995,320.5485215,76,173.34817480746324,Noatak,67.40636
81340300010011,67.540505,0.4644300000000001,677.6636129999999,74,173.56567846851075,Noatak,67.540505
81340300010021,67.68640500000001,0.3831599999999966,546.151169,74,173.75708228748843,Noatak,67.68640500000001
81340300010031,67.951175,0.40341000000000093,364.6264775,74,173.94342318696144,Noatak,67.951175
81340300010041,68.002075,0.41701500000000635,324.625775,74,174.13225750003934,Noatak,68.002075
81340300010051,68.03192000000001,0.43617500000000575,497.3016435,74,174.3372511789097,Noatak,68.03192000000001
81340300010061,68.17817,0.5627700000000004,383.089368,73,174.54529942081544,Noatak,68.17817
81340300010071,68.23835,0.5589999999999975,370.292678,73,174.74940224447093,Noatak,68.23835
81340300010081,68.43787499999999,0.5572099999999907,462.0232385,74,174.93868328816677,Noatak,68.43787499999999
81340300010091,68.63452000000001,0.518960000000007,389.326099,74,175.13458497014489,Noatak,68.63452000000001
81340300010101,68.82459,0.4945999999999984,437.7807105,74,175.33511494040758,Noatak,68.82459
81340300010111,68.982655,0.4440349999999924,529.2490849999999,74,175.53945792101047,Noatak,68.982655
81340300010121,69.16712,0.451394999999998,573.5609039999999,74,175.7590570416541,Noatak,69.16712
81340300010131,69.41268,0.4432199999999966,795.2712564999999,74,175.9572840833669,Noatak,69.41268
81340300010141,69.64537,0.48120999999999725,638.2892745,74,176.15296397385012,Noatak,69.64537
81340300010151,69.919955,0.48375999999999664,649.6180254999999,74,176.35161713637498,Noatak,69.919955
81340300010161,70.01744500000001,0.45554999999998813,382.7204325,74,176.5504298097405,Noatak,70.01744500000001
81340300010171,70.21413,0.5226400000000098,280.232744,75,176.75560456948392,Noatak,70.21413
81340300010181,70.38800499999999,0.5105900000000005,425.0187355,74,176.9608879421452,Noatak,70.38800499999999
81340300010191,70.39665,0.535189999999993,695.070521,74,177.15920265176922,Noatak,70.39665
81340300010201,70.46652,0.4331899999999962,1043.5941349999998,74,177.35826238099824,Noatak,70.46652
81340300010211,70.95386,0.3260050000000021,785.9575545,74,177.56016774666372,Noatak,70.95386
81340300010221,71.03576,0.5504099999999994,465.527535,74,177.76293607639352,Noatak,71.03576
81340300010231,71.23039,0.6640999999999977,380.7813625,74,177.9687865847228,Noatak,71.23039
81340300010241,71.43453,0.7593050000000048,350.1333175,74,178.17273165435697,Noatak,71.43453
81340300010251,71.46028,0.6332149999999999,843.849741,74,178.37276302520294,Noatak,71.46028
81340300010261,71.67933,0.4964000000000084,865.081903,74,178.5722000192635,Noatak,71.67933
81340300010271,71.94713,0.7330449999999971,606.927346,74,178.769325386851,Noatak,71.94713
81340300010281,72.13809,0.7686700000000002,484.50753199999997,74,178.96645063761503,Noatak,72.13809
81340300010291,72.281395,0.7026499999999984,517.0907815,74,179.1776878748738,Noatak,72.281395
81340300010301,72.48248000000001,0.6094250000000017,495.949268,74,179.3756715340051,Noatak,72.48248000000001
81340300010311,72.61919499999999,0.5754599999999996,463.730588,74,179.56930206030148,Noatak,72.61919499999999
81340300010321,72.85404,0.5239399999999961,375.589919,74,179.77801444420967,Noatak,72.85404
81340300010331,73.08982,0.5291600000000045,439.79236849999995,74,179.97571825504528,Noatak,73.08982
81340300010341,73.18767,0.35045499999999663,565.756427,76,180.1691349794662,Noatak,73.18767
81340300010351,73.45607,0.4975999999999914,558.513537,79,180.38025735309424,Noatak,73.45607
81340300010361,73.54399,0.5462100000000021,415.215558,79,180.58230193689093,Noatak,73.54399
81340300010371,73.61756,0.6035499999999985,340.74845,77,180.78229926594156,Noatak,73.61756
81340300010381,73.72715,0.6073199999999943,379.0324085,76,180.99353549662294,Noatak,73.72715
81340300010391,73.80404,0.6230699999999985,509.349499,77,181.1897682068738,Noatak,73.80404
81340300010401,73.93461,0.6274000000000086,317.063137,79,181.38775080377266,Noatak,73.93461
81340300010411,74.1458,0.6735299999999995,515.239234,75,181.5908353527923,Noatak,74.1458
81340300010421,74.42943,0.5660000000000025,442.53876,77,181.7945140321812,Noatak,74.42943
81340300010431,74.61626,0.4854800000000097,710.642579,77,181.9886223578256,Noatak,74.61626
81340300010441,74.93076500000001,0.47644500000001244,610.916669,78,182.17573621588602,Noatak,74.93076500000001
81340300010451,75.19981,0.44965000000000543,630.024967,75,182.38895891545133,Noatak,75.19981
81340300010461,75.50265,0.3759799999999984,835.9608945,76,182.59778892747858,Noatak,75.50265
81340300010471,75.75178,0.39463999999999544,721.427328,74,182.7980066513015,Noatak,75.75178
81340300010481,75.87494000000001,0.37360000000001037,799.006709,74,182.9980049476045,Noatak,75.87494000000001
81340300010491,76.06238,0.3508900000000068,805.230518,73,183.1917935321826,Noatak,76.06238
81340300010501,76.452185,0.2804649999999995,792.647995,74,183.399764108395,Noatak,76.452185
81340300010511,76.722655,0.304434999999998,766.244277,74,183.602368525483,Noatak,76.722655
81340300010521,76.917085,0.32746999999999815,653.7051255,74,183.8018027016146,Noatak,76.917085
81340300010531,77.117935,0.3603949999999969,522.419223,76,184.00097239638296,Noatak,77.117935
81340300010541,77.23316,0.36405500000000046,700.676044,78,184.19593781958974,Noatak,77.23316
81340300010551,77.30674,0.2639700000000005,472.783727,77,184.4083670555741,Noatak,77.30674
81340300010561,77.46649,0.44122999999999024,698.066438,81,184.60969994126282,Noatak,77.46649
81340300010571,77.5546,0.5107349999999968,588.343052,76,184.8097277956577,Noatak,77.5546
81340300010581,77.68048,0.5794999999999959,625.257959,75,185.00859979694312,Noatak,77.68048
81340300010591,77.94453,0.47102500000000447,660.6529310000001,76,185.20249618922787,Noatak,77.94453
81340300010601,78.34123,0.43510999999999456,483.493739,85,185.4035535418613,Noatak,78.34123
81340300010611,78.54253,0.3702200000000033,647.456468,87,185.59969701198432,Noatak,78.54253
81340300010621,78.76855,0.3469300000000004,740.053605,87,185.80385744333634,Noatak,78.76855
81340300010631,79.076565,0.4508200000000002,905.8638095,88,186.0160348249072,Noatak,79.076565
81340300010641,79.48582,0.44508000000000436,663.886551,89,186.22480693353174,Noatak,79.48582
81340300010651,79.53924,0.41450000000000387,535.109758,89,186.422726705495,Noatak,79.53924
81340300010661,79.67362499999999,0.36802500000001714,466.4821875,88,186.6241737720662,Noatak,79.67362499999999
81340300010671,79.78189,0.4428100000000086,528.915766,89,186.82215350740998,Noatak,79.78189
81340300010681,79.88773,0.4105599999999896,457.158187,83,187.02043023342964,Noatak,79.88773
81340300010691,80.094965,0.41824499999999887,367.92914499999995,86,187.2193010912898,Noatak,80.07309000000001
81340300010701,80.07309000000001,0.4110549999999975,438.955324,86,187.41263043138935,Noatak,80.094965
81340300010711,80.25365,0.5330200000000076,335.699099,89,187.60987315963627,Noatak,80.24756500000001
81340300010721,80.24756500000001,0.5356349999999921,268.64802199999997,92,187.8188177479524,Noatak,80.25365
81340300010731,80.33138,0.5807199999999995,338.225692,91,188.02340903354562,Noatak,80.33138
81340300010741,80.53951,0.6167900000000088,319.047924,91,188.23690481759957,Noatak,80.53951
81340300020011,80.83603,0.5412899999999894,364.776667,89,188.45724281830982,Noatak,80.83603
81340300020021,81.07105,0.5143900000000059,529.336575,89,188.66814203965376,Noatak,81.07105
81340300020031,81.2993,0.4364099999999951,822.665247,87,188.85913354959112,Noatak,81.2993
81340300020041,81.63017,0.509689999999992,736.182247,87,189.05879155074334,Noatak,81.63017
81340300020051,82.037905,0.4055099999999996,392.0514545,86,189.27806425739456,Noatak,81.887565
81340300020061,82.151235,0.47646999999999906,470.8221985,86,189.4703643922367,Noatak,82.037905
81340300020071,82.308625,0.6107650000000007,632.019997,86,189.66515833224102,Noatak,82.151235
81340300020081,81.887565,0.5426649999999995,1237.7283645,80,189.87294744152106,Noatak,82.29395
81340300020091,82.29395,0.4624199999999945,890.527639,81,190.07586508760474,Noatak,82.308625
81340300020101,82.64211499999999,0.42513499999999027,472.638199,86,190.27902914388665,Noatak,82.64211499999999
81340300020111,82.82395,0.44423999999999353,531.421783,87,190.4923091701827,Noatak,82.82395
81340300020121,83.0747,0.5632999999999981,462.120749,87,190.7044335944925,Noatak,83.0747
81340300020131,83.081905,0.6173149999999978,405.5233295,90,190.90185207473291,Noatak,83.081905
81340300020141,83.23551,0.6962100000000007,325.6059245,90,191.0950555013979,Noatak,83.1587075
81340300020151,83.290575,0.7257249999999971,239.01144449999998,92,191.2953005740417,Noatak,83.26304250000001
81340300020161,83.5096,0.7093600000000038,231.479478,101,191.49633859959383,Noatak,83.40008750000001
81340300020171,83.76823,0.7569099999999906,283.645315,97,191.70370543950017,Noatak,83.638915
81340300020181,84.12349499999999,0.7112800000000021,331.860113,98,191.92077013547407,Noatak,83.9458625
81340300020191,84.26437,0.4967400000000026,457.819791,103,192.11776739856626,Noatak,84.19393249999999
81340300020201,84.551195,0.4753199999999964,391.483094,102,192.31970102460843,Noatak,84.4077825
81340300020211,84.69209000000001,0.44985499999999945,617.984281,102,192.52774377610336,Noatak,84.62164250000001
81340300020221,84.86357,0.4901100000000014,694.9273895,106,192.7157965613248,Noatak,84.77783
81340300020231,85.19291,0.43862000000000023,614.111959,95,192.92502386278747,Noatak,85.02824
81340300020241,85.29909,0.4347700000000003,371.225426,95,193.12832337779292,Noatak,85.24600000000001
81340300020251,85.411805,0.48233499999999907,321.3667875,92,193.328054295172,Noatak,85.3554475
81340500020011,85.77261,0.5212599999999981,377.657806,91,193.7293237855032,Noatak,85.91307
81340500020021,86.05353,0.5622899999999973,376.8776595,92,193.90139130242818,Noatak,86.13200499999999
81340500020031,86.21047999999999,0.544825000000003,294.3880825,94,194.10412335648357,Noatak,86.2142775
81340500020041,86.218075,0.5383799999999965,229.278932,92,194.31680132769134,Noatak,86.2460425
81340500020051,86.27401,0.5751200000000054,281.188694,94,194.5197454055462,Noatak,86.3011525
81340500020061,86.328295,0.5598799999999997,297.772532,96,194.7221903524394,Noatak,86.3681075
81340500020071,86.40791999999999,0.6727300000000014,225.92266949999998,88,194.92949880041795,Noatak,86.562375
81340500020081,86.79275,0.7393399999999986,315.59429850000004,94,195.12268112696282,Noatak,86.75479
81340500020091,86.71683,0.5770149999999958,234.21624500000001,96,195.319904096429,Noatak,86.843795
81340500020101,86.89484,0.6138499999999993,303.200296,95,195.51168872240567,Noatak,86.9944
81340500020111,87.09396,0.5411099999999891,226.327535,91,195.70357359862737,Noatak,87.13305
81340500020121,87.17214,0.5817299999999932,202.57045499999998,90,195.90818387379343,Noatak,87.2182525
81340500020131,87.27047999999999,0.6175199999999919,192.925411,90,196.117592696365,Noatak,87.264365
81340500020141,87.264365,0.6152349999999984,237.738208,92,196.3231705527779,Noatak,87.27047999999999
81340500020151,87.38225,0.6508000000000038,237.849213,95,196.5271137456149,Noatak,87.38225
81340500020161,87.429935,0.6539649999999995,363.2570645,96,196.71691227730935,Noatak,87.429935
81340500020171,88.26812,0.5570000000000022,389.387368,91,196.912820418543,Noatak,87.88644
81340500020181,87.88644,0.7348899999999929,322.253985,97,197.11981850088708,Noatak,88.06316
81340500020191,88.19923,0.808880000000002,218.731794,94,197.31984857799935,Noatak,88.19923
81340500020201,88.06316,0.9094900000000052,223.926492,85,197.51812874709574,Noatak,88.26812
81340500020211,88.29748,0.9450999999999965,201.019947,83,197.71406476990643,Noatak,88.29748
81340500020221,88.35927,0.9414799999999985,210.791859,87,197.9253014708601,Noatak,88.35927
81340500020231,88.53338,0.7567799999999991,234.04012649999999,90,198.12153483926602,Noatak,88.53338
81340500020241,88.71738,0.8683399999999892,201.110464,95,198.31717407413115,Noatak,88.71738
81340500020251,88.91218,0.6834750000000014,284.8407815,94,198.51396917372384,Noatak,88.91218
81340500020261,89.2757,0.6164799999999957,270.789891,99,198.70593198025492,Noatak,89.2757
81340500020271,89.41074,0.5243099999999998,259.646347,102,198.90649884948294,Noatak,89.41074
81340500020281,89.51076,0.5414599999999936,204.6764725,104,199.1173755869703,Noatak,89.51076
81340500020291,89.65285,0.6532799999999952,207.267242,101,199.32080996275755,Noatak,89.65285
81340500020301,89.892065,0.7751850000000005,209.419151,106,199.51002138016312,Noatak,89.75365
81340500020311,89.75926,0.6520699999999948,189.33711,109,199.71598057264768,Noatak,89.75926
81340500020321,89.92869,0.6641350000000017,247.28757,108,199.91772907512143,Noatak,89.892065
81340500020331,89.75365,0.57683999999999,189.575023,99,200.11850373994258,Noatak,89.92869
81340500020341,90.00781,0.6801100000000133,247.853434,105,200.31782551679927,Noatak,90.00781
81340500020351,90.23358,0.77606999999999,241.659292,103,200.51927689053215,Noatak,90.23358
81340500020361,90.38194,0.8882100000000008,253.415571,103,200.72810910631014,Noatak,90.38194
81340500020371,90.53146,0.8034999999999997,275.645204,107,200.91035304824226,Noatak,90.53146
81340500020381,90.83842,0.7243999999999957,249.34634499999999,106,201.10778199372382,Noatak,90.83842
81340500020391,90.97341499999999,0.6155799999999871,221.763272,102,201.311875462667,Noatak,90.97341499999999
81340500020401,91.0103,0.6926799999999957,193.932012,108,201.50929788211278,Noatak,91.0103
81340500020411,91.15296,0.6681500000000113,183.796164,111,201.72142666799562,Noatak,91.15296
81340500020421,91.36663,0.7017000000000024,198.185912,113,201.91825484525313,Noatak,91.36663
81340500020431,91.54611,0.7427300000000017,206.00568850000002,112,202.10853371857584,Noatak,91.54611
81340500030011,91.772175,0.7509650000000079,264.561416,112,202.28416142113724,Noatak,91.772175
81340500030021,91.857145,0.7370749999999973,152.639275,112,202.47594812605567,Noatak,91.857145
81340500030031,91.93251,0.7800299999999964,174.570007,113,202.6852591871691,Noatak,91.92236
81340500030041,91.92236,0.7382599999999968,154.495709,111,202.8714101457422,Noatak,91.93143
81340500030051,91.93143,0.7695349999999976,164.6318485,112,203.0708474572279,Noatak,91.93251
81340500030061,92.05575,0.7790450000000035,158.064662,110,203.27646661555454,Noatak,92.05575
81340500030071,92.10196,0.7922099999999972,241.906967,112,203.46795966507133,Noatak,92.10196
81340500030081,92.39137500000001,0.8079999999999998,198.966272,114,203.67020292156093,Noatak,92.39137500000001
81340500030091,92.71444,0.8670999999999935,168.997105,113,203.88098872085067,Noatak,92.71444
81340500030101,92.85726,0.7625000000000028,178.642034,111,204.08399267215458,Noatak,92.82866
81340500030111,92.82866,0.7783650000000009,182.01216399999998,112,204.27650508825946,Noatak,92.85726
81340500030121,92.95810499999999,0.784959999999991,140.587354,114,204.4789011574513,Noatak,92.95810499999999
81340500030131,93.04775,0.8366399999999885,197.214937,115,204.6883596465687,Noatak,93.04775
81340500030141,93.28445500000001,0.838585000000009,241.71155,112,204.87720070790914,Noatak,93.28445500000001
81340500030151,93.43028,0.8758499999999998,171.573073,111,205.07300776492283,Noatak,93.43028
81340500030161,93.64092,0.858319999999992,165.947305,109,205.28365247626917,Noatak,93.64092
81340500030171,93.77374499999999,0.9279849999999925,165.964283,110,205.4813408524703,Noatak,93.77374499999999
81340500030181,93.836805,0.8241099999999975,142.39232199999998,118,205.68252941200768,Noatak,93.836805
81340500030191,93.91362,0.9116,64.3465795,116,205.87742716244722,Noatak,93.91362
81340500030201,93.9667,0.8480399999999975,145.444199,121,206.0770848104896,Noatak,93.9667
81340500030211,94.22235,0.9294000000000011,156.584358,125,206.27957260465786,Noatak,94.22235
81340500030221,94.34051500000001,0.891120000000015,155.130589,118,206.465132674751,Noatak,94.34051500000001
81340500030231,94.51114,0.8644049999999979,142.6292895,122,206.66379763404956,Noatak,94.51114
81340500030241,94.59611,0.9513899999999964,140.1967625,124,206.87816473347314,Noatak,94.59611
81340500030251,94.70925,0.9712700000000041,164.067962,127,207.0811379227015,Noatak,94.70925
81340500030261,94.83668,0.9842399999999998,192.426222,127,207.26717560145693,Noatak,94.83668
81340500030271,94.9228,0.9174799999999976,172.2012,121,207.46237896821816,Noatak,94.9228
81340500030281,94.986675,0.9174050000000022,114.7722555,118,207.6681131674242,Noatak,94.986675
81340500030291,95.14245,0.9291899999999913,175.872605,119,207.8662129055912,Noatak,95.14245
81340500030301,95.2478,1.0081299999999942,93.273091,123,208.0617596427816,Noatak,95.226645
81340500030311,95.226645,0.8881000000000014,141.263665,122,208.27022406485645,Noatak,95.2478
81340500030321,95.302505,0.8656500000000023,121.25312600000001,110,208.47655645909882,Noatak,95.302505
81340500030331,95.51238,1.0180900000000008,158.747278,109,208.66577096370227,Noatak,95.51238
81340500030341,95.85397499999999,1.1885849999999962,122.3060325,104,208.8713046006908,Noatak,95.84395
81340500030351,95.84395,1.210940000000008,184.884408,111,209.0805595869375,Noatak,95.85397499999999
81340500030361,96.0316,1.1271100000000018,180.483039,107,209.27874009974917,Noatak,96.0316
81340500030371,96.11661,1.0730599999999981,180.745573,107,209.47989755801837,Noatak,96.11661
81340500030381,96.15477,1.123189999999994,122.132026,101,209.66970063546037,Noatak,96.15477
81340500030391,96.20650499999999,1.112835000000004,101.36914200000001,102,209.86441427705148,Noatak,96.20650499999999
81340500030401,96.357655,1.0944900000000004,139.4141195,98,210.06523798248557,Noatak,96.357655
81340500030411,96.46758,1.0909800000000018,129.049358,97,210.27808698436883,Noatak,96.46758
81340500030421,96.56352,1.1759100000000018,153.792463,97,210.48434697755863,Noatak,96.56352
81340500030431,96.89622,1.1503999999999976,206.292531,98,210.67738724039478,Noatak,96.89622
81340500040011,96.98229,0.9227300000000014,233.546086,101,210.85319037032286,Noatak,96.98229
81340500040021,97.05929,0.8771149999999963,151.2373655,100,211.04173433878202,Noatak,97.049335
81340500040031,97.183245,0.8932350000000042,176.7437265,104,211.24751560206013,Noatak,97.05929
81340500040041,97.049335,0.7836349999999968,138.8931835,102,211.44200913959716,Noatak,97.183245
81340500040051,97.38762,0.8714800000000054,126.79539,105,211.6375433352513,Noatak,97.38762
81340500040061,97.567185,0.8161050000000003,135.41279300000002,104,211.82911432880377,Noatak,97.567185
81340500040071,97.728215,0.7926350000000042,153.458424,106,212.038472580896,Noatak,97.728215
81340500040081,97.92043,0.7136500000000012,154.500855,105,212.24911876465143,Noatak,97.92043
81340500040091,98.08442,0.769360000000006,163.162657,101,212.43836125044317,Noatak,98.08442
81340500040101,98.19004000000001,0.7568100000000015,193.6932225,100,212.63783526360652,Noatak,98.19004000000001
81340500040111,98.36871,0.7459299999999942,221.49530049999998,102,212.84427798111295,Noatak,98.36871
81340500040121,98.76538,0.8072950000000034,173.67686049999998,102,213.03981247990222,Noatak,98.76538
81340500040131,99.043115,0.747054999999996,363.09029799999996,98,213.23464823301126,Noatak,99.043115
81340500040141,99.277455,0.6169149999999917,256.6004675,98,213.43881700293474,Noatak,99.277455
81340500040151,99.46728,0.6062399999999997,198.5659495,100,213.64721849558023,Noatak,99.46728
81340500040161,99.65701999999999,0.6994749999999925,236.0119335,88,213.84073836264946,Noatak,99.65701999999999
81340500040171,99.826835,0.7548850000000087,201.3983205,92,214.0385504333513,Noatak,99.826835
81340500040181,99.9829,0.7937549999999973,308.02009599999997,98,214.23435459420966,Noatak,99.9829
81340500040191,100.19245000000001,0.6516450000000091,230.48144200000002,98,214.42824984692055,Noatak,100.19245000000001
81340500040201,100.37912,0.6577999999999946,183.378949,101,214.63782536048328,Noatak,100.37912
81340500040211,100.59557,0.7567599999999999,190.232432,101,214.84272153082884,Noatak,100.59557
81340500040221,100.80154,0.7855699999999928,258.608849,101,215.0356627877022,Noatak,100.76422
81340500040231,100.76422,0.7806700000000006,318.166275,101,215.2345099039248,Noatak,100.80154
81340500040241,101.161045,0.6481599999999972,516.7207390000001,70,215.43585051605865,Noatak,101.161045
81340500040251,101.51984,0.6334300000000042,410.236168,73,215.6349191692311,Noatak,101.51984
81340500040261,101.77098000000001,0.6812150000000088,486.692161,90,215.82417559906025,Noatak,101.77098000000001
81340500040271,102.01529,0.9105649999999912,431.62269200000003,94,216.0118702801947,Noatak,102.01529
81340500040281,102.059725,0.8560000000000016,394.657602,108,216.22352252290688,Noatak,102.059725
81340500040291,102.21808,0.8153849999999991,278.56282150000004,110,216.4393058234478,Noatak,102.21808
81340500040301,102.39367999999999,0.7504750000000016,292.163425,110,216.63729473473225,Noatak,102.39367999999999
81340500040311,102.51559499999999,0.7058399999999949,226.9325105,110,216.8378924779291,Noatak,102.51559499999999
81340500040321,102.68231,0.6421500000000009,328.12577,111,217.03123801309832,Noatak,102.68231
81340500040331,102.805,0.5801849999999931,374.513172,110,217.2231248351322,Noatak,102.805
81340500040341,103.05588499999999,0.5639149999999944,408.800482,112,217.41536543872786,Noatak,103.05588499999999
81340500040351,103.47737,0.5106700000000046,283.368575,113,217.61676799365665,Noatak,103.47737
81340500040361,103.838525,0.4773700000000076,415.46467399999995,112,217.82652215285546,Noatak,103.838525
81340500040371,104.1786,0.39775000000000205,397.592036,109,218.0262290212856,Noatak,104.1786
81340500040381,104.32631,0.4666600000000045,286.864373,111,218.2386283227824,Noatak,104.32631
81340500040391,104.486205,0.5073450000000008,310.102242,108,218.43575941012054,Noatak,104.486205
81340500040401,104.6042,0.5194299999999998,288.694496,103,218.62049538719796,Noatak,104.55706
81340500040411,104.55706,0.5847750000000005,210.9750315,112,218.8267578363528,Noatak,104.6042
81340500040421,104.76445,0.5927599999999984,232.114402,111,219.02303270533855,Noatak,104.75967
81340500040431,104.75967,0.5744350000000011,196.9538775,114,219.23240511517554,Noatak,104.76445
81340500050011,104.84557000000001,0.6646599999999978,307.12100499999997,114,219.44324049416846,Noatak,104.84557000000001
81340500050021,104.91153,0.6129899999999964,255.47527,112,219.63878206108626,Noatak,104.87855
81340500050031,105.03601,0.5617300000000114,242.269856,111,219.84943752437755,Noatak,104.97377
81340500050041,105.237455,0.7014700000000005,180.02920799999998,110,220.0539563417844,Noatak,105.11688000000001
81340500050051,105.25098,0.7239699999999942,198.511772,113,220.25701353334637,Noatak,105.2176025
81340500050061,105.19775,0.7025299999999959,253.879561,113,220.46713421331762,Noatak,105.24421749999999
81340500050071,105.466,0.6704299999999961,359.307938,111,220.6698159201709,Noatak,105.35848999999999
81340500050081,105.72813,0.7322999999999951,253.674718,113,220.87432858142114,Noatak,105.59706499999999
81340500050091,105.933715,0.6612650000000073,257.415666,112,221.08971435469778,Noatak,105.8309225
81340500050101,106.14611,0.7420299999999997,218.375875,111,221.2958266885498,Noatak,106.0399125
81340500050111,106.25483,0.6926800000000028,216.9861725,104,221.49441822917302,Noatak,106.20047
81340500050121,106.44374,0.7060699999999969,221.322229,99,221.69490254287194,Noatak,106.34928500000001
81340500050131,106.72038,0.531400000000005,207.02026,95,221.92405715372925,Noatak,106.58206000000001
81340500080011,107.25019,0.4687100000000015,324.701209,89,222.32176942111306,Noatak,107.3414075
81340500080021,107.432625,0.4825799999999987,304.07095849999996,90,222.50636042208552,Noatak,107.55197749999999
81340500080031,107.67133,0.5981199999999944,312.226896,93,222.6919738810898,Noatak,107.78962
81340500080041,107.90791,0.5771100000000047,330.4966235,88,222.8783126880879,Noatak,108.0493875
81340500080051,108.190865,0.5516649999999998,255.5360685,90,223.09131485273474,Noatak,108.2788225
81340500080061,108.47333,0.7653700000000043,244.5587395,88,223.3043170903208,Noatak,108.412095
81340500080071,108.45741,0.6633449999999996,255.545411,90,223.49006181294766,Noatak,108.46537000000001
81340500080081,108.36678,0.6308399999999921,201.813393,91,223.67245443091332,Noatak,108.5112
81340500080091,108.54907,0.651449999999997,259.962242,91,223.8619638733543,Noatak,108.61798
81340500080101,108.68689,0.5578600000000051,213.459256,91,224.07392627124625,Noatak,108.710455
81340500080111,108.73402,0.48820999999999515,291.162325,89,224.28636779362716,Noatak,108.877035
81340500080121,109.02005,0.5392549999999972,311.6370795,90,224.4847778563497,Noatak,109.13388499999999
81340500080131,109.24772,0.5082900000000024,316.7472,89,224.68340897280757,Noatak,109.24772
81340500080141,109.45561,0.5067299999999904,362.690961,89,224.89168367556314,Noatak,109.45561
81340500080151,109.69394,0.6051999999999964,358.896592,91,225.10763621281174,Noatak,109.8283275
81340500080161,109.962715,0.5191099999999977,344.9401445,90,225.3090580492003,Noatak,110.009955
81340500080171,110.070015,0.5165999999999968,307.491514,90,225.50831171905662,Noatak,110.063605
81340500080181,110.05719500000001,0.6003699999999981,248.29220700000002,92,225.70901842185046,Noatak,110.1461175
81340500080191,110.22222,0.6217899999999901,193.787996,91,225.90533242793427,Noatak,110.240395
81340500080201,110.25857,0.6121699999999919,299.504672,91,226.09665945081485,Noatak,110.25857
81340500080211,110.43149,0.524799999999999,213.58451,89,226.2897039086247,Noatak,110.43149
81340500080221,110.63661,0.5526750000000007,184.01325400000002,88,226.49031154038954,Noatak,110.63661
81340500080231,111.089685,0.6411549999999977,191.686739,88,226.68347139203428,Noatak,111.00431
81340500080241,111.00431,0.5390600000000063,214.461537,89,226.86761528291564,Noatak,111.089685
81340500080251,111.34402,0.5194100000000006,201.7788195,92,227.0494476322204,Noatak,111.34402
81340500080261,111.42534,0.5238200000000006,185.394385,95,227.23128006242194,Noatak,111.42534
81340500080271,111.473025,0.5539999999999949,212.069079,102,227.4131125723569,Noatak,111.473025
81340500080281,111.662385,0.5131700000000023,226.6022625,104,227.59494516254068,Noatak,111.567705
81340500080291,111.84805,0.5432200000000051,170.687669,107,227.77994813514587,Noatak,111.7552175
81340500080301,112.03114,0.5862800000000021,153.97585,107,227.96189155420427,Noatak,111.939595
81340500080311,112.04066,0.5475799999999964,150.779187,109,228.16905799693322,Noatak,112.0359
81340500080321,112.06156,0.5629299999999944,182.197666,107,228.3946970679269,Noatak,112.05111
81340500080331,112.19609,0.4974799999999959,337.2228695,104,228.60638779769732,Noatak,112.19609
81340500080341,112.36078,0.5857700000000037,204.288592,104,228.83334782530278,Noatak,112.36078
81340500080351,112.54623,0.6589199999999948,405.041618,101,229.05350831326444,Noatak,112.54623
81340500080361,112.91825,0.6339300000000065,254.685625,103,229.25467825952992,Noatak,112.91825
81340500080371,112.99028,0.5974800000000045,233.289382,97,229.45394937394877,Noatak,112.95426499999999
81340500080381,113.41476,0.7749850000000009,236.770417,94,229.6483486928757,Noatak,113.09028
81340500080391,113.20269,0.8090400000000102,266.805235,95,229.83756328698945,Noatak,113.196485
81340500080401,113.19028,0.7467199999999963,235.22562,74,230.02084970298023,Noatak,113.23048
81340500080411,113.25827,0.6668200000000013,228.091405,75,230.20416894918662,Noatak,113.33651499999999
81340500080421,113.47352,0.6530899999999917,204.494964,79,230.39695070206238,Noatak,113.44414
81340500080431,113.82783,1.041489999999996,255.950805,83,230.5945049878953,Noatak,113.54518999999999
81340500080441,114.01796,1.026530000000001,260.2084005,86,230.80122358824462,Noatak,113.722345
81340500080451,113.61686,0.6575049999999933,265.9204955,104,231.0269377482276,Noatak,113.84686500000001
81340500080461,113.8659,0.7170500000000004,254.228714,104,231.26381621083405,Noatak,113.91835499999999
81340500080471,113.97081,0.7040199999999999,243.796841,107,231.49921787848876,Noatak,113.994385
81340500080481,114.25111,0.62012,233.26926,107,231.73359128904718,Noatak,114.134535
81340500080491,114.45426,0.5737649999999945,201.44406750000002,108,231.98167992087278,Noatak,114.55395250000001
81340500080501,114.653645,0.5665549999999939,225.714908,108,232.22192454747955,Noatak,114.7102275
81340500080511,114.76680999999999,0.5840999999999994,180.398056,106,232.46713864553817,Noatak,114.848925
81340500080521,114.93104,0.5854300000000023,196.004661,107,232.69053501151066,Noatak,114.9395
81340500080531,114.94796,0.5578699999999941,186.623212,105,232.88393795096994,Noatak,114.9628525
81340500080541,114.977745,0.5963950000000011,195.3060635,102,233.08368950779396,Noatak,115.0292475
81340500080551,115.08075,0.6234899999999897,221.056466,101,233.27242626181675,Noatak,115.20342
81340500080561,115.32609,0.6196800000000025,195.158556,99,233.456010999715,Noatak,115.3506375
81340500080571,115.375185,0.5807100000000034,207.21254,96,233.64525972444977,Noatak,115.42594249999999
81340500080581,115.4767,0.6458400000000069,124.717712,95,233.8621021244977,Noatak,115.495915
81340500090011,115.51513,0.5903899999999993,331.90665,94,234.05893905067907,Noatak,115.78234
81340500090021,116.04955,0.4669099999999986,251.914862,93,234.24777735815684,Noatak,116.16463999999999
81340500090031,116.27973,0.4539649999999966,328.4404645,92,234.45241035710447,Noatak,116.27973
81340500090041,116.46597,0.4235400000000027,256.023151,91,234.65215574432514,Noatak,116.46597
81340500090051,116.68179,0.41358999999999924,303.804882,91,234.85219836042594,Noatak,116.68179
81340500090061,116.91717,0.4379249999999999,375.91783399999997,94,235.04010990157389,Noatak,116.91717
81340500090071,117.161625,0.4480000000000004,321.3499665,92,235.24011994602577,Noatak,117.161625
81340500090081,117.5176,0.4413899999999984,261.818748,87,235.45136982077724,Noatak,117.5176
81340500090091,117.770135,0.419905,281.91631600000005,86,235.64791255066396,Noatak,117.62392
81340500090101,117.87858,0.5518250000000009,242.52200449999998,78,235.84594110252718,Noatak,117.770135
81340500090111,117.62392,0.4414599999999993,195.654471,84,236.050492366238,Noatak,117.771685
81340500090121,117.771685,0.5047449999999998,205.093232,82,236.24317692143782,Noatak,117.84378
81340500090131,117.84378,0.4698399999999907,222.154461,85,236.43845263061374,Noatak,117.87858
81340500090141,117.88006,0.470870000000005,206.290046,89,236.62466566514712,Noatak,117.88006
81340500090151,117.88128,0.5731999999999999,139.317676,89,236.81445951510156,Noatak,117.88128
81340500090161,118.07134,0.5891599999999926,189.781798,89,237.03164521012474,Noatak,118.04516000000001
81340500090171,118.04516000000001,0.5517699999999977,261.287678,94,237.2368093053119,Noatak,118.07134
81340500090181,118.25209,0.5328300000000041,231.677925,89,237.43779014535173,Noatak,118.25209
81340500090191,118.29557,0.5713700000000017,276.540809,89,237.6481550164737,Noatak,118.29557
81340500090201,118.39438,0.5630400000000009,249.577936,95,237.84437410919347,Noatak,118.39438
81340500090211,118.77364,0.6187100000000072,218.718076,97,238.03053633302008,Noatak,118.69282
81340500090221,118.69282,0.6435699999999969,205.301355,97,238.22108098775342,Noatak,118.77364
81340500090231,118.80817,0.6632800000000003,206.767236,95,238.4173576800793,Noatak,118.80817
81340500090241,118.86804,0.6465599999999938,232.635539,95,238.62242995898458,Noatak,118.86804
81340500090251,119.01417,0.6031300000000073,229.008235,95,238.83320362993618,Noatak,119.01417
81340500090261,119.259455,0.6069249999999968,221.00914649999999,96,239.03519229512278,Noatak,119.259455
81340500090271,119.33258000000001,0.597014999999999,233.0126095,96,239.23055295463533,Noatak,119.33258000000001
81340500090281,119.60034999999999,0.5367099999999994,279.9895465,96,239.42218178254134,Noatak,119.60034999999999
81340500090291,119.70074,0.508260000000007,294.816504,95,239.6174270201732,Noatak,119.70074
81340500090301,119.909945,0.4315899999999999,255.23559649999999,94,239.82184273653667,Noatak,119.909945
81340500090311,120.13291,0.41761999999999944,338.458248,95,240.00807528883936,Noatak,120.13291
81340500090321,120.28089,0.43932000000000215,219.8486125,96,240.20626017376276,Noatak,120.28089
81340500090331,120.402305,0.4254049999999978,297.56015249999996,96,240.41717746373618,Noatak,120.402305
81340500090341,120.67818,0.39749499999999927,337.309791,96,240.60109350781383,Noatak,120.67818
81340500090351,120.86743,0.4284399999999948,274.213371,97,240.81008304049203,Noatak,120.86743
81340500090361,121.14693,0.3838300000000032,401.973305,93,241.0199702110399,Noatak,121.08114499999999
81340500090371,121.08114499999999,0.4455700000000036,326.834969,88,241.21760050339063,Noatak,121.14693
81340500090381,121.225055,0.45799000000000234,288.1524265,90,241.42639524241176,Noatak,121.225055
81340500090391,121.43281,0.5361649999999969,254.259796,96,241.6245600614754,Noatak,121.33702
81340500090401,121.33702,0.43632000000000914,234.351409,59,241.8100264651435,Noatak,121.43281
81340500090411,121.581195,0.6172249999999977,213.940274,64,242.012929022905,Noatak,121.55953
81340500090421,121.80848,0.8666199999999975,276.291062,79,242.21564868780933,Noatak,121.581195
81340500090431,121.55953,0.6190899999999999,244.227652,97,242.41051743323717,Noatak,121.78368
81340500090441,121.78368,0.5396399999999915,228.616253,95,242.6235727710522,Noatak,121.80848
81340500090451,121.87456,0.5174999999999983,262.3693275,96,242.80611084343224,Noatak,121.87456
81340500090461,121.97870499999999,0.503264999999999,143.1723055,90,242.9968457194236,Noatak,121.97617
81340500090471,121.97617,0.5324699999999964,193.182546,90,243.21363323176917,Noatak,121.97870499999999
81340500090481,122.015275,0.538454999999999,209.92852900000003,90,243.41575769480067,Noatak,122.015275
81340500090491,122.21525,0.5516999999999967,246.656634,93,243.6147663135839,Noatak,122.21525
81340500090501,122.36023,0.5937699999999921,148.382675,89,243.81248452301438,Noatak,122.36023
81340500090511,122.54594,0.5728299999999962,158.403739,85,244.01923422617432,Noatak,122.54594
81340500090521,122.64763,0.6413600000000059,264.241001,81,244.21667081969727,Noatak,122.57246
81340500090531,122.57246,0.6679900000000103,136.234627,84,244.41262166409703,Noatak,122.64763
81340500090541,122.82106,0.6304700000000025,227.2342755,84,244.60783516820462,Noatak,122.82106
81340500090551,123.09292,0.5882000000000005,169.584359,81,244.79987493970526,Noatak,123.09292
81340500090561,123.20557,0.5347499999999883,322.171376,83,245.01093356302508,Noatak,123.20557
81340500090571,123.402165,0.588745000000003,320.3279625,84,245.20941964576738,Noatak,123.402165
81340500090581,123.60808,0.674350000000004,252.783155,91,245.40984633728692,Noatak,123.60808
81340500090591,123.9025,0.590679999999999,297.702126,90,245.61581991219913,Noatak,123.9025
81340500090601,124.1521,0.5147400000000033,217.392095,91,245.8061946270741,Noatak,124.1521
81340500090611,124.29472,0.5531200000000069,157.840964,95,246.00967459293366,Noatak,124.28927
81340500090621,124.28927,0.5830100000000016,174.349491,95,246.20302202904884,Noatak,124.29472
81340500090631,124.41894500000001,0.616880000000009,183.7566085,96,246.38813625865106,Noatak,124.41894500000001
81340500090641,124.53006,0.54007,148.014028,91,246.60192153540237,Noatak,124.53006
81340500090651,124.628455,0.5882450000000006,243.1634815,94,246.8071854280431,Noatak,124.628455
81340500090661,125.3233,0.49602000000000146,313.95552,93,246.99524872673484,Noatak,125.02104
81340500090671,125.02104,0.5445899999999995,195.451406,93,247.18897610493903,Noatak,125.185425
81340500090681,125.185425,0.5617550000000051,222.39738649999998,94,247.38650284118802,Noatak,125.3233
81340500090691,125.46849,0.5239600000000024,261.9551555,92,247.59068196900435,Noatak,125.46849
81340500090701,125.68107,0.5370100000000093,255.950471,89,247.79660601683548,Noatak,125.68107
81340500090711,125.757305,0.5485300000000066,217.5991775,82,247.99941204570638,Noatak,125.757305
81340500090721,125.86039,0.5337750000000057,241.664424,80,248.1947746798891,Noatak,125.86039
81340500090731,125.94519,0.522279999999995,173.767207,77,248.39449074376313,Noatak,125.94519
81340500090741,125.99293499999999,0.522420000000011,152.33194650000002,80,248.60604110862238,Noatak,125.99293499999999
81340500090751,126.02051,0.520780000000002,149.34135,79,248.8049313905436,Noatak,126.02051
81340500090761,126.05243,0.570539999999994,237.289859,79,248.986517238941,Noatak,126.05243
81340500090771,126.48575,0.7018049999999931,156.28861949999998,78,249.19342844695578,Noatak,126.35885
81340500090781,126.35885,0.5906599999999997,178.56847,79,249.40379541490773,Noatak,126.48575
81340500090791,126.49734,0.5726800000000054,177.943196,79,249.60268585344457,Noatak,126.49734
81340500090801,126.75092000000001,0.5233699999999999,205.480904,80,249.80042043267798,Noatak,126.75092000000001
81340500090811,126.75711000000001,0.5597649999999916,198.3611345,82,249.9860236418308,Noatak,126.75711000000001
81340500090821,126.89653,0.6363699999999994,181.732029,79,250.20193979563672,Noatak,126.89653
81340500100011,127.17956,0.666489999999996,282.436903,77,250.40962270440687,Noatak,127.17956
81340500100021,127.27211,0.632000000000005,178.221104,77,250.5938573281497,Noatak,127.27211
81340500100031,127.35576,0.5915399999999948,184.156523,77,250.790718254668,Noatak,127.35576
81340500100041,127.43936,0.5887899999999888,225.386232,77,250.98522284822496,Noatak,127.43936
81340500100051,127.67656,0.5494599999999963,224.232189,77,251.19455025826986,Noatak,127.67656
81340500100061,127.99622,0.44547000000000025,255.893438,77,251.39802816772618,Noatak,127.99622
81340500100071,128.25428,0.431839999999994,236.090042,77,251.58448692843527,Noatak,128.25428
81340500100081,128.41018,0.4315300000000093,207.302528,77,251.78777738859233,Noatak,128.41018
81340500100091,128.47238,0.44796000000002323,199.40342,77,251.99192662450156,Noatak,128.47238
81340500100101,128.49709,0.4583099999999831,180.580052,77,252.19819923842348,Noatak,128.49709
81340500100111,128.60204,0.4897100000000023,193.274504,77,252.39854347657132,Noatak,128.58902
81340500100121,128.58902,0.5014400000000023,149.344203,77,252.598029097393,Noatak,128.60204
81340500100131,129.11496,0.34468999999998573,302.048189,77,252.7997937555296,Noatak,128.93106
81340500100141,128.93106,0.5040700000000129,287.600864,77,253.0006670439857,Noatak,129.07497999999998
81340500100151,129.07497999999998,0.5416199999999947,277.79812849999996,78,253.20068170155338,Noatak,129.11496
81340500100161,129.32236,0.4823000000000093,178.193678,77,253.40129074911684,Noatak,129.32236
81340500100171,129.39435,0.47087999999999397,170.148908,79,253.61578149761687,Noatak,129.39435
81340500100181,129.44149,0.522120000000001,269.544406,77,253.8143761387818,Noatak,129.44149
81340500100191,129.676615,0.5642899999999997,205.05213750000001,82,254.01297086445956,Noatak,129.676615
81340500100201,129.791235,0.4596599999999995,235.3329585,78,254.21159841265265,Noatak,129.791235
81340500100211,129.95791,0.4796649999999971,201.40642300000002,82,254.40844312850075,Noatak,129.95791
81340500100221,130.14081,0.4802799999999934,269.596383,81,254.6055523194515,Noatak,130.14081
81340500100231,130.33221500000002,0.4810399999999788,203.558667,80,254.80921713127137,Noatak,130.33221500000002
81340500100241,130.54191,0.4126100000000008,268.60636,81,255.01374072421368,Noatak,130.54191
81340500100251,130.8527,0.4493400000000065,226.998792,81,255.21349177994958,Noatak,130.8527
81340500100261,130.92708,0.4139200000000187,245.084223,83,255.4155546338105,Noatak,130.92708
81340500100271,131.13429,0.42234999999999445,229.152135,87,255.62049085429948,Noatak,131.13429
81340500100281,131.17804999999998,0.5220050000000072,263.9205855,84,255.82169515357836,Noatak,131.17804999999998
81340500100291,131.35499499999997,0.4566149999999993,220.89767,86,256.0093149992144,Noatak,131.35499499999997
81340500100301,131.44861,0.5008699999999919,225.790061,85,256.1976738939979,Noatak,131.44861
81340500100311,131.57376,0.5186849999999907,186.030774,88,256.4037089640412,Noatak,131.57376
81340500100321,131.65394,0.534364999999994,182.200017,90,256.61853118550914,Noatak,131.65394
81340500100331,131.78439500000002,0.5291550000000171,164.34925049999998,88,256.82166310713103,Noatak,131.78439500000002
81340500100341,131.87009,0.5365950000000055,214.74687649999998,90,257.0198320467196,Noatak,131.87009
81340500100351,131.95479,0.5817099999999868,154.393992,91,257.22261304505605,Noatak,131.95479
81340500100361,132.01032500000002,0.5592000000000326,232.954213,92,257.4211281834095,Noatak,132.01032500000002
81340500100371,132.12639000000001,0.5220850000000183,168.83039150000002,92,257.62307645173513,Noatak,132.12639000000001
81340500100381,132.22896,0.5777399999999915,216.036711,88,257.8333316362321,Noatak,132.22896
81340500100391,132.38801,0.5884800000000041,254.49824,91,258.0278384796486,Noatak,132.38801
81340500100401,132.59041000000002,0.5026249999999948,189.371377,90,258.2296047505138,Noatak,132.59041000000002
81340500100411,132.860895,0.49443500000000995,223.89096949999998,90,258.430512293057,Noatak,132.860895
81340500100421,132.91708,0.49160000000000537,241.387275,97,258.63141981545664,Noatak,132.91708
81340500100431,133.11392,0.5622749999999996,312.12278,96,258.82912413329126,Noatak,133.11392
81340500100441,133.29654,0.5111899999999991,221.803142,97,259.0273900110727,Noatak,133.29654
81340500100451,133.4613,0.4730999999999881,229.962422,91,259.22272205509074,Noatak,133.4613
81340500100461,133.50553,0.5036999999999807,183.989822,93,259.40819655216757,Noatak,133.50553
81340500100471,133.5575,0.4895999999999958,142.587152,87,259.6261559250787,Noatak,133.5575
81340500100481,133.67180000000002,0.5561300000000102,199.90477900000002,88,259.8389641385872,Noatak,133.67180000000002
81340500100491,133.88125,0.5330699999999808,241.5553,91,260.0193398390642,Noatak,133.88125
81340500100501,134.16692999999998,0.515199999999993,251.117172,88,260.2143402721403,Noatak,134.16692999999998
81340500100511,134.29147,0.5189300000000117,177.058475,93,260.4289773749519,Noatak,134.29147
81340500100521,134.48717,0.4894299999999987,137.391142,99,260.6398056986815,Noatak,134.48717
81340500100531,134.59466500000002,0.5318549999999931,104.694653,94,260.84526951776553,Noatak,134.59466500000002
81340500100541,134.65033,0.5188950000000006,229.9835325,88,261.04528848087824,Noatak,134.65033
81340500100551,134.68910499999998,0.5687899999999928,306.8418345,88,261.2415132344907,Noatak,134.68910499999998
81340500100561,135.006035,0.549420000000012,263.3751045,84,261.4401160949145,Noatak,135.006035
81340500100571,135.11044,0.49716000000000804,185.283926,79,261.636043390868,Noatak,135.11044
81340500100581,135.21208,0.44630999999998267,200.736941,77,261.8440359448616,Noatak,135.21208
81340500100591,135.25896,0.4966000000000008,272.090433,75,262.0533663207423,Noatak,135.25896
81340500100601,135.52843,0.4539699999999982,301.113202,71,262.24887151231843,Noatak,135.52843
81340500100611,135.90104,0.4910899999999998,234.004388,76,262.4431193956712,Noatak,135.90104
81340500100621,136.007425,0.45670499999998526,149.1853705,72,262.6345250448373,Noatak,135.961265
81340500100631,135.961265,0.4804950000000048,175.50423949999998,82,262.83940794620236,Noatak,136.007425
81340500100641,136.21488,0.61099999999999,284.320912,91,263.0552943108898,Noatak,136.18791
81340500100651,136.18791,0.449584999999999,277.6011805,94,263.26029869945745,Noatak,136.21488
81340500100661,136.36692,0.503690000000006,229.764595,95,263.4430387702419,Noatak,136.36692
81340500100671,136.42535,0.5190800000000024,177.845623,93,263.6434374107447,Noatak,136.42535
81340500100681,136.572485,0.4831049999999948,279.784493,94,263.843899378882,Noatak,136.572485
81340500100691,136.78691500000002,0.4670549999999878,203.103387,102,264.0458434341185,Noatak,136.78691500000002
81340500100701,137.00107,0.47372500000000173,238.3554215,96,264.25898729494224,Noatak,137.00107
81340500100711,137.21823999999998,0.45611000000000956,404.31759850000003,98,264.4548900381023,Noatak,137.21823999999998
81340500100721,137.4951,0.38385999999999854,332.6038715,76,264.65129757119166,Noatak,137.4951
81340500100731,137.58883,0.4448899999999867,384.364984,95,264.85555898992124,Noatak,137.58883
81340500100741,137.86095,0.45806000000000324,593.4895895,96,265.0575966337398,Noatak,137.86095
81340500100751,138.15205500000002,0.3804600000000278,482.83996,96,265.25647036886323,Noatak,138.15205500000002
81340500100761,138.308885,0.3652349999999984,669.1801049999999,96,265.46661165727545,Noatak,138.308885
81340500100771,138.60183,0.32375999999999294,696.60906,95,265.6628646968547,Noatak,138.60183
81340500100781,138.60982,0.3522700000000043,494.000744,95,265.84701891400573,Noatak,138.60982
81340500100791,138.83298,0.3097099999999955,450.458738,93,266.0506922206109,Noatak,138.83298
81340500100801,139.17838,0.378610000000009,219.546822,91,266.26292755433263,Noatak,139.02458
81340500100811,139.02458,0.45393000000001393,228.606339,101,266.46599826819875,Noatak,139.134685
81340500100821,139.134685,0.4839100000000087,297.83027000000004,104,266.6579042731378,Noatak,139.17838
81340500100831,139.27706,0.5503099999999961,255.999687,105,266.8536805543746,Noatak,139.27706
81340500100841,139.326,0.5275800000000004,308.429824,99,267.0546358298196,Noatak,139.326
81340500100851,139.52821,0.5181599999999946,247.30524,99,267.25812175116886,Noatak,139.52821
81340500100861,140.47537,0.3315200000000118,681.815573,99,267.4609309461346,Noatak,140.05512
81340500100871,140.05512,0.40885000000000105,750.758238,97,267.6562300791865,Noatak,140.256345
81340500100881,140.256345,0.45240499999999884,437.1397895,96,267.87871131277797,Noatak,140.29928
81340500110011,140.29928,0.4692749999999961,460.20061050000004,102,268.09039056004775,Noatak,140.46699
81340500110021,140.46699,0.5109399999999766,335.076656,103,268.27287322120014,Noatak,140.47537
81340500110031,140.61002,0.5553999999999917,360.829886,105,268.4716207846394,Noatak,140.61002
81340500110041,140.75687,0.5372600000000034,403.442804,107,268.6681718810854,Noatak,140.75687
81340500110051,141.06431,0.48453500000000815,462.42752299999995,106,268.8670446009785,Noatak,141.06431
81340500110061,141.29820999999998,0.41836500000000854,424.946821,106,269.0756771164357,Noatak,141.29820999999998
81340500110071,141.32464,0.476949999999988,256.454455,107,269.2720857222026,Noatak,141.32464
81340500110081,141.38864,0.4976300000000151,210.926597,107,269.4728482219626,Noatak,141.38864
81340500110091,141.57109,0.48892000000000735,230.988643,109,269.67189333798535,Noatak,141.57109
81340500110101,141.71061500000002,0.421030000000016,282.664847,106,269.86305069818786,Noatak,141.71061500000002
81340500110111,141.90672,0.38432000000000244,255.469795,105,270.06624653211514,Noatak,141.90672
81340500110121,142.173575,0.3927049999999923,306.149635,104,270.26120854858874,Noatak,142.173575
81340500110131,142.33121,0.41525000000001455,414.210029,103,270.4516192850207,Noatak,142.33121
81340500110141,142.54454,0.39761000000001445,395.106792,103,270.66362973128736,Noatak,142.54454
81340500110151,142.74025,0.3961500000000058,433.35304099999996,102,270.86797122220435,Noatak,142.74025
81340500110161,143.00332,0.3453800000000058,324.491528,103,271.068023472886,Noatak,143.00332
81340500110171,143.11693,0.3939900000000023,348.532591,103,271.2663583330168,Noatak,143.11693
81340500110181,143.29898,0.3401100000000099,329.851459,103,271.45084405635305,Noatak,143.29898
81340500110191,143.37035,0.38161999999999807,257.955716,103,271.6511936642095,Noatak,143.37035
81340500110201,143.3996,0.41495999999997935,219.665224,103,271.85296363025856,Noatak,143.3996
81340500110211,143.57318,0.4323100000000011,270.028379,103,272.0552952368887,Noatak,143.57318
81340500110221,143.64857,0.5152400000000057,412.569575,103,272.26114483929763,Noatak,143.64857
81340500110231,143.921165,0.4703350000000057,352.4624585,102,272.46059328112864,Noatak,143.921165
81340500110241,144.18657000000002,0.42646000000000583,381.893639,102,272.6620727996544,Noatak,144.18657000000002
81340500110251,144.48086,0.4767500000000098,409.277482,101,272.8584828048209,Noatak,144.48086
81340500110261,144.54922,0.4985899999999788,268.107298,103,273.059348859809,Noatak,144.54922
81340500110271,144.55826,0.512139999999988,360.964074,104,273.24998221441007,Noatak,144.55826
81340500110281,144.69293,0.5287399999999991,178.53705,105,273.4371999079847,Noatak,144.69293
81340500110291,144.81081999999998,0.5636549999999829,316.32858650000003,106,273.645262444201,Noatak,144.81081999999998
81340500110301,144.93913,0.5647299999999973,416.73136999999997,106,273.8519051022498,Noatak,144.93913
81340500110311,145.26495,0.5692400000000077,375.569571,109,274.0477538535967,Noatak,145.26495
81340500110321,145.423665,0.5333550000000002,225.7803275,112,274.24967363099233,Noatak,145.423665
81340500110331,145.57111,0.5108899999999892,277.498203,113,274.44503776424136,Noatak,145.57111
81340500110341,145.77402,0.4780800000000056,315.508086,111,274.64040196592543,Noatak,145.77402
81340500110351,146.05394,0.4104300000000052,403.5096595,112,274.8522571964935,Noatak,146.05394
81340500110361,146.29316,0.38822999999999297,334.385688,113,275.04910732823504,Noatak,146.29316
81340500110371,146.50447000000003,0.4097600000000341,312.9066745,112,275.24968961676313,Noatak,146.50447000000003
81340500110381,146.61595,0.46136999999998807,340.846383,113,275.45872707540286,Noatak,146.61595
81340500110391,146.64635,0.4678899999999828,354.349047,113,275.64232927444243,Noatak,146.64635
81340500110401,146.82237,0.48414999999999964,265.365737,115,275.8436080728433,Noatak,146.82237
81340500110411,146.88392,0.5036999999999807,440.632924,115,276.0423931948501,Noatak,146.88392
81340500110421,147.03653,0.502129999999994,320.325091,115,276.2283740246737,Noatak,147.03653
81340500110431,147.16265,0.5203599999999824,345.418483,115,276.4330097130951,Noatak,147.16265
81340500110441,147.41885,0.5008899999999983,306.702328,115,276.6416678746841,Noatak,147.41885
81340500110451,147.616175,0.4342549999999932,319.997075,114,276.84056589722456,Noatak,147.616175
81340500110461,147.83181,0.36284999999998035,293.57082,113,277.0377137677924,Noatak,147.83181
81340500110471,147.94815,0.40120999999999185,299.16209449999997,114,277.24897542999116,Noatak,147.94815
81340500110481,148.05922,0.421670000000006,371.947697,113,277.4466849970517,Noatak,148.05922
81340500110491,148.28858,0.4099199999999996,305.497062,111,277.6353508150999,Noatak,148.28858
81340500110501,148.46695,0.4101100000000031,271.905736,112,277.83344305444575,Noatak,148.46695
81340500110511,148.64135499999998,0.4197099999999949,284.34400300000004,112,278.03756346630337,Noatak,148.64135499999998
81340500110521,148.79922,0.43922000000000594,268.044973,113,278.23624940179263,Noatak,148.79922
81340500120011,148.85842,0.43197000000000685,309.570213,113,278.4139020287662,Noatak,148.85842
81340500120021,148.96346499999999,0.4512800000000112,270.1540915,112,278.6020065405057,Noatak,148.96346499999999
81340500120031,149.135685,0.40382999999999925,384.699107,110,278.80090515140006,Noatak,149.135685
81340500120041,149.35291999999998,0.42595500000000186,331.5034885,110,279.00152130099815,Noatak,149.35291999999998
81340500120051,149.53687,0.4240299999999877,402.658718,111,279.20098160678674,Noatak,149.53687
81340500120061,149.754165,0.4878049999999945,419.9495025,112,279.40027814075705,Noatak,149.754165
81340500120071,149.852405,0.4580699999999922,418.2264455,112,279.60757276609024,Noatak,149.852405
81340500120081,150.046735,0.3783300000000054,514.586071,110,279.795694567397,Noatak,150.046735
81340500120091,150.33672,0.36990000000001544,385.034875,108,279.97754163110716,Noatak,150.33672
81340500120101,150.40071,0.35960000000000036,265.29975,107,280.18178077449016,Noatak,150.40071
81340500120111,150.46751,0.39215999999998985,396.121769,105,280.38746725273717,Noatak,150.46751
81340500120121,150.6471,0.4204149999999913,282.087671,100,280.58864542260613,Noatak,150.6471
81340500120131,150.82742,0.4212700000000211,290.00537,97,280.7866531051086,Noatak,150.82742
81340500120141,150.84962,0.43088000000000193,219.084175,95,280.9849580147601,Noatak,150.84962
81340500120151,150.91302,0.476680000000016,175.024677,95,281.1894063553103,Noatak,150.91302
81340500120161,150.93185,0.47706999999999766,178.842612,95,281.38793290811054,Noatak,150.93185
81340500120171,151.15021,0.47456999999999994,365.169355,95,281.58512167832725,Noatak,151.15021
81340500120181,151.19809,0.4641900000000021,198.716741,95,281.77117964385076,Noatak,151.19809
81340500120191,151.34601,0.3684199999999862,166.04971,93,281.9715175689304,Noatak,151.34601
81340500120201,151.73299,0.2263900000000092,220.753394,89,282.16968044860624,Noatak,151.61992
81340500120211,151.61992,0.4129599999999982,501.596527,95,282.35591997010664,Noatak,151.73299
81340500120221,151.93194,0.3967800000000068,302.095452,89,282.5678729525829,Noatak,151.90634
81340500120231,151.90634,0.49524999999999864,811.941317,87,282.7713322114736,Noatak,151.93194
81340500120241,152.28655,0.5036450000000059,267.2025175,76,282.959484374261,Noatak,152.28655
81340500120251,152.41837,0.4713599999999758,258.63086,75,283.15725740380014,Noatak,152.41837
81340500120261,152.595475,0.5186899999999923,275.393097,76,283.3661638299958,Noatak,152.595475
81340500120271,152.777765,0.4913449999999955,243.5654185,76,283.56763992206857,Noatak,152.777765
81340500120281,152.967705,0.5450599999999923,202.481041,78,283.75381355868393,Noatak,152.967705
81340500120291,153.03374,0.5258200000000102,260.178592,81,283.9549926006529,Noatak,153.03374
81340500120301,153.15197,0.5048950000000048,325.154423,88,284.1547186245543,Noatak,153.15197
81340500120311,153.25221499999998,0.4605450000000104,406.094873,90,284.3573508535907,Noatak,153.25221499999998
81340500120321,153.588,0.4781899999999979,289.30382099999997,88,284.5613209748689,Noatak,153.588
81340500120331,153.62746,0.4909900000000107,383.558111,91,284.75877736266955,Noatak,153.62746
81340500120341,153.667235,0.4377199999999988,333.6106935,90,284.96160094322903,Noatak,153.667235
81340500120351,153.82354,0.4815200000000033,320.7772425,92,285.15869115665197,Noatak,153.82354
81340500120361,153.98881,0.4997500000000059,231.551796,83,285.3512730176657,Noatak,153.98881
81340500120371,154.18146,0.5387899999999775,220.125369,89,285.552337259921,Noatak,154.14989
81340500120381,154.14989,0.5189000000000021,235.675827,91,285.7488931492921,Noatak,154.18146
81340500120391,154.19186,0.514160000000004,205.69531,93,285.94455760083474,Noatak,154.19186
81340500120401,154.30534999999998,0.4643800000000198,236.0205905,92,286.15493033878226,Noatak,154.30534999999998
81340500120411,154.72354,0.507230000000007,282.284543,92,286.3607672725247,Noatak,154.60039
81340500120421,154.60039,0.6061300000000074,253.046436,93,286.5548021721619,Noatak,154.62608
81340500120431,154.62608,0.5874499999999898,215.157511,93,286.743274317409,Noatak,154.72354
81340500120441,154.76253,0.5398800000000108,227.827659,93,286.9291436493934,Noatak,154.76253
81340500120451,154.82061,0.5519899999999893,213.147313,93,287.12544809325055,Noatak,154.82061
81340500120461,155.07652,0.5192799999999806,256.869817,93,287.3386747329668,Noatak,155.07652
81340500120471,155.35616,0.48745999999999867,312.348993,93,287.5361193638126,Noatak,155.35616
81340500120481,155.58855,0.4501199999999983,258.66264,93,287.7342501202902,Noatak,155.58855
81340500120491,155.836255,0.4313899999999933,259.77072599999997,92,287.94377011004883,Noatak,155.836255
81340500120501,156.007585,0.44798500000000274,264.6947505,92,288.1470710642169,Noatak,156.007585
81340500120511,156.03171,0.4602349999999973,283.064132,92,288.33554854903525,Noatak,156.03171
81340500120521,156.08363,0.5353399999999908,229.866669,93,288.5430127875335,Noatak,156.08363
81340500130011,156.24894,0.5826600000000042,312.953844,93,288.7389567877055,Noatak,156.22687
81340500130021,156.22687,0.5440899999999829,175.991417,93,288.9291568294756,Noatak,156.24894
81340500130031,156.42262,0.6048600000000022,369.148134,93,289.1337889748589,Noatak,156.42262
81340500130041,156.89391,0.5567800000000034,324.098103,93,289.32878851902456,Noatak,156.89391
81340500130051,157.3164,0.49926999999999566,336.97984,93,289.53130663604827,Noatak,157.3164
81340500130061,157.587895,0.40062000000000353,318.561466,92,289.7244836938951,Noatak,157.587895
81340500130071,157.87818,0.5119599999999878,276.349359,93,289.93035442513593,Noatak,157.63721
81340500130081,157.85754,0.5867399999999918,248.571617,93,290.1446748265022,Noatak,157.81869
81340500130091,158.1157,0.638229999999993,235.652001,89,290.3403401460991,Noatak,157.85754
81340500130101,157.63721,0.5577200000000175,224.86183,93,290.5365998536228,Noatak,157.87818
81340500130111,157.81869,0.4615799999999979,304.2378195,78,290.7487238292356,Noatak,158.1157
81340500130121,158.4687,0.6432799999999759,401.560306,79,290.9464367205553,Noatak,158.46805
81340500130131,158.493445,0.6620800000000031,322.19968500000004,92,291.1383426284297,Noatak,158.4687
81340500130141,158.46805,0.6780500000000131,499.758542,83,291.34000896046075,Noatak,158.493445
81340500130151,158.82778,0.6614100000000178,386.318705,93,291.54331071134504,Noatak,158.82778
81340500130161,158.88513,0.5937200000000047,239.593191,92,291.7439368083684,Noatak,158.88513
81340500130171,158.92224499999998,0.5499649999999718,170.44760150000002,92,291.94615382201084,Noatak,158.92224499999998
81340500130181,158.9402,0.6250699999999938,149.990079,93,292.15755387786936,Noatak,158.9402
81340500130191,159.05965,0.6246800000000121,279.704017,93,292.36163786819924,Noatak,159.05965
81340500130201,159.24705,0.6334600000000137,344.510316,93,292.54096220065173,Noatak,159.24705
81340500130211,159.538485,0.5333850000000098,280.8548935,96,292.7334930863336,Noatak,159.538485
81340500130221,159.60789,0.511525000000006,184.3059885,98,292.94981868790524,Noatak,159.60789
81340500130231,159.741965,0.49546000000000845,240.737888,100,293.1521179987952,Noatak,159.741965
81340500130241,159.90472,0.48139500000000623,228.509801,98,293.36034613552624,Noatak,159.90472
81340500130251,160.01449,0.5420699999999954,203.903425,93,293.5696523767757,Noatak,160.01449
81340500130261,160.25384,0.6010599999999897,172.017555,93,293.765790822026,Noatak,160.25384
81340500130271,160.49902,0.539510000000007,248.573643,97,293.96519968835105,Noatak,160.49902
81340500130281,160.70129,0.4706600000000094,256.888748,99,294.1605742874867,Noatak,160.70129
81340500130291,160.94396,0.44132999999999356,249.41171,99,294.3611612610091,Noatak,160.94396
81340500130301,161.20003,0.4508199999999931,226.539398,97,294.5721300811438,Noatak,161.20003
81340500130311,161.39261,0.49530999999998926,277.545125,97,294.7680933790674,Noatak,161.34658
81340500130321,161.34658,0.4835000000000065,203.1670225,98,294.9649481817306,Noatak,161.39261
81340500130331,161.39734,0.5151200000000244,167.601102,95,295.17885593262037,Noatak,161.39734
81340500130341,161.43838,0.5244800000000112,199.141845,98,295.37686665520346,Noatak,161.43838
81340500130351,161.53091,0.5707400000000007,201.61118199999999,96,295.57372145231784,Noatak,161.53091
81340500130361,161.69462,0.5738600000000247,332.590118,93,295.77087341546917,Noatak,161.69462
81340500130371,161.84112,0.6313799999999787,298.3675995,94,295.96861971511015,Noatak,161.84112
81340500130381,162.25785000000002,0.5726000000000226,330.964832,96,296.1744089252313,Noatak,162.25785000000002
81340500130391,162.57111,0.5349799999999902,201.258091,95,296.3829563420391,Noatak,162.57111
81340500130401,162.68625,0.5386499999999899,215.193478,91,296.5828665284712,Noatak,162.68625
81340500130411,162.88334,0.6824450000000013,187.2829445,82,296.78001852380737,Noatak,162.78587
81340500130421,162.81656,0.6434200000000203,203.896693,85,296.9786563580017,Noatak,162.81656
81340500130431,162.78587,0.5752699999999891,184.260601,92,297.17729419037397,Noatak,162.8428
81340500130441,162.8428,0.5301950000000062,215.65087799999998,92,297.383760232337,Noatak,162.88334
81340500130451,162.919355,0.5518750000000097,202.6242995,92,297.58830020508725,Noatak,162.919355
81340500130461,163.03051,0.5466600000000028,248.051041,91,297.7774218777994,Noatak,163.03051
81340500130471,163.10441,0.610510000000005,193.335488,91,297.9664453194608,Noatak,163.10441
81340500130481,163.30444,0.6374600000000044,227.210114,91,298.1800907472339,Noatak,163.30444
81340500130491,163.55185,0.6459250000000054,245.062928,92,298.3929759355219,Noatak,163.55185
81340500130501,163.83526,0.5570050000000037,283.023211,92,298.58189704413985,Noatak,163.83526
81340500130511,164.08728000000002,0.539445000000029,218.3158575,92,298.78236697301736,Noatak,164.08728000000002
81340500130521,164.28678,0.5169599999999832,232.218957,89,298.9984555582602,Noatak,164.28678
81340500130531,164.378265,0.5179200000000037,223.986469,90,299.1942092045177,Noatak,164.378265
81340500130541,164.48189,0.5218000000000131,186.376495,91,299.39743765098245,Noatak,164.48189
81340500130551,164.60898,0.556430000000006,225.005092,93,299.5957452482503,Noatak,164.60898
81340500130561,164.79858,0.6218899999999792,185.356598,93,299.792005422673,Noatak,164.79858
81340500130571,164.81811,0.5805399999999992,187.9252565,92,299.99404519459335,Noatak,164.81811
81340500130581,164.89564,0.5396300000000167,226.588307,91,300.19193598514926,Noatak,164.89564
81340500130591,165.15386999999998,0.5139349999999752,217.7949665,90,300.4124783833159,Noatak,165.15386999999998
81340500140011,165.44643,0.5386299999999835,241.995652,89,300.626935540453,Noatak,165.44643
81340500140021,165.69999,0.5435999999999979,208.197148,87,300.8192202641197,Noatak,165.6973
81340500140031,165.6973,0.5500200000000177,208.860772,87,301.01343885215067,Noatak,165.69999
81340500140041,165.88244500000002,0.6113950000000159,170.3310345,86,301.2059399803718,Noatak,165.88244500000002
81340500140051,166.07362999999998,0.6539350000000042,192.92677600000002,84,301.3940479421368,Noatak,166.05314
81340500140061,166.14647000000002,0.6147750000000087,174.497362,84,301.5855909548147,Noatak,166.07362999999998
81340500140071,166.05314,0.6456999999999766,159.327632,73,301.7815272217326,Noatak,166.14647000000002
81340500140081,166.234115,0.685325000000006,151.96322,78,301.9649641197634,Noatak,166.234115
81340500140091,166.2471,0.5959399999999846,201.957713,87,302.1420195513494,Noatak,166.2471
81340500140101,166.41903,0.6971599999999967,164.0906015,92,302.35903768992563,Noatak,166.41903
81340500140111,166.44024,0.7429099999999949,179.934111,101,302.58445203818417,Noatak,166.44024
81340500140121,166.552495,0.7349450000000104,196.7185125,102,302.778670980438,Noatak,166.552495
81340500140131,166.770915,0.6770099999999957,184.5481095,106,302.96763799510023,Noatak,166.770915
81340500140141,166.92960499999998,0.6348600000000033,189.926389,106,303.15556436397065,Noatak,166.92960499999998
81340500140151,167.171375,0.6169800000000123,195.370554,106,303.3426320207221,Noatak,167.171375
81340500140161,167.38627,0.6322250000000054,160.37789199999997,106,303.5324579137623,Noatak,167.38627
81340500140171,167.49009,0.5744650000000036,140.231222,106,303.7361298746281,Noatak,167.49009
81340500140181,167.586205,0.6156600000000054,145.4096395,106,303.94866973820444,Noatak,167.586205
81340500140191,167.757115,0.6794249999999948,143.2065675,104,304.16054292070214,Noatak,167.757115
81340500140201,167.85528,0.7127399999999966,127.566872,101,304.360674829772,Noatak,167.85528
81340500140211,167.871445,0.633925000000005,145.575472,100,304.55063958760894,Noatak,167.871445
81340500140221,168.046735,0.6706100000000106,183.6590315,100,304.74347741800983,Noatak,168.046735
81340500140231,168.259525,0.6637250000000137,198.72839750000003,100,304.94514453625476,Noatak,168.259525
81340500140241,168.41795000000002,0.5930450000000178,206.2785745,100,305.1522455402954,Noatak,168.41795000000002
81340500140251,168.49224,0.5522899999999993,203.963188,101,305.3605411742628,Noatak,168.49224
81340500140261,168.75462,0.5582100000000025,196.040699,105,305.5699105624643,Noatak,168.75462
81340500140271,168.904895,0.6141700000000014,121.325617,96,305.7714957637148,Noatak,168.904895
81340500140281,168.97387,0.5876499999999965,199.998017,103,305.9564293852109,Noatak,168.97387
81340500140291,169.05024,0.6307799999999872,158.455378,99,306.151386750129,Noatak,169.05024
81340500140301,169.127095,0.5935699999999997,157.1205075,94,306.3795042753258,Noatak,169.127095
81340500140311,169.33781,0.6482899999999887,210.00809950000001,90,306.6006529916597,Noatak,169.33781
81340500140321,169.56884,0.6410400000000038,211.16924899999998,90,306.7960274871347,Noatak,169.56884
81340500140331,169.72146,0.5637000000000114,236.878669,89,306.9807831527715,Noatak,169.72146
81340500140341,169.939865,0.44936500000000024,251.5184645,88,307.163788555309,Noatak,169.939865
81340500140351,170.19826,0.37939500000000237,310.589272,88,307.34955215150393,Noatak,170.19826
81340500140361,170.41910000000001,0.3635749999999973,384.68710899999996,86,307.54756960070404,Noatak,170.41910000000001
81340500140371,170.60339,0.43528999999999485,271.946821,88,307.75229177594593,Noatak,170.60339
81340500140381,170.83792,0.4113100000000003,552.9669245,88,307.9464776312244,Noatak,170.83792
81340500140391,171.119145,0.36147500000001287,564.5848404999999,88,308.1317621816039,Noatak,171.119145
81340500140401,171.36383,0.3819549999999907,536.0954019999999,88,308.3340723949005,Noatak,171.2414875
81340500140411,171.461185,0.3605349999999987,303.2526625,86,308.5834401654895,Noatak,171.461185
81340500140421,171.60526,0.3765150000000119,484.5418555,90,308.82192579759976,Noatak,171.60526
81340500140431,171.88478500000002,0.4253900000000215,454.3299925,84,309.0203561544935,Noatak,171.7450225
81340500140441,172.02197,0.485510000000005,388.286634,85,309.21840687829535,Noatak,171.95337750000002
81340500140451,172.19535,0.46599999999997976,440.224901,79,309.4142610098202,Noatak,172.10866
81340500140461,172.25053,0.4581200000000081,448.837129,81,309.6043840799922,Noatak,172.22294
81340500140471,172.36772,0.48643999999998755,381.874862,85,309.79316930546304,Noatak,172.309125
81340500140481,172.59592,0.5204149999999998,411.508189,94,309.98854437711105,Noatak,172.48182
81340500140491,172.82017000000002,0.43702499999999134,486.1584885,98,310.18965054661084,Noatak,172.70804500000003
81340500140501,173.04559,0.35953999999999553,335.456049,96,310.3891217120083,Noatak,172.93288
81340500140511,173.1156,0.4845100000000002,341.100625,97,310.60066975892335,Noatak,173.08059500000002
81340500140521,173.28356,0.5007400000000075,440.591497,99,310.83504184528846,Noatak,173.28356
81340500140531,173.63186,0.4216899999999839,621.894808,97,311.07566276924297,Noatak,173.45771
81340500140541,173.9043,0.3452699999999993,613.067543,101,311.3068357026495,Noatak,173.9043
81340500140551,174.07782,0.318569999999994,672.265676,101,311.53800867625694,Noatak,174.198865
81340500140561,174.31991,0.3092499999999916,583.644741,103,311.7600166440719,Noatak,174.448725
81340500140571,174.57754,0.3646449999999959,807.246476,112,311.959823955202,Noatak,174.68205999999998
81340500140581,174.78658,0.30918999999997254,742.612113,119,312.16230701220684,Noatak,174.929395
81340500140591,175.07220999999998,0.3039349999999956,428.4775065,122,312.4059170881232,Noatak,175.131745
81340500140601,175.19128,0.3155399999999986,332.019624,123,312.65273191743887,Noatak,175.28145
81340500140611,175.37162,0.318790000000007,193.966609,105,312.8627739305246,Noatak,175.411875
81340500140621,175.45213,0.410000000000025,220.01423,123,313.0571754380844,Noatak,175.4722075
81340500140631,175.49228499999998,0.39594499999999755,667.5139369999999,126,313.24554869525207,Noatak,175.6202475
81340500140641,175.74821,0.36608000000001084,501.511772,125,313.43276603367707,Noatak,175.90855499999998
81340500140651,176.06889999999999,0.2549049999999795,304.362399,120,313.61488057388294,Noatak,176.17816
81340500140661,176.28742,0.31539000000000783,374.374405,123,313.7961363602942,Noatak,176.28742
81340500140671,176.51367,0.2227049999999906,583.718881,120,313.98584748688046,Noatak,176.32368
81340500140681,176.52339,0.3413800000000151,665.704273,111,314.18561622051556,Noatak,176.51367
81340500140691,176.32368,0.27430499999999824,978.6676705,108,314.3820323976039,Noatak,176.52339
81340500140701,176.81697,0.25104500000000485,797.875464,112,314.58417931470194,Noatak,176.81697
81340500140711,176.992515,0.2809249999999963,641.0387555,116,314.7918754093685,Noatak,176.992515
81340500140721,177.33947,0.26189999999999714,488.021397,102,314.9855334267334,Noatak,177.16628
81340500140731,177.16628,0.26189999999999714,828.5175730000001,102,315.16883665562597,Noatak,177.33947
81340500140741,177.368315,0.22155999999999665,717.408856,98,315.37950929644296,Noatak,177.368315
81340500150011,177.57759,0.2947900000000061,687.251242,95,315.59107344683053,Noatak,177.57759
81340500150021,177.58587,0.24855499999999608,542.6194765,92,315.7726264143453,Noatak,177.58587
81340500150031,177.82968,0.3301450000000017,271.8250385,82,315.9611485308616,Noatak,177.72514999999999
81340500150041,177.835165,0.34613499999998965,122.50090449999999,92,316.1560072025578,Noatak,177.79069
81340500150051,177.72514999999999,0.4243200000000229,263.169088,92,316.3546979083521,Noatak,177.82968
81340500150061,177.79069,0.41232000000002245,564.790166,91,316.55141139651806,Noatak,177.835165
81340500150071,177.93434,0.32999000000000933,379.392198,89,316.7546142634422,Noatak,177.93434
81340500150081,178.11332,0.383609999999976,554.30037,91,316.9463041869801,Noatak,178.11332
81340500150091,178.28321,0.41545499999999436,469.849424,90,317.14305374730856,Noatak,178.28321
81340500150101,178.5472,0.47929999999999495,407.080474,93,317.3622990604777,Noatak,178.5472
81340500150111,178.776255,0.4372149999999948,289.2133275,90,317.5673197526966,Noatak,178.776255
81340500150121,178.919085,0.49848999999998966,335.0313165,82,317.7561789395632,Noatak,178.919085
81340500150131,179.01781,0.5109999999999957,330.705569,81,317.9503896130504,Noatak,179.01781
81340500150141,179.04197499999998,0.45533000000000357,314.7942035,78,318.1536932618465,Noatak,179.04197499999998
81340500150151,179.20212,0.5446699999999964,285.980905,81,318.3516455006852,Noatak,179.20212
81340500150161,179.3249,0.4400400000000104,374.1455625,82,318.5474011573382,Noatak,179.3249
81340500150171,179.54876,0.3777499999999918,354.765583,81,318.7471704441017,Noatak,179.54876
81340500150181,179.81108,0.39383000000000834,361.9942375,86,318.9451949274311,Noatak,179.81108
81340500150191,179.93992500000002,0.41567000000000576,296.3425095,94,319.1418815839756,Noatak,179.93992500000002
81340500150201,180.17451,0.4586749999999995,297.24807250000003,104,319.3425774433472,Noatak,180.17451
81340500150211,180.23588,0.3550350000000009,340.3224305,92,319.5336011171337,Noatak,180.23588
81340500150221,180.386035,0.30749499999998875,330.3129685,90,319.73811509489354,Noatak,180.386035
81340500150231,180.61699,0.2915299999999945,383.220709,91,319.94523235303024,Noatak,180.61699
81340500150241,180.76799,0.29646999999999935,351.106467,91,320.1414674036073,Noatak,180.76799
81340500150251,180.88883,0.31174000000001456,359.633688,91,320.33338207853154,Noatak,180.88883
81340500150261,180.97996,0.31283999999999423,395.123201,91,320.5332157212049,Noatak,180.97996
81340500150271,181.11067,0.36212000000000444,509.9019455,84,320.74223787625255,Noatak,181.11067
81340500150281,181.4009,0.422789999999992,458.257244,78,320.9420032647381,Noatak,181.4009
81340500150291,181.59839,0.36115999999998394,337.093661,73,321.1289638930514,Noatak,181.59839
81340500150301,181.653685,0.3707199999999915,208.839104,70,321.3236890243222,Noatak,181.653685
81340500150311,181.76278,0.44129999999998404,361.304701,75,321.52575224888756,Noatak,181.76278
81340500150321,181.97129,0.49225000000001273,299.455793,77,321.72921613923194,Noatak,181.97129
81340500150331,182.15869,0.43547000000000935,327.760776,77,321.92895830670034,Noatak,182.15869
81340500150341,182.26114,0.4031099999999981,238.572515,80,322.12727437803824,Noatak,182.26114
81340500150351,182.366905,0.4252299999999991,287.0569775,88,322.32528717472917,Noatak,182.366905
81340500150361,182.59036,0.4597650000000044,271.9215275,90,322.52214408195385,Noatak,182.59036
81340500150371,182.72235,0.4197900000000061,386.493267,93,322.7192981963619,Noatak,182.72235
81340500150381,182.995155,0.37700500000001114,309.1874785,92,322.91615518150843,Noatak,182.995155
81340500150391,183.16576,0.32585000000000264,310.965855,95,323.1158856588848,Noatak,183.16576
81340500150401,183.35623,0.373170000000016,318.064738,97,323.31852238669546,Noatak,183.35623
81340500150411,183.56868,0.4285250000000076,302.291392,94,323.51888003629404,Noatak,183.54979
81340500150421,183.54979,0.3962500000000091,217.182768,95,323.7157371750998,Noatak,183.56868
81340500150431,183.57207,0.38163000000000125,228.768175,99,323.9117028346687,Noatak,183.57207
81340500150441,183.70161000000002,0.4641799999999847,213.1307195,102,324.1079657062442,Noatak,183.70161000000002
81340500150451,183.74969,0.4635600000000011,214.118509,103,324.3195314963538,Noatak,183.74969
81340500150461,183.84929,0.47422000000000253,236.100139,103,324.5154972709872,Noatak,183.84929
81340500150471,183.90834999999998,0.48966000000000065,209.6404015,104,324.7105715704884,Noatak,183.90834999999998
81340500150481,183.948625,0.4560149999999936,211.27712350000002,102,324.90624024747564,Noatak,183.948625
81340500150491,184.14353,0.5206699999999955,181.7373285,102,325.1059711130433,Noatak,184.11024
81340500150501,184.11024,0.5329899999999839,194.765344,103,325.30685794790185,Noatak,184.14353
81340500150511,184.223865,0.5189699999999959,167.06933800000002,102,325.501822453668,Noatak,184.223865
81340500150521,184.30136,0.5537199999999984,207.052707,103,325.6993687096927,Noatak,184.30136
81340500150531,184.58191,0.6432049999999947,177.413003,104,325.89806664717423,Noatak,184.58191
81340500150541,184.95469,0.5252300000000076,307.2836815,104,326.09018803215923,Noatak,184.95469
81340500150551,185.10311000000002,0.5100500000000068,208.673583,104,326.27606603891866,Noatak,185.10311000000002
81340500150561,185.23594500000002,0.5090600000000194,181.9851065,104,326.48602018789916,Noatak,185.23594500000002
81340500150571,185.30214,0.5198800000000148,196.644447,104,326.70020770513077,Noatak,185.30214
81340500150581,185.49107,0.5400999999999954,195.307148,99,326.90351294389455,Noatak,185.49107
81340500150591,185.57012,0.5397099999999995,193.040622,102,327.0988904290709,Noatak,185.57012
81340500150601,185.77835,0.5315899999999942,186.381668,101,327.2851017383583,Noatak,185.77835
81340500150611,185.8576,0.5640899999999931,137.04627,103,327.48717759447595,Noatak,185.8576
81340500150621,185.91425,0.4966799999999978,177.930845,99,327.6906738407406,Noatak,185.91425
81340500150631,185.95765,0.5167500000000018,158.918153,101,327.89014072003295,Noatak,185.95765
81340500150641,185.99705,0.5281099999999981,154.117257,101,328.0875929287449,Noatak,185.99705
81340500150651,186.05873,0.6053500000000156,129.582633,103,328.28563951966964,Noatak,186.05873
81340500150661,186.17350499999998,0.6080299999999994,174.7586705,102,328.49087040983153,Noatak,186.17350499999998
81340500150671,186.23396,0.6236499999999978,181.875081,103,328.6802101900021,Noatak,186.23396
81340500150681,186.35651,0.5796300000000087,139.239303,103,328.8765192238394,Noatak,186.35651
81340500150691,186.40731,0.6288700000000063,151.48342200000002,102,329.07282828410524,Noatak,186.40731
81340500150701,186.61082,0.6212799999999987,130.647594,102,329.28738546165096,Noatak,186.61082
81340500160011,186.61499,0.6370100000000036,163.605384,109,329.5030924713797,Noatak,186.61499
81340500160021,186.92847,0.5275499999999909,208.051135,109,329.6878510406741,Noatak,186.92847
81340500160031,187.10385,0.498800000000017,185.688037,103,329.8867566522034,Noatak,187.10385
81340500160041,187.39916,0.5094799999999964,361.468819,109,330.08420918179905,Noatak,187.39916
81340500160051,187.76548,0.4547399999999868,582.276481,107,330.283973626562,Noatak,187.76548
81340500160061,187.78568,0.33078999999997905,336.310982,105,330.484894041433,Noatak,187.78568
81340500160071,188.05452,0.3279800000000108,717.3421725000001,106,330.683799784198,Noatak,188.05452
81340500160081,188.29401,0.379320000000007,897.911696,107,330.88095527004583,Noatak,188.29401
81340500160091,188.775265,0.2852399999999875,279.2439835,104,331.07037176140625,Noatak,188.728535
81340500160101,188.728535,0.3665200000000084,184.9337135,108,331.2827427477702,Noatak,188.775265
81340500160111,188.80073,0.43328000000002476,249.08724,109,331.4906931469787,Noatak,188.80073
81340500160121,188.9332,0.49528000000000816,257.962371,109,331.6917748538346,Noatak,188.9332
81340500160131,189.14797,0.4776199999999733,320.752092,109,331.89727720315636,Noatak,189.14797
81340500160141,189.24745000000001,0.47622499999999945,292.956156,108,332.08758534796544,Noatak,189.24745000000001
81340500160151,189.36766999999998,0.5123899999999679,342.73148449999997,108,332.29052074509525,Noatak,189.36766999999998
81340500160161,189.47734,0.37509000000000015,338.314112,107,332.4915300824831,Noatak,189.47734
81340500160171,189.557,0.38781000000000176,339.220438,107,332.6924242096255,Noatak,189.557
81340500160181,189.6602,0.4961900000000128,641.664253,109,332.8885461062502,Noatak,189.6602
81340500160191,189.91163,0.49908999999999537,546.969565,109,333.06802283285134,Noatak,189.91163
81340500160201,190.18841,0.46399999999999864,415.502188,109,333.2741599735487,Noatak,190.18841
81340500160211,190.48105,0.37700000000000955,568.190856,109,333.48309245427726,Noatak,190.48105
81340500160221,190.60204,0.395079999999993,365.4769415,108,333.68822465775,Noatak,190.60204
81340500160231,190.852745,0.4260799999999989,364.52376200000003,108,333.89116024156294,Noatak,190.74682
81340500160241,190.95605,0.3752900000000068,394.780633,107,334.0816663410853,Noatak,190.852745
81340500160251,190.90453,0.45323999999999387,330.061621,107,334.27329098229836,Noatak,190.86123
81340500160261,190.74682,0.45759999999998513,263.303535,109,334.47176056429316,Noatak,190.90453
81340500160271,190.86123,0.5123700000000042,348.853179,109,334.67395195938855,Noatak,190.9407
81340500160281,191.032085,0.4639800000000065,527.6942294999999,110,334.88015259455744,Noatak,190.95605
81340500160291,190.9407,0.4927449999999851,190.28132349999998,110,335.0883578611577,Noatak,191.032085
81340500160301,191.201705,0.4568349999999981,201.41393499999998,110,335.29277807162794,Noatak,191.201705
81340500160311,191.40195,0.34032999999999447,226.914986,109,335.50308007243234,Noatak,191.40195
81340500160321,191.73809,0.37122999999999706,314.186238,109,335.7016892401699,Noatak,191.73809
81340500160331,192.04101,0.3103800000000092,292.027961,109,335.9022803668433,Noatak,192.04101
81340500160341,192.29488,0.3034049999999979,312.46986000000004,108,336.10432460813,Noatak,192.29488
81340500160351,192.49373,0.3947299999999956,249.237657,108,336.2923212419506,Noatak,192.49373
81340500160361,192.65552,0.41551999999998657,224.481329,109,336.49957961372786,Noatak,192.65552
81340500160371,192.71757,0.41476000000000113,197.68357,109,336.70885271937226,Noatak,192.71757
81340500160381,192.80855,0.39897999999999456,265.245167,107,336.9133083644573,Noatak,192.80855
81340500160391,193.00392,0.39740000000000464,336.428667,109,337.10331943739817,Noatak,193.00392
81340500160401,193.17443,0.4229400000000112,288.814028,109,337.2981480285734,Noatak,193.17443
81340500160411,193.27041,0.4724999999999966,282.150507,111,337.50214219582665,Noatak,193.27041
81340500160421,193.32994000000002,0.49651500000001647,191.51073150000002,110,337.70131888604936,Noatak,193.32994000000002
81340500160431,193.562585,0.4467300000000023,259.3953655,110,337.91608998863774,Noatak,193.562585
81340500160441,193.762445,0.4273799999999852,342.451057,110,338.1209253808819,Noatak,193.762445
81340500160451,193.943485,0.44127000000000294,378.19571599999995,110,338.3084430332111,Noatak,193.943485
81340500160461,194.11836,0.49078500000000247,252.251648,110,338.4968194554996,Noatak,194.11836
81340500160471,194.26667,0.4578900000000061,241.4461345,110,338.7030810010512,Noatak,194.26667
81340500160481,194.52774,0.35634999999999195,282.088775,111,338.9080046824746,Noatak,194.43791
81340500160491,194.53621,0.3614200000000096,448.127017,109,339.10975194740956,Noatak,194.52774
81340500160501,194.43791,0.30517000000000394,937.010539,107,339.3083285781392,Noatak,194.53621
81340500160511,195.02936,0.3915100000000109,321.809873,109,339.51010865178165,Noatak,195.02936
81340500160521,195.134695,0.33691000000000315,348.9208835,108,339.71102997968205,Noatak,195.134695
81340500160531,195.42997,0.32231000000001586,324.948887,107,339.91023379487194,Noatak,195.36363
81340500160541,195.45395,0.37128000000001293,292.187908,107,340.11346706857984,Noatak,195.42997
81340500160551,195.36363,0.52573000000001,292.505319,107,340.31640319629724,Noatak,195.45395
81340500160561,195.52915,0.4327400000000239,582.796711,93,340.5370209812569,Noatak,195.52915
81340500170011,195.739845,0.4184099999999944,550.294275,106,340.7177971449624,Noatak,195.739845
81340500170021,195.85784,0.3892500000000041,311.452348,107,340.89979065839685,Noatak,195.79665
81340500170031,195.86867,0.4984600000000228,318.371748,109,341.1166446736715,Noatak,195.85784
81340500170041,195.79665,0.5878500000000031,266.704664,109,341.313064144167,Noatak,195.86867
81340500170051,196.02677,0.505305000000007,263.90369899999996,108,341.5132761096245,Noatak,196.02677
81340500170061,196.37311,0.40229999999999677,649.437114,97,341.724844194921,Noatak,196.37311
81340500170071,196.943345,0.5371299999999906,250.190159,96,341.9240155017454,Noatak,196.6122
81340500170081,197.63248,0.31300999999999135,267.6712,79,342.11863545986915,Noatak,196.943345
81340500170091,196.6122,0.5824000000000069,367.152178,95,342.3261243302751,Noatak,196.94368
81340500170101,196.94368,0.5149600000000021,890.358154,93,342.5216349263047,Noatak,197.35315500000002
81340500170111,197.35315500000002,0.5472200000000242,504.10435199999995,96,342.71756498469074,Noatak,197.63248
81340500170121,197.6849,0.4626100000000122,910.155917,95,342.9167691505268,Noatak,197.6849
81340500170131,197.96976999999998,0.2397900000000277,957.9419895000001,92,343.12331796139495,Noatak,197.96976999999998
81340500170141,198.38546,0.3913949999999886,713.593564,96,343.3364567611274,Noatak,198.28031
81340500170151,198.28031,0.4629799999999875,623.926608,99,343.5331739778052,Noatak,198.38546
81340500170161,198.62933,0.4653650000000056,444.85279649999995,98,343.73685397365875,Noatak,198.62933
81340500170171,198.6473,0.47217000000000553,307.377709,103,343.93706612556923,Noatak,198.6473
81340500170181,198.910525,0.4182999999999879,395.018577,102,344.1328914603544,Noatak,198.910525
81340500170191,199.09985,0.48011999999999944,434.501801,103,344.3308467613662,Noatak,199.09985
81340500170201,199.289345,0.45219000000000165,598.3798205,108,344.5201977283304,Noatak,199.289345
81340500170211,199.60685,0.38339999999999463,361.985899,107,344.7160906575868,Noatak,199.60685
81340500170221,199.705,0.37703000000001907,465.584864,103,344.92717756557676,Noatak,199.705
81340500170231,199.81118,0.427819999999997,291.9478775,108,345.13182198729226,Noatak,199.81118
81340500170241,199.97949,0.40061000000000035,252.18059,109,345.3341413585212,Noatak,199.97949
81340500170251,200.17634,0.36394999999998845,290.79759,107,345.5383382306216,Noatak,200.17634
81340500170261,200.37447,0.3987899999999911,240.39344649999998,106,345.74053050400676,Noatak,200.37447
81340500170271,200.547925,0.3941700000000168,294.17336950000004,108,345.93213221936196,Noatak,200.547925
81340500170281,200.69166,0.3917499999999734,241.820523,105,346.13149802031654,Noatak,200.69166
81340500170291,200.87978,0.43992000000000075,246.210332,105,346.3342982219472,Noatak,200.87978
81340500170301,200.984845,0.5027549999999934,190.1713455,106,346.5379845428127,Noatak,200.984845
81340500170311,200.99346,0.5168799999999862,206.683794,101,346.7416647444015,Noatak,200.99346
81340500170321,201.10679,0.49785999999998864,193.214811,106,346.94187712442704,Noatak,201.10679
81340500170331,201.26087,0.407100000000014,342.062822,103,347.14419216081916,Noatak,201.26087
81340500170341,201.56411,0.4274900000000059,339.686044,105,347.33106672776483,Noatak,201.56411
81340500170351,201.83711,0.37717000000000667,336.905567,93,347.5230010096304,Noatak,201.83711
81340500170361,202.00007,0.3633600000000001,290.596345,85,347.72519347675006,Noatak,202.00007
81340500170371,202.05886,0.33385999999998717,275.663258,81,347.92366414658113,Noatak,202.05886
81340500170381,202.06995,0.39257999999998106,288.286628,77,348.1216922467657,Noatak,202.06995
81340500170391,202.16144,0.4504299999999972,318.408362,76,348.3241410131176,Noatak,202.16144
81340500170401,202.33878,0.42522000000002436,257.634123,79,348.5348237868246,Noatak,202.33878
81340500170411,202.57135,0.37596999999999525,308.672851,79,348.7373482296825,Noatak,202.57135
81340500170421,202.8042,0.3817399999999793,249.466661,75,348.9384195702493,Noatak,202.8042
81340500170431,203.00151,0.3800099999999986,293.92749,75,349.1441147306033,Noatak,203.00151
81340500170441,203.12019,0.35727500000001555,250.8319775,72,349.3455985249642,Noatak,203.12019
81340500170451,203.25887,0.39891500000000235,249.05474850000002,72,349.54186418513297,Noatak,203.25887
81340500170461,203.32276000000002,0.39031499999998687,185.04889300000002,72,349.73842704253593,Noatak,203.32276000000002
81340500170471,203.36258,0.40803999999999974,216.762718,71,349.9384905227643,Noatak,203.36258
81340500170481,203.485475,0.5481099999999941,213.558266,66,350.142203815382,Noatak,203.47337499999998
81340500170491,203.47337499999998,0.4728500000000082,259.7588995,70,350.3489725660813,Noatak,203.485475
81340500170501,203.743925,0.4823300000000046,267.38460499999997,68,350.54960419869406,Noatak,203.743925
81340500170511,204.07639,0.4285600000000045,238.44182,69,350.7546291784914,Noatak,204.07639
81340500170521,204.32946,0.4156200000000183,230.063213,67,350.95172664550336,Noatak,204.32946
81340500170531,204.4761,0.4677599999999984,219.081363,66,351.1422341338003,Noatak,204.4761
81340500170541,204.53917,0.4780100000000118,191.967036,67,351.3471859732703,Noatak,204.53917
81340500170551,204.666415,0.47421500000000094,211.92093549999998,66,351.5504202792148,Noatak,204.666415
81340500170561,204.73061,0.46185999999997307,170.309768,67,351.7519370541441,Noatak,204.73061
81340500170571,204.88445,0.49677000000002636,209.27991,67,351.9522978941145,Noatak,204.88445
81340500170581,205.13285,0.5081399999999974,210.80345599999998,68,352.13907318970274,Noatak,205.13285
81340500170591,205.380945,0.4864250000000112,165.38083699999999,68,352.35787510925206,Noatak,205.380945
81340500180011,205.41821,0.5331900000000189,218.756637,67,352.573241944522,Noatak,205.41821
81340500180021,205.56948,0.5004900000000134,200.412182,65,352.76336991246376,Noatak,205.56948
81340500180031,205.66278,0.5107899999999859,212.461982,63,352.94650232803224,Noatak,205.66278
81340500180041,205.815875,0.5358300000000042,149.5940425,60,353.14761366219096,Noatak,205.815875
81340500180051,205.993125,0.47396000000000527,216.27468199999998,62,353.35893631601766,Noatak,205.993125
81340500180061,206.43413,0.5029300000000063,189.22367000000003,58,353.5466213388674,Noatak,206.43413
81340500180071,206.52105,0.46423999999998955,172.836422,53,353.74159485905403,Noatak,206.52105
81340500180081,206.62282,0.4877299999999991,151.185517,55,353.946240809604,Noatak,206.62282
81340500180091,206.760835,0.5103549999999899,149.430972,58,354.14954888373285,Noatak,206.760835
81340500180101,206.79533,0.5893900000000087,150.098292,57,354.3510396107323,Noatak,206.79533
81340500180111,207.08635,0.580520000000007,148.227257,61,354.5612434765997,Noatak,207.08635
81340500180121,207.14089,0.5622800000000154,179.922115,67,354.7644780460356,Noatak,207.14089
81340500180131,207.3732,0.7512700000000052,149.323289,73,354.9648063732177,Noatak,207.35201
81340500180141,207.35201,0.5146249999999952,174.9905235,80,355.1633844084953,Noatak,207.3732
81340500180151,207.4787,0.5830100000000016,161.80269,81,355.3495655852295,Noatak,207.4787
81340500180161,207.64030000000002,0.6299099999999669,190.377903,88,355.5436079735662,Noatak,207.64030000000002
81340500180171,207.848195,0.6485100000000017,160.23283450000002,92,355.74557827586574,Noatak,207.848195
81340500180181,207.95584,0.6133999999999844,156.238022,93,355.95327946858987,Noatak,207.95584
81340500180191,208.18639,0.6264600000000087,168.102909,97,356.1561082196308,Noatak,208.18639
81340500180201,208.48541,0.5677599999999927,186.076901,93,356.3632571292719,Noatak,208.48541
81340500180211,208.53552,0.6464199999999778,204.245047,91,356.56358556739656,Noatak,208.53552
81340500180221,208.78747,0.6765000000000043,186.621693,93,356.75985180585667,Noatak,208.78747
81340500180231,208.876795,0.626554999999982,161.0104225,92,356.97257715346694,Noatak,208.876795
81340500180241,208.994675,0.593270000000004,143.7554835,92,357.172046856789,Noatak,208.994675
81340500180251,209.02703,0.6747900000000016,142.746091,89,357.36016040791236,Noatak,209.02703
81340500180261,209.45988,0.5125249999999966,193.90488399999998,88,357.5677611942305,Noatak,209.45988
81340500180271,209.97333,0.4040899999999965,321.016969,89,357.7742060348049,Noatak,209.97333
81340500180281,210.16546,0.37381999999999493,235.564307,91,357.9693887359458,Noatak,210.16546
81340500180291,210.28512,0.38933000000000106,175.494559,91,358.17097950635497,Noatak,210.28512
81340500180301,210.40562,0.42713000000000534,189.092532,89,358.36635992033007,Noatak,210.40562
81340500180311,210.67338,0.4797499999999957,178.537031,79,358.5684387311015,Noatak,210.67338
81340500180321,211.38738,0.6862950000000012,254.98736300000002,86,358.7670496775339,Noatak,211.21221
81340500180331,211.21221,0.4803100000000029,177.654277,87,358.9589622247203,Noatak,211.25519
81340500180341,211.25519,0.4837799999999959,166.451431,87,359.1600738740676,Noatak,211.340865
81340500180351,211.340865,0.5790599999999984,139.89818350000002,82,359.36252342262515,Noatak,211.38738
81340500180361,211.44888,0.5527700000000095,200.503474,85,359.55272492466526,Noatak,211.44888
81340500180371,211.476545,0.47238000000000113,148.04044499999998,78,359.75791597566854,Noatak,211.476545
81340500180381,211.8357,0.7509500000000031,143.8534975,84,359.9784101834104,Noatak,211.8357
81340500180391,211.86930999999998,0.6260599999999954,144.6834885,86,360.1742693992049,Noatak,211.86930999999998
81340500180401,212.33474,0.4599099999999794,208.442657,87,360.3746307136611,Noatak,212.33474
81340500180411,212.96168,0.3355449999999962,275.06629499999997,86,360.58795052825695,Noatak,212.96168
81340500180421,213.32788,0.32735999999999876,220.016926,87,360.7915165031417,Noatak,213.32788
81340500180431,213.6557,0.32863500000000556,400.515443,94,360.9703236658033,Noatak,213.6557
81340500180441,214.06079,0.2753100000000046,296.1840385,92,361.16507340088344,Noatak,214.06079
81340500180451,214.319975,0.3011499999999927,256.532908,92,361.3770355390855,Noatak,214.319975
81340500180461,214.40601,0.27425999999999817,284.018904,85,361.5517555782994,Noatak,214.40601
81340500180471,214.46898,0.3447000000000173,184.348198,77,361.75595087145126,Noatak,214.46898
81340500180481,214.52953,0.39068000000000325,244.86791399999998,74,361.9774944490707,Noatak,214.52953
81340500180491,214.788075,0.40707499999999186,206.77972,72,362.18057708383947,Noatak,214.72583
81340500180501,214.72583,0.4195999999999884,188.1095585,70,362.395317365484,Noatak,214.788075
81340500180511,214.823865,0.48959499999998,208.483069,74,362.5918809904044,Noatak,214.82385
81340500180521,214.82385,0.5165000000000077,151.262825,73,362.78844462636187,Noatak,214.823865
81340500180531,214.99045,0.4870899999999949,166.822046,77,362.9964040504194,Noatak,214.99045
81340500180541,215.29128,0.46446000000000254,228.945874,77,363.1988216828162,Noatak,215.29128
81340500180551,215.688585,0.5242999999999967,219.715946,78,363.4016182749337,Noatak,215.688585
81340500180561,215.98407,0.49331000000000813,221.763699,81,363.6010943445405,Noatak,215.98407
81340500180571,216.223555,0.507969999999986,241.44462099999998,84,363.79140476882156,Noatak,216.223555
81340500180581,216.56325,0.40968999999998346,211.105798,83,363.99463973754223,Noatak,216.56325
81340500180591,216.7125,0.4615000000000009,203.147644,91,364.1949684395307,Noatak,216.67156
81340500180601,216.67156,0.5022299999999973,184.145903,87,364.3923908759688,Noatak,216.69124499999998
81340500180611,216.69124499999998,0.4885349999999846,252.818431,98,364.5904076672555,Noatak,216.7125
81340500180621,216.904525,0.5214500000000015,179.23474249999998,100,364.7935273982178,Noatak,216.904525
81340500180631,216.99348,0.5912500000000023,183.550062,99,365.00007792636916,Noatak,216.99348
81340500180641,217.06346,0.568429999999978,145.267853,99,365.1974358485892,Noatak,217.06346
81340500180651,217.23726,0.575950000000006,160.649281,91,365.39729194803675,Noatak,217.23726
81340500180661,217.3467,0.5114400000000074,208.773955,98,365.6000817767493,Noatak,217.3467
81340500180671,217.6108,0.5062700000000007,214.011838,99,365.79925456130115,Noatak,217.6108
81340500180681,217.95928,0.4124400000000037,207.075011,93,365.9987245325175,Noatak,217.95928
81340500180691,218.27872000000002,0.3739400000000046,216.83954649999998,90,366.19730298074126,Noatak,218.27872000000002
81340500180701,218.631435,0.41237999999999886,202.6002125,90,366.39644303962655,Noatak,218.631435
81340500180711,218.70135,0.4204199999999787,205.499614,97,366.6091687150925,Noatak,218.70135
81340500180721,218.85731,0.4876299999999958,176.778446,91,366.8236447101592,Noatak,218.85731
81340500190011,218.97668,0.6050600000000088,244.14863,93,367.0125020828785,Noatak,218.901335
81340500190021,218.901335,0.5343350000000129,221.16729800000002,94,367.1952132012674,Noatak,218.97668
81340500190031,219.335365,0.4202200000000005,244.72553,94,367.3916803338577,Noatak,219.335365
81340500190041,219.72142,0.36861999999999284,232.301982,93,367.5968712151699,Noatak,219.72142
81340500190051,220.05286,0.34071999999997615,267.388129,93,367.8037793041685,Noatak,220.05286
81340500190061,220.204365,0.35091500000000053,214.1919255,90,367.9919928543177,Noatak,220.204365
81340500190071,220.21864499999998,0.40135499999998103,150.41481149999998,96,368.185964976549,Noatak,220.21864499999998
81340500190081,220.35139,0.41288000000000125,198.524628,93,368.383542027579,Noatak,220.35139
81340500190091,220.56836,0.4227199999999982,182.787834,89,368.5875206751605,Noatak,220.56836
81340500190101,220.66114,0.46389500000000794,188.959316,88,368.79149932919654,Noatak,220.66114
81340500190111,220.84732,0.5497900000000016,167.252803,91,368.99738327192324,Noatak,220.84732
81340500190121,221.11111,0.522500000000008,216.144276,91,369.1957053886744,Noatak,221.11111
81340500190131,221.42521499999998,0.45937000000000694,347.8985415,98,369.3819073898183,Noatak,221.42521499999998
81340500190141,221.56275,0.41964000000001533,216.02991,99,369.58093888775863,Noatak,221.56275
81340500190151,221.64388,0.4676900000000046,221.06819,101,369.79294350654527,Noatak,221.64388
81340500190161,221.77205,0.5523699999999963,293.433967,101,369.99603066083824,Noatak,221.77205
81340500190171,221.99424,0.626419999999996,253.8547485,104,370.18019759165196,Noatak,221.99424
81340500190181,222.201075,0.6391849999999977,331.6316165,100,370.3689411768105,Noatak,222.201075
81340500190191,222.471025,0.6337099999999936,181.835009,96,370.5788013166634,Noatak,222.471025
81340500190201,222.56649,0.5035649999999805,364.0982145,104,370.7834904565568,Noatak,222.56649
81340500190211,222.84869,0.4633050000000054,205.426801,106,370.9746270927392,Noatak,222.84869
81340500190221,222.92298,0.5020999999999844,181.353413,107,371.18569073449027,Noatak,222.92298
81340500190231,223.0103,0.5242100000000107,178.268076,105,371.39369892640127,Noatak,223.0103
81340500190241,223.02773,0.5808600000000013,195.466199,103,371.5846863885289,Noatak,223.02773
81340500190251,223.17594,0.619915000000006,202.07459999999998,106,371.78878035570875,Noatak,223.17594
81340500190261,223.44380999999998,0.5193650000000076,231.057722,108,371.991421192766,Noatak,223.44380999999998
81340500190271,223.706765,0.592534999999998,199.83383149999997,94,372.18940545483343,Noatak,223.706765
81340500190281,223.97587,0.5262799999999999,252.01959399999998,98,372.3859693391811,Noatak,223.97587
81340500190291,224.152915,0.5577749999999924,205.268536,98,372.58573667257633,Noatak,224.152915
81340500190301,224.35232,0.6874500000000126,259.280651,109,372.78692439016964,Noatak,224.328525
81340500190311,224.4003,0.5024800000000198,173.486066,107,372.9855030203939,Noatak,224.35232
81340500190321,224.328525,0.5753050000000002,199.858981,106,373.1820669173561,Noatak,224.4003
81340500190331,224.48068,0.5738900000000058,140.281305,107,373.3823958647069,Noatak,224.48068
81340500190341,224.63014,0.5940999999999974,261.650449,109,373.5813930572826,Noatak,224.63014
81340500190351,224.764295,0.6558750000000089,181.7674745,108,373.7811665461379,Noatak,224.764295
81340500190361,225.07434,0.6168600000000026,219.459278,109,373.987457221686,Noatak,225.07434
81340500190371,225.320285,0.5964349999999996,204.4314865,104,374.18054194019396,Noatak,225.320285
81340500190381,225.45101,0.5796500000000151,204.642636,105,374.3784991278867,Noatak,225.45101
81340500190391,225.553755,0.5288950000000057,195.6690395,108,374.5774145504449,Noatak,225.553755
81340500190401,225.66324,0.54589,193.62055850000002,110,374.77499207746786,Noatak,225.66324
81340500190411,225.92039,0.4912599999999969,218.36717950000002,108,374.9742871639621,Noatak,225.92039
81340500190421,226.27245499999998,0.4564100000000195,214.32649650000002,106,375.18042985378287,Noatak,226.27245499999998
81340500190431,226.51857,0.5036599999999964,204.1259525,104,375.3796028544649,Noatak,226.51857
81340500190441,226.76258,0.4938800000000185,163.308743,101,375.57940296310323,Noatak,226.714635
81340500190451,226.714635,0.4869399999999757,161.0726335,102,375.78617276170945,Noatak,226.76258
81340500190461,226.816175,0.47502000000000066,217.402959,104,375.96669780653644,Noatak,226.816175
81340500190471,226.93247,0.5486450000000076,151.642894,102,376.16345251833906,Noatak,226.93247
81340500190481,226.98034,0.5509449999999987,144.6770415,100,376.37544270331426,Noatak,226.98034
81340500190491,227.02654,0.6141399999999919,148.618441,99,376.57808357918844,Noatak,227.02654
81340500190501,227.22568,0.6417099999999891,169.61126,95,376.77918883696816,Noatak,227.22568
81340500190511,227.304345,0.5773699999999877,188.8032245,102,376.97397087544005,Noatak,227.304345
81340500190521,227.73964,0.5809600000000046,216.357198,103,377.16477665245475,Noatak,227.73964
81340500190531,227.92513,0.4716899999999953,226.476144,103,377.35531201328547,Noatak,227.92513
81340500190541,228.16805,0.506370000000004,230.653171,107,377.5573454751546,Noatak,228.16805
81340500190551,228.445835,0.507435000000001,233.09848,102,377.7575346005461,Noatak,228.445835
81340500190561,228.56215,0.4465900000000147,221.541887,103,377.9657752762024,Noatak,228.56215
81340500190571,228.841765,0.42925500000001193,240.271882,102,378.1725861766777,Noatak,228.841765
81340500190581,229.05184500000001,0.38476499999998737,227.47364449999998,98,378.36561905796003,Noatak,229.05184500000001
81340500190591,229.12876999999997,0.3726750000000294,163.67037399999998,98,378.5669909177914,Noatak,229.114555
81340500190601,229.114555,0.4851499999999902,178.0435325,100,378.76130105735393,Noatak,229.12876999999997
81340500190611,229.19084,0.48545000000001437,182.185935,101,378.9466973604926,Noatak,229.19084
81340500190621,229.45366,0.5057399999999745,204.928067,101,379.14688648471486,Noatak,229.45366
81340500190631,229.74542,0.532305000000008,212.032522,100,379.35541016285066,Noatak,229.74542
81340500190641,230.03707500000002,0.48528500000000463,227.406738,102,379.5594775602652,Noatak,230.03707500000002
81340500190651,230.15705,0.46978999999998905,209.463813,103,379.7670733893805,Noatak,230.15705
81340500190661,230.25951,0.49262500000000387,217.691933,104,379.9659492160156,Noatak,230.25951
81340500190671,230.47795,0.5335900000000038,238.816489,103,380.15298973214163,Noatak,230.47795
81340500190681,230.56123,0.5459199999999953,130.146063,103,380.37041895377087,Noatak,230.56123
81340700010011,230.8018,0.5351499999999874,226.331432,103,380.56545645831557,Noatak,230.8018
81340700010021,231.28851,0.46591000000000804,186.885366,99,380.7318285980386,Noatak,231.28851
81340700010031,231.474765,0.5085149999999885,151.05374999999998,94,380.93157512104113,Noatak,231.474765
81340700010041,231.547555,0.519740000000013,188.592217,100,381.12960443912414,Noatak,231.547555
81340700010051,231.65546999999998,0.6013549999999981,145.619572,106,381.31862804158834,Noatak,231.65546999999998
81340700010061,231.79592,0.609960000000001,167.2501095,112,381.5148078863056,Noatak,231.79592
81340700010071,231.930425,0.45884500000002504,158.836468,114,381.71999344311456,Noatak,231.930425
81340700010081,232.129875,0.4124800000000022,161.6061525,118,381.9376464421341,Noatak,232.129875
81340700010091,232.39509500000003,0.35264499999999543,237.56641000000002,120,382.13913134157536,Noatak,232.39509500000003
81340700010101,232.53145,0.3694200000000194,240.620473,119,382.3386015017254,Noatak,232.53145
81340700010111,232.86249,0.5037599999999998,152.680334,123,382.53952479293173,Noatak,232.86249
81340700010121,232.90828,0.46542000000002304,148.275279,123,382.7295382542691,Noatak,232.90828
81340700010131,233.06897,0.4886199999999974,188.867211,123,382.9390663005012,Noatak,233.06897
81340700010141,233.40891,0.40026000000000295,218.399124,120,383.14755362427314,Noatak,233.40891
81340700010151,233.636775,0.35222000000000264,264.2022485,116,383.3437932220045,Noatak,233.636775
81340700010161,234.02126,0.2955400000000168,390.850723,117,383.5330365145865,Noatak,234.02126
81340700010171,234.43129,0.24074999999999136,514.320899,115,383.732111838128,Noatak,234.43129
81340700010181,234.74409500000002,0.25313500000001454,476.93635700000004,118,383.9495724012668,Noatak,234.74409500000002
81340700010191,234.90105,0.3442400000000134,312.223316,119,384.14818374917104,Noatak,234.90105
81340700010201,235.08772,0.4112750000000034,222.975126,126,384.346200737228,Noatak,235.08772
81340700010211,235.32767,0.35441000000000145,326.110485,119,384.5445210375348,Noatak,235.32767
81340700010221,235.613455,0.35441000000000145,313.455353,120,384.74045378435216,Noatak,235.613455
81340700010231,235.79765,0.3881599999999992,212.766313,119,384.95705092757436,Noatak,235.79657
81340700010241,235.79657,0.4139099999999871,210.245493,115,385.1592793067582,Noatak,235.79765
81340700010251,235.81544,0.4269700000000114,198.174426,113,385.3587494030113,Noatak,235.81544
81340700010261,236.1136,0.4416400000000067,307.306839,109,385.5611257609289,Noatak,236.1136
81340700010271,236.42278,0.3940200000000118,252.221995,105,385.7608930226134,Noatak,236.42278
81340700010281,236.62034,0.35663999999999874,264.991776,103,385.95834836610936,Noatak,236.62034
81340700010291,236.73533,0.35918000000000916,355.123503,98,386.15533072550716,Noatak,236.73533
81340700010301,236.84179,0.357609999999994,397.006696,99,386.34597512808523,Noatak,236.82076
81340700010311,236.82076,0.27696000000000254,191.944654,93,386.54855157289586,Noatak,236.84179
81340700010321,237.049945,0.31029499999999643,178.62713150000002,96,386.7667468532266,Noatak,236.88786
81340700010331,237.17434,0.4277699999999953,145.555937,94,386.96268847695126,Noatak,237.049945
81340700010341,237.24928,0.47772000000000503,129.8463355,90,387.1591095697758,Noatak,237.08462
81340700010351,237.54687,0.4436549999999926,135.149545,94,387.3688154846856,Noatak,237.148695
81340700010361,237.148695,0.5075449999999933,164.994466,94,387.5671321032372,Noatak,237.17434
81340700010371,236.88786,0.28963999999999146,134.247652,94,387.756557239821,Noatak,237.24928
81340700010381,237.08462,0.11633000000000493,115.847135,85,387.96291447101237,Noatak,237.35725000000002
81340700010391,237.90344,0.13399999999998613,222.16961,91,388.1717655455944,Noatak,237.54687
81340700010401,238.906765,0.3632349999999889,272.827629,78,388.3789876794231,Noatak,237.84621
81340700010411,237.84621,0.34748000000001866,135.543661,95,388.5756728031389,Noatak,237.86057
81340700010421,237.86057,0.34782999999998765,134.239525,95,388.75485808621465,Noatak,237.882365
81340700010431,237.882365,0.40753999999999735,111.01908449999999,94,388.9615686457051,Noatak,237.899865
81340700010441,238.17903,0.3149099999999976,166.107286,96,389.18108888069094,Noatak,237.90344
81340700010451,238.87899,0.27514999999999645,171.38189,93,389.3728194211134,Noatak,238.06319000000002
81340700010461,237.35725000000002,0.4343550000000107,490.28092449999997,84,389.5742216949762,Noatak,238.17903
81340700010471,237.899865,0.4151250000000033,248.725358,92,389.7719806539669,Noatak,238.19838
81340700010481,238.06319000000002,0.5360299999999825,166.1570235,92,389.9652375176849,Noatak,238.54727
81340700010491,238.19838,0.4593100000000163,192.100362,95,390.1632666777802,Noatak,238.64332
81340700010501,238.54727,0.37039000000001465,181.448149,91,390.3580165899539,Noatak,238.77674
81340700010511,238.64332,0.39495999999999754,173.291336,91,390.56587334336865,Noatak,238.87899
81340700010521,238.77674,0.4192600000000084,152.148279,89,390.7804707045356,Noatak,238.906765
81340700010531,238.97575,0.39190999999999576,184.341606,89,390.9819881794809,Noatak,238.97575
81340700010541,239.132385,0.42101499999999703,167.6764475,88,391.18694075883127,Noatak,239.132385
81340700010551,239.28443,0.48130999999999347,233.5231405,88,391.408319695183,Noatak,239.28443
81340700020011,239.976475,0.32852499999999907,263.41881,86,391.59536000581903,Noatak,239.976475
81340700020021,240.35090000000002,0.32923999999999864,185.555291,86,391.7864297737893,Noatak,240.35090000000002
81340700020031,240.54835,0.3092399999999884,207.971225,85,391.9930998723748,Noatak,240.54835
81340700020041,240.71743,0.3134499999999889,210.323268,85,392.1827492439438,Noatak,240.71743
81340700020051,240.87360999999999,0.35899999999998045,184.76568500000002,86,392.3758337199482,Noatak,240.87360999999999
81340700020061,241.03571,0.3706500000000119,196.573703,85,392.57245275442347,Noatak,241.03571
81340700020071,241.33097,0.4234000000000151,186.184655,85,392.78120028476326,Noatak,241.33097
81340700020081,241.57693,0.37700000000000955,260.974487,84,392.9890890274775,Noatak,241.57693
81340700020091,241.9052,0.3418450000000064,316.2715645,84,393.1825330268628,Noatak,241.9052
81340700020101,242.357525,0.3548849999999959,271.2947125,84,393.3776942196025,Noatak,242.357525
81340700020111,242.6591,0.32302000000001385,270.253659,87,393.58472777073865,Noatak,242.6591
81340700020121,242.8865,0.2674000000000092,257.987065,87,393.78027980410434,Noatak,242.8865
81340700020131,242.91598,0.3029499999999814,228.484978,85,393.97541238999685,Noatak,242.91598
81340700020141,243.08159,0.3110799999999898,217.2195335,84,394.176842778385,Noatak,243.08159
81340700020151,243.13039,0.32742999999999256,171.47065,85,394.38100450905705,Noatak,243.13039
81340700020161,243.1778,0.34404999999998154,182.354362,83,394.58106870200913,Noatak,243.1778
81340700020171,243.28159,0.3625200000000177,150.68701,81,394.77911814994275,Noatak,243.271535
81340700020181,243.271535,0.3736849999999947,166.41434249999998,84,394.98473161750707,Noatak,243.28159
81340700020191,243.394,0.3353749999999991,199.31689,86,395.18889843560555,Noatak,243.394
81340700020201,243.80697,0.24241999999998143,380.609517,85,395.37792760482154,Noatak,243.80697
81340700020211,244.15157,0.23424499999998716,205.729476,88,395.58344621568915,Noatak,244.15157
81340700020221,244.29541,0.2817500000000024,245.272252,88,395.79318416500405,Noatak,244.29541
81340700020231,244.31855,0.2834800000000257,232.029816,87,395.97850510071214,Noatak,244.31855
81340700020241,244.39827,0.36148000000000025,214.476878,89,396.1853569439557,Noatak,244.39827
81340700020251,244.704555,0.35115499999999145,230.59788650000002,86,396.38915332643927,Noatak,244.704555
81340700020261,244.96731,0.34390999999999394,255.391059,89,396.5741786886028,Noatak,244.96731
81340700020271,245.15138,0.34968000000000643,186.539302,87,396.7707421432489,Noatak,245.15138
81340700020281,245.15695,0.36368000000001643,202.606465,85,396.9687587164291,Noatak,245.15695
81340700020291,245.20935,0.34899999999998954,152.986432,87,397.17579243141097,Noatak,245.20935
81340700020301,245.29946,0.35259999999999536,234.844388,91,397.3803384267718,Noatak,245.29946
81340700020311,245.49141500000002,0.4418100000000038,192.9546535,88,397.57088569940987,Noatak,245.49141500000002
81340700020321,245.95523,0.2837350000000072,270.9332865,84,397.771484693252,Noatak,245.73769
81340700020331,245.73769,0.5085799999999949,128.895354,87,397.9799714877931,Noatak,245.90001
81340700020341,245.90001,0.43217999999998824,162.628365,87,398.1803326446189,Noatak,245.95523
81340700020351,246.266955,0.36627499999998747,202.51871599999998,84,398.3702759754287,Noatak,246.266955
81340700020361,246.78051,0.31891999999999143,239.854548,89,398.57578685110497,Noatak,246.78051
81340700020371,247.1114,0.3258999999999901,227.131467,93,398.781185387692,Noatak,247.1114
81340700020381,247.356335,0.2771049999999917,197.000236,92,398.9747486364639,Noatak,247.356335
81340700020391,247.47788,0.32630500000000495,165.2819675,90,399.1791064265204,Noatak,247.47788
81340700020401,247.60664,0.4047899999999913,207.335837,85,399.376467921881,Noatak,247.60664
81340700020411,247.709925,0.4836249999999893,156.0323715,84,399.57535059420934,Noatak,247.709925
81340700020421,247.754705,0.43278499999999553,146.0282125,88,399.7772000808323,Noatak,247.754705
81340700020431,247.813135,0.47455499999998096,128.98316,86,399.97313107537013,Noatak,247.77064000000001
81340700020441,247.77064000000001,0.48940999999999235,133.87097599999998,88,400.17489771893963,Noatak,247.813135
81340700020451,247.965355,0.6042300000000012,134.6250085,88,400.3697361661142,Noatak,247.965355
81340700020461,247.967075,0.40117499999999495,154.24765250000002,94,400.5734477631648,Noatak,247.967075
81340700020471,247.98833000000002,0.4180150000000111,153.22414099999997,90,400.77030824808844,Noatak,247.98833000000002
81340700020481,248.073725,0.47143000000001223,144.797672,90,400.96716874900295,Noatak,248.073725
81340700020491,248.15711,0.4512499999999875,179.414129,87,401.1671999472618,Noatak,248.15711
81340700020501,248.307005,0.44232999999999834,175.91280849999998,92,401.3699141241991,Noatak,248.307005
81340700020511,248.58088,0.34520999999998025,331.439834,93,401.5508637854229,Noatak,248.58088
81340700020521,248.92938,0.3151499999999885,250.569338,97,401.74357723519194,Noatak,248.92938
81340700020531,249.12074,0.3165300000000002,286.066244,95,401.96158978096656,Noatak,249.12074
81340700020541,249.30068,0.3182700000000125,286.775965,93,402.1700395045598,Noatak,249.30068
81340700020551,249.57429,0.27199999999999136,271.005831,93,402.3657432138407,Noatak,249.57429
81340700020561,249.65464,0.32903500000000463,174.750274,90,402.55473327778526,Noatak,249.65464
81340700020571,249.78007,0.271349999999984,157.85425,91,402.7707044349616,Noatak,249.78007
81340700020581,250.06998,0.41494999999997617,146.985818,77,402.97696719655744,Noatak,249.98324
81340700020591,250.024,0.3241199999999935,139.514762,85,403.1778899128865,Noatak,250.00851
81340700020601,250.02382,0.34078999999999837,126.110448,83,403.37534475539775,Noatak,250.02382
81340700020611,249.98324,0.36574999999999136,120.326539,81,403.55980835755076,Noatak,250.024
81340700020621,250.00851,0.38542000000001053,169.288347,79,403.76017560378074,Noatak,250.06998
81340700020631,250.08315,0.3717600000000232,216.698915,81,403.9644570629988,Noatak,250.08315
81340700020641,250.26681,0.3630100000000027,237.601083,79,404.1646099231347,Noatak,250.26681
81340700020651,250.72835,0.5363799999999799,351.976011,83,404.3594403096122,Noatak,250.60502
81340700020661,250.60502,0.4091499999999826,284.101419,81,404.5508417532475,Noatak,250.72835
81340700020671,250.91264,0.41680499999999654,198.7075575,82,404.76520018878125,Noatak,250.8537
81340700020681,250.8537,0.38548000000000116,188.989058,81,404.97522787305587,Noatak,250.91264
81340700020691,251.00492,0.39046500000000606,167.9176995,80,405.1725567410788,Noatak,251.00492
81340700020701,251.19280500000002,0.4301349999999786,178.4772505,84,405.3763942154083,Noatak,251.19280500000002
81340700020711,251.42964,0.40594999999999004,221.773879,89,405.567244565567,Noatak,251.42964
81340700020721,251.66664,0.41539000000000215,173.9565005,92,405.7607471314655,Noatak,251.66664
81340700020731,251.84011,0.4724000000000217,182.958238,91,405.97119369350673,Noatak,251.84011
81340700020741,252.14883,0.4093900000000019,297.600562,87,406.16991714000386,Noatak,252.14883
81340700020751,252.474285,0.41008499999998094,252.2196605,86,406.35755127758387,Noatak,252.474285
81340700020761,252.58050500000002,0.3672950000000128,205.4485205,84,406.5599269177633,Noatak,252.58050500000002
81340700020771,252.66402,0.36901000000000295,210.240255,82,406.7732790250266,Noatak,252.66402
81340700020781,252.92207,0.33191999999999666,216.731377,87,406.97013929338397,Noatak,252.92207
81340700020791,253.18105,0.30825999999999,171.801894,81,407.1675938950865,Noatak,253.162105
81340700020801,253.162105,0.41902500000000487,183.25902250000001,82,407.35704495664214,Noatak,253.18105
81340700020811,253.22548,0.34299000000000035,130.125913,82,407.5569778624924,Noatak,253.22548
81340700020821,253.36369000000002,0.4008050000000196,134.9938095,80,407.7685640746393,Noatak,253.328
81340700020831,253.328,0.42285000000001105,127.067619,81,407.96963566645564,Noatak,253.36369000000002
81340700020841,253.382275,0.4729600000000005,167.7431785,86,408.1748044222134,Noatak,253.382275
81340700020851,253.51351499999998,0.5714049999999986,194.8796925,96,408.36926620522394,Noatak,253.447895
81340700020861,253.66377,0.42013000000000034,272.808435,99,408.5645187120656,Noatak,253.5886425
81340700020871,253.76623,0.2976799999999855,268.372908,97,408.756336834572,Noatak,253.715
81340700020881,253.84822,0.3133799999999951,191.143001,96,408.955095321974,Noatak,253.80722500000002
81340700020891,253.87378,0.2987600000000157,145.767285,91,409.16158489010485,Noatak,253.861
81340700020901,253.99335,0.31668999999999414,183.899317,91,409.35636147889653,Noatak,253.99335
81340700020911,254.24347,0.3540999999999883,217.07439,95,409.5604546515968,Noatak,254.24347
81340700020921,254.512245,0.36383999999999617,316.985973,98,409.7813707903051,Noatak,254.512245
81340700030011,254.56721,0.3427650000000142,173.734328,102,410.0098953132177,Noatak,254.56721
81340700030021,254.68095,0.3947599999999909,155.894572,105,410.24202815496824,Noatak,254.68095
81340700030031,254.71952,0.4275299999999902,144.150539,103,410.46789053722756,Noatak,254.71952
81340700030041,254.78298,0.44781000000000404,169.199717,101,410.67015099179014,Noatak,254.78298
81340700030051,254.85478999999998,0.5125099999999918,165.2973925,102,410.87107355444334,Noatak,254.85478999999998
81340700030061,255.14864,0.4581499999999892,180.740574,107,411.0728548899068,Noatak,255.14864
81340700030071,255.501915,0.4087499999999977,165.21329550000002,106,411.27284866873885,Noatak,255.5217525
81340700030081,255.54159,0.4744799999999998,167.835732,103,411.47925014502476,Noatak,255.54159
81340700030091,255.7627,0.39696999999998184,137.530236,101,411.66866817938336,Noatak,255.7627
81340700030101,255.78209,0.4328999999999894,132.708795,103,411.85081971519367,Noatak,255.7644425
81340700030111,255.766185,0.41544999999999277,148.1442375,104,412.0361419161609,Noatak,255.7741375
81340700030121,255.8666,0.5168800000000147,148.612675,105,412.2503983737847,Noatak,255.824345
81340700030131,255.89088,0.5171799999999962,152.823937,103,412.4715419919433,Noatak,255.87874
81340700030141,255.901315,0.5112149999999929,120.43981500000001,102,412.6940668714401,Noatak,255.8960975
81340700030151,256.22625,0.4484499999999798,157.919957,103,412.9294788204634,Noatak,256.22625
81340700030161,256.46313499999997,0.41675499999996646,238.3492445,102,413.1504460621345,Noatak,256.46313499999997
81340700030171,256.80289500000003,0.48227500000001555,208.1299485,104,413.37513510460855,Noatak,257.0043375
81340700030181,257.20578,0.4095100000000116,282.014682,103,413.57401752060616,Noatak,257.363105
81340700030191,257.54585,0.6599100000000249,157.604916,75,413.76068400614315,Noatak,257.52043
81340700030201,257.60717,0.5545599999999808,133.860551,87,413.98136376662603,Noatak,257.5426525
81340700030211,257.55176500000005,0.4546349999999677,126.483736,88,414.2195432851431,Noatak,257.5488075
81340700030221,257.64805,0.5307000000000244,144.727298,89,414.4434059466149,Noatak,257.57689750000003
81340700030231,257.60203,0.4626299999999901,127.312919,93,414.66067895582074,Noatak,257.6046
81340700030241,257.539455,0.4670099999999877,182.5802655,96,414.8525910050888,Noatak,257.6172575
81340700030251,257.52043,0.4178099999999745,139.87729,89,415.01943927530476,Noatak,257.6376975
81340700030261,257.627345,0.46961500000000456,127.815799,88,415.21909042157006,Noatak,257.64805
81340700030271,257.679105,0.47986500000001797,123.75457,84,415.4245880285156,Noatak,257.6635775
81340700030281,257.79493,0.5120900000000006,125.163149,83,415.6152688316886,Noatak,257.7370175
81340700030291,257.83309,0.4892899999999827,146.2572,87,415.798827500094,Noatak,257.81401000000005
81340700030301,257.92474,0.549160000000029,144.474142,87,415.9794060385529,Noatak,257.878915
81340700030311,258.06626,0.5584900000000061,165.393698,90,416.1679654957359,Noatak,257.9955
81340700030321,258.36906,0.4234299999999962,159.874659,89,416.38523816343246,Noatak,258.21766
81340700030331,258.54077,0.41352000000000544,182.13768,92,416.63394848239403,Noatak,258.54077
81340700030341,258.87335,0.24643000000003212,276.448884,89,416.87041076623615,Noatak,258.87335
81340700030351,259.0912,0.3429800000000114,143.583656,87,417.0857507919927,Noatak,259.21031500000004
81340700030361,259.32943,0.35849999999999227,291.730428,91,417.29010818428844,Noatak,259.45160999999996
81340700030371,259.57379,0.3955399999999827,189.310539,97,417.50861270274004,Noatak,259.57379
81340700030381,259.774185,0.36926500000001283,204.137992,100,417.7302720935257,Noatak,259.7409975
81340700030391,259.73856,0.42250000000001364,132.046664,99,417.9440781355641,Noatak,259.7556925
81340700030401,259.743435,0.43289500000003045,160.5128365,98,418.135396726492,Noatak,259.77106749999996
81340700030411,259.76795,0.4520299999999793,129.015612,95,418.3226141870064,Noatak,259.82069
81340700030421,259.86719500000004,0.3360799999999813,202.690393,94,418.52762857410215,Noatak,259.99904000000004
81340700030431,260.13088500000003,0.381434999999982,296.379206,94,418.7134296123624,Noatak,260.2090025
81340700030441,260.28712,0.3066000000000031,277.922782,87,418.89759558491255,Noatak,260.3404125
81340700030451,260.393705,0.3381249999999909,282.5931225,92,419.06761441561525,Noatak,260.393705
81340700030461,260.694525,0.434314999999998,262.15960700000005,94,419.22031542933485,Noatak,260.54411500000003
81340700030471,260.81066,0.30529999999998836,183.02486,93,419.3913749741491,Noatak,260.7525925
81340700030481,260.912425,0.3483049999999821,213.3107655,94,419.57334067168193,Noatak,260.81066
81340700030491,260.981785,0.4173900000000117,189.37066399999998,94,419.77717708782717,Noatak,260.912425
81340700030501,261.06388000000004,0.43189999999998463,168.0437205,96,420.0295768985844,Noatak,261.06388000000004
81340700030511,261.133735,0.43514999999999304,161.3734995,90,420.2774918398052,Noatak,261.133735
81340700030521,261.34792,0.446819999999974,158.195424,94,420.5000112292474,Noatak,261.44147499999997
81340700030531,261.53503,0.41945000000001187,150.01171599999998,92,420.72112464371884,Noatak,261.6482175
81340700030541,261.76140499999997,0.41442499999999427,177.510316,92,420.9251904333835,Noatak,261.8100525
81340700030551,261.8587,0.3883599999999774,119.132307,91,421.1351469990455,Noatak,261.88647
81340700030561,261.91423999999995,0.46574999999995725,130.693402,90,421.3514233282774,Noatak,261.939435
81340700030571,261.96463,0.5283699999999953,107.137932,89,421.5587772065254,Noatak,262.0327
81340700030581,262.10077,0.5221900000000232,138.613367,89,421.73879054979614,Noatak,262.15598
81340700030591,262.15598,0.4099649999999997,193.0683005,88,421.89901252783943,Noatak,262.17530999999997
81340700030601,262.19464,0.4202399999999784,247.83888,89,422.0952881620893,Noatak,262.262515
81340700030611,262.33039,0.35593000000000075,385.962014,87,422.2997448099591,Noatak,262.3947975
81340700030621,262.459205,0.28619000000000483,337.1120155,84,422.48333997454887,Noatak,262.459205
81340700030631,262.766665,0.19827000000000794,90.797534,76,422.6383111010038,Noatak,262.766665
81340700030641,262.79924,0.3213049999999953,352.47453199999995,86,422.8027548628943,Noatak,262.79924
81340700030651,262.935265,0.3699649999999792,269.827315,86,422.99083501171356,Noatak,262.86429250000003
81340700030661,262.929345,0.39180999999999244,242.8910325,88,423.1817626782825,Noatak,262.93230500000004
81340700030671,263.448305,0.3365400000000136,328.13510099999996,68,423.41946420475995,Noatak,262.98122750000005
81340700030681,263.41089,0.4453900000000317,433.312627,89,423.6348916789217,Noatak,263.0971475
81340700030691,263.02719,0.4599300000000426,388.330289,91,423.82469487840234,Noatak,263.21074250000004
81340700030701,263.167105,0.4923000000000002,284.7249025,92,424.02855732630246,Noatak,263.403995
81340700030711,263.25438,0.55698000000001,207.608766,93,424.2383480273323,Noatak,263.41089
81340700030721,263.403995,0.5073799999999835,211.539445,92,424.46843255520787,Noatak,263.49503500000003
81340700030731,263.541765,0.4437499999999943,230.370793,92,424.666827538669,Noatak,263.70011250000005
81340700030741,263.85846000000004,0.40495500000000106,256.690971,90,424.8514520150221,Noatak,263.960825
81340700030751,264.06319,0.39647999999999683,223.645693,87,425.03953231824084,Noatak,264.148
81340700030761,264.24604,0.33969999999999345,212.825978,75,425.21059196872665,Noatak,264.23281
81340700030771,264.23281,0.39125000000004206,157.3381475,78,425.389330859013,Noatak,264.24604
81340700030781,264.27773,0.3549099999999896,144.7701765,86,425.60351664338816,Noatak,264.25982
81340700030791,264.25982,0.378610000000009,151.498295,84,425.8129978431446,Noatak,264.29366500000003
81340700030801,264.311915,0.3995249999999828,122.53810250000001,86,425.9870712326424,Noatak,264.3096
81340700030811,264.3096,0.4529600000000187,108.398841,85,426.15935864462244,Noatak,264.311915
81340700030821,264.381885,0.4687950000000001,183.43735800000002,86,426.3273955545229,Noatak,264.381885
81340700030831,264.5253,0.4139799999999809,186.144354,83,426.50326052056977,Noatak,264.4535925
81340700030841,264.84826,0.31130999999999176,275.209677,83,426.6974840067509,Noatak,264.68678
81340700030851,265.13286,0.2766949999999895,237.020475,82,426.882096349663,Noatak,264.99055999999996
81340700030861,265.25987,0.30558999999999514,256.280093,85,427.0624645340395,Noatak,265.196365
81340700030871,265.45086,0.33292000000000144,211.488357,83,427.2676320318686,Noatak,265.355365
81340700030881,265.52556500000003,0.3679050000000075,214.856877,82,427.50308830247917,Noatak,265.52556500000003
81340700030891,265.68029,0.34250000000002956,291.845134,81,427.7166475112392,Noatak,265.742115
81340700030901,265.80394,0.3776100000000042,210.133991,77,427.9039801170112,Noatak,265.80394
81340700030911,266.05209,0.28616999999997006,216.026385,79,428.1046050438984,Noatak,266.05209
81340700030921,266.31231,0.290584999999993,304.258803,76,428.30463561786445,Noatak,266.1822
81340700030931,266.58498,0.26403499999995006,325.2324825,78,428.5064164960101,Noatak,266.58498
81340700030941,266.86908,0.271569999999997,293.687004,77,428.7079329562882,Noatak,266.86908
81340700030951,267.077535,0.2951799999999878,244.7347115,68,428.87679576805436,Noatak,267.05272
81340700030961,267.071155,0.2865799999999581,188.733066,72,429.04245515409536,Noatak,267.071155
81340700040011,267.07843,0.33693000000005213,198.456844,79,429.2234176282606,Noatak,267.073855
81340700040021,267.05272,0.3243550000000255,197.860839,80,429.39972884683453,Noatak,267.077535
81340700040031,267.073855,0.32573999999999614,170.602973,80,429.5881122643053,Noatak,267.07843
81340700040041,267.08691,0.32152999999999565,217.738562,81,429.79642980042087,Noatak,267.08691
81340700040051,267.19241,0.2935200000000009,265.7469125,84,429.9974808553751,Noatak,267.13966
81340700040061,267.26472,0.28115999999999985,232.284821,85,430.19970805144743,Noatak,267.228565
81340700040071,267.39517,0.3371700000000146,300.147353,89,430.41332409796763,Noatak,267.39517
81340700040081,267.57275500000003,0.334210000000013,314.8652995,90,430.6116697932291,Noatak,267.57275500000003
81340700040091,267.65844,0.2800799999999981,203.836821,89,430.80942111406495,Noatak,267.65844
81340700040101,267.81291,0.3110049999999944,581.3287270000001,90,431.00773401264445,Noatak,267.81291
81340700040111,268.01532,0.3453049999999962,499.8883545,90,431.20958315087455,Noatak,268.01532
81340700040121,268.05605,0.44006500000000415,230.396721,92,431.41984457880994,Noatak,268.05605
81340700040131,268.41499,0.40388999999998987,367.28473,89,431.61186101095086,Noatak,268.41499
81340700040141,268.57408,0.2979700000000207,363.991776,88,431.80961225847255,Noatak,268.57408
81340700040151,268.73748,0.33146500000000856,217.214371,88,432.02118070324383,Noatak,268.73748
81340700040161,268.76702,0.3882199999999898,249.053135,85,432.2171489006738,Noatak,268.76702
81340700040171,268.90506,0.3980550000000278,318.82247900000004,84,432.40618705639554,Noatak,268.90506
81340700040181,269.13959,0.3494999999999777,298.549454,85,432.61447690145746,Noatak,269.13959
81340700040191,269.30321,0.30410000000000537,329.30488,87,432.8146908718383,Noatak,269.30321
81340700040201,269.40936,0.36136999999996533,295.492073,89,433.0138354716273,Noatak,269.40936
81340700040211,269.559235,0.4063549999999907,384.272144,86,433.22191467995407,Noatak,269.559235
81340700040221,269.79692,0.32138499999999226,306.278542,86,433.41471776815916,Noatak,269.79692
81340700040231,269.91828,0.31443500000000313,356.967894,86,433.61418644630515,Noatak,269.91828
81340700040241,270.085195,0.39067500000001587,299.4109305,86,433.82664626696373,Noatak,270.085195
81340700040251,270.25488,0.3152900000000045,328.547418,85,434.0175166959107,Noatak,270.25488
81340700040261,270.477765,0.3287600000000168,286.930055,86,434.2140145314358,Noatak,270.477765
81340700040271,270.64479,0.3740900000000238,398.651023,91,434.4208237754607,Noatak,270.64479
81340700040281,270.717595,0.298279999999977,448.2462,90,434.61557228015783,Noatak,270.717595
81340700040291,271.01596,0.331450000000018,311.722861,99,434.81575976257204,Noatak,271.01596
81340700040301,271.07507499999997,0.34913499999998976,214.5588795,98,435.02085175507693,Noatak,271.07507499999997
81340700040311,271.168295,0.32687000000001376,260.6988,98,435.22042656631635,Noatak,271.168295
81340700040321,271.27832,0.32648499999999103,268.1020945,96,435.4220978463797,Noatak,271.27832
81340700040331,271.39669,0.3966899999999782,193.804641,95,435.6312908781111,Noatak,271.39669
81340700040341,271.46566,0.4168949999999825,147.128381,96,435.8369493478936,Noatak,271.45333
81340700040351,271.46364,0.4187400000000139,157.886442,101,436.0270494349225,Noatak,271.46364
81340700040361,271.45333,0.4014200000000301,130.753226,105,436.22123951027476,Noatak,271.46566
81340700040371,271.51776,0.41291000000001077,137.391902,105,436.4348222688763,Noatak,271.51437999999996
81340700040381,271.51437999999996,0.4259500000000003,218.9215825,108,436.63263033697865,Noatak,271.51776
81340700040391,271.8048,0.36104999999997744,233.974441,111,436.8317276937375,Noatak,271.8048
81340700040401,272.04946,0.3298199999999838,219.042656,111,437.0342640566986,Noatak,272.04946
81340700040411,272.16019,0.31263000000001284,214.52144199999998,108,437.2299059188051,Noatak,272.16019
81340700040421,272.27455499999996,0.35569500000002563,184.648562,106,437.43933661486085,Noatak,272.27455499999996
81340700040431,272.49278000000004,0.3789000000000442,252.7580685,112,437.63996102925347,Noatak,272.49278000000004
81340700040441,272.77567,0.3277299999999741,206.831191,111,437.8388678999328,Noatak,272.77567
81340700040451,273.04395,0.3033500000000231,262.243437,110,438.03777476734126,Noatak,273.04395
81340700040461,273.24411,0.31614999999999327,197.8575,110,438.2357901058877,Noatak,273.24411
81340700040471,273.36458,0.3365699999999947,219.331119,109,438.43291391756355,Noatak,273.36458
81340700040481,273.54105000000004,0.39771500000003357,180.998576,108,438.63294397457025,Noatak,273.53551
81340700040491,273.53551,0.33496999999999844,143.226131,101,438.8433290237715,Noatak,273.54105000000004
81340700040501,273.67566,0.37331999999997834,180.586601,95,439.03300682346213,Noatak,273.67566
81340700040511,273.865835,0.4306999999999732,173.738806,90,439.2367111891889,Noatak,273.865835
81340700040521,274.08876,0.42472000000000776,164.584784,100,439.45132138077383,Noatak,274.08876
81340700040531,274.27712,0.4082199999999716,175.101294,97,439.64751173073586,Noatak,274.27712
81340700040541,274.33585,0.47688999999996895,245.872194,95,439.8376389114806,Noatak,274.33585
81340700040551,274.56647,0.5108400000000302,153.956604,97,440.0407572779806,Noatak,274.56647
81340700040561,274.82111,0.5247599999999579,213.169778,99,440.25385663745527,Noatak,274.82111
81340700040571,275.162145,0.41867500000000746,341.92395750000003,98,440.44313688077796,Noatak,275.162145
81340700040581,275.34803,0.3399000000000001,179.521494,99,440.6412737734915,Noatak,275.34803
81340700040591,275.4692,0.3709699999999998,235.394638,97,440.84397980265794,Noatak,275.4692
81340700040601,275.73329,0.44878999999997404,252.52133,101,441.04672495840424,Noatak,275.73329
81340700040611,276.0094,0.3721500000000333,266.773388,101,441.25457303841847,Noatak,276.0094
81340700040621,276.29806,0.412270000000035,176.580709,99,441.45709718408114,Noatak,276.29806
81340700040631,276.43849,0.47983500000000845,179.234956,88,441.6534017191025,Noatak,276.43849
81340700040641,276.494245,0.4438000000000102,163.94229,98,441.8462780004667,Noatak,276.45434
81340700040651,276.45434,0.47898000000000707,140.7802455,96,442.04831507821876,Noatak,276.45487
81340700040661,276.45487,0.46568999999999505,138.267175,94,442.2527415261524,Noatak,276.494245
81340700040671,276.5271,0.42835999999996943,178.624409,96,442.4562414761751,Noatak,276.5271
81340700040681,276.630135,0.38070999999999344,171.204765,94,442.6590299608509,Noatak,276.630135
81340700040691,276.71373,0.4115899999999897,173.409109,99,442.85470079831106,Noatak,276.71373
81340700040701,276.82677,0.46679500000001894,164.89577200000002,96,443.0518574850933,Noatak,276.82677
81340700040711,277.26931,0.4508299999999963,213.542797,97,443.26052473185234,Noatak,277.26931
81340700040721,277.36924,0.3516700000000128,225.782795,93,443.464466107502,Noatak,277.36924
81340700040731,277.65308,0.3744599999999991,210.388272,99,443.66621116240486,Noatak,277.65308
81340700040741,277.754435,0.3643849999999986,191.849728,90,443.86330792100506,Noatak,277.754435
81340700040751,277.878915,0.36071500000002743,161.6987075,88,444.0663934450559,Noatak,277.86134500000003
81340700040761,277.86134500000003,0.3618850000000009,165.9323135,86,444.26440881840205,Noatak,277.878915
81340700040771,277.94628,0.40159999999997353,151.360244,89,444.4644716669667,Noatak,277.94628
81340700040781,278.03155,0.4210199999999986,193.798147,91,444.66308139802214,Noatak,278.03155
81340700040791,278.2618,0.37946999999996933,226.832849,93,444.85852696254216,Noatak,278.2618
81340700040801,278.50627499999996,0.36926500000001283,242.3490165,96,445.0577004813732,Noatak,278.50627499999996
81340700040811,278.89218500000004,0.4266499999999951,214.37010700000002,94,445.2524806994057,Noatak,278.87244
81340700040821,278.87244,0.31766999999996415,130.779709,83,445.4653593086238,Noatak,278.89218500000004
81340700040831,279.07119,0.40634000000000015,174.950824,95,445.67422462513315,Noatak,278.959735
81340700040841,278.96196,0.4354799999999841,147.093723,87,445.87626950292326,Noatak,278.96196
81340700040851,278.959735,0.4635549999999853,169.435118,90,446.0745821183034,Noatak,279.03029
81340700040861,279.03029,0.46388999999999214,171.166319,91,446.27003305640903,Noatak,279.07119
81340700040871,279.13673,0.4355199999999968,168.022669,89,446.47319780287046,Noatak,279.13673
81340700040881,279.212445,0.46456499999999323,149.5828495,90,446.679863794897,Noatak,279.212445
81340700040891,279.30197499999997,0.4467849999999771,135.86566950000002,90,446.8808306708007,Noatak,279.30197499999997
81340700040901,279.533375,0.48955499999999574,209.7528925,94,447.06876112921265,Noatak,279.533375
81340700040911,279.84235,0.40226999999998725,207.494058,91,447.2626780887953,Noatak,279.84235
81340700040921,280.088865,0.4210950000000082,187.0465575,90,447.47271977519966,Noatak,280.088865
81340700040931,280.29114,0.4388200000000211,125.452251,93,447.68607529299896,Noatak,280.29114
81340700040941,280.411,0.411830000000009,138.5591825,92,447.8745929718523,Noatak,280.411
81340700040951,280.50007500000004,0.4689199999999971,90.97917100000001,92,448.07302749803637,Noatak,280.50007500000004
81340700040961,280.67373,0.43645499999999515,116.32968550000001,90,448.29793919081976,Noatak,280.67373
81340700050011,281.02487,0.418769999999995,267.367807,93,448.49692480617665,Noatak,281.02487
81340700050021,281.14165,0.28560999999999126,240.6637235,92,448.6812017152781,Noatak,281.14165
81340700050031,281.310605,0.25627000000000066,234.1076845,94,448.8639534696639,Noatak,281.310605
81340700050041,281.63142,0.33008999999998423,208.489073,95,449.05858589771776,Noatak,281.63142
81340700050051,281.88411,0.3731999999999971,223.544139,97,449.2692799493652,Noatak,281.88411
81340700050061,282.060095,0.4185200000000293,136.66419100000002,90,449.48280197238654,Noatak,282.060095
81340700050071,282.43729,0.43112000000002126,242.919814,95,449.6855900460423,Noatak,282.43729
81340700050081,282.73318,0.35964000000001306,148.553211,97,449.88588426127933,Noatak,282.73318
81340700050091,282.9566,0.3607549999999833,150.5941145,98,450.08502250655056,Noatak,282.9566
81340700050101,283.02624,0.45439000000004626,88.759784,97,450.27440659674664,Noatak,283.02624
81340700050111,283.10139,0.3936349999999891,107.19807449999999,88,450.47264466976395,Noatak,283.10139
81340700050121,283.292545,0.3702250000000049,155.36862100000002,94,450.6823871399407,Noatak,283.292545
81340700050131,283.7056,0.33282000000002654,291.57307,93,450.88781688805534,Noatak,283.7056
81340700050141,284.12138,0.36780500000000416,250.49276500000002,96,451.08308009170264,Noatak,284.12138
81340700050151,284.37714,0.3590599999999995,245.821205,99,451.2792020500635,Noatak,284.37714
81340700050161,284.52714000000003,0.388859999999994,115.68708699999999,96,451.47591868764744,Noatak,284.52714000000003
81340700050171,284.59994,0.3845499999999902,160.74342,93,451.6790011127667,Noatak,284.59994
81340700050181,284.953715,0.2931949999999972,184.353472,94,451.8855077817374,Noatak,284.953715
81340700050191,285.22352,0.2420799999999872,162.787657,95,452.0952544007318,Noatak,285.22352
81340700050201,285.447945,0.3219049999999868,187.660636,98,452.2909246162278,Noatak,285.447945
81340700050211,285.598685,0.361489999999975,129.27972699999998,98,452.4865948318566,Noatak,285.598685
81340700050221,285.81763,0.40232000000003154,143.316703,97,452.6810051540673,Noatak,285.81763
81340700050231,285.92311,0.3894899999999666,121.402479,97,452.87277894465774,Noatak,285.92311
81340700050241,286.11445,0.32752999999996746,164.658546,95,453.0812369848315,Noatak,286.11445
81340700050251,286.283295,0.34115499999998633,135.4907415,94,453.28213139447683,Noatak,286.283295
81340700050261,286.46581,0.3611900000000219,288.690781,91,453.4773626565028,Noatak,286.46581
81340700050271,286.8003,0.3508250000000146,198.869586,96,453.68935001089466,Noatak,286.8003
81340700050281,287.003095,0.3525250000000142,220.6411155,96,453.90658190479564,Noatak,287.003095
81340700050291,287.17494,0.3614900000000034,192.652608,93,454.10400223395976,Noatak,287.17494
81340700050301,287.43212,0.36885999999998376,147.95784,93,454.30346999543883,Noatak,287.43212
81340700050311,287.66130999999996,0.3375949999999648,178.09660300000002,94,454.5061083829351,Noatak,287.66130999999996
81340700050321,287.94791,0.28814999999997326,136.079719,93,454.6989929895908,Noatak,287.94791
81340700050331,288.06496500000003,0.334479999999985,146.702548,94,454.8875571143509,Noatak,288.06496500000003
81340700050341,288.141335,0.306855000000013,107.914705,100,455.09035616929305,Noatak,288.141335
81340700050351,288.21317,0.3018299999999954,101.0456005,102,455.3026033843449,Noatak,288.21317
81340700050361,288.27337,0.3461599999999976,125.894561,103,455.4973782712074,Noatak,288.27337
81340700050371,288.513215,0.41206999999999994,127.795738,108,455.6980018058049,Noatak,288.513215
81340700050381,288.77151,0.34762000000000626,138.621074,109,455.9122107827057,Noatak,288.77151
81340700050391,288.8562,0.31313999999997577,141.951288,105,456.11141395660087,Noatak,288.8562
81340700050401,289.127815,0.42853500000001077,156.09139,108,456.31002278844613,Noatak,289.127815
81340700050411,289.61280999999997,0.31742499999995744,226.3518415,106,456.5083914655876,Noatak,289.61280999999997
81340700050421,289.91469,0.3633600000000001,190.783974,107,456.70676012510336,Noatak,289.91469
81340700050431,290.155115,0.2681749999999852,196.9761915,104,456.9053689114433,Noatak,290.155115
81340700050441,290.3194,0.2925599999999804,153.826575,107,457.1059923731157,Noatak,290.3194
81340700050451,290.54227,0.33258999999998196,197.273168,109,457.30978645584776,Noatak,290.54227
81340700050461,290.77569,0.391050000000007,121.938228,94,457.5104098543699,Noatak,290.77569
81340700050471,291.02957000000004,0.38987000000000194,210.275197,94,457.71494740266144,Noatak,291.02957000000004
81340700050481,291.42777,0.3717800000000011,278.765388,109,457.91691546477267,Noatak,291.42777
81340700050491,291.70569,0.3473099999999931,211.960462,110,458.11601002305474,Noatak,291.70569
81340700050501,291.89997,0.39498999999997864,163.41038650000002,112,458.31797117456574,Noatak,291.89997
81340700050511,292.09481,0.40807000000000926,193.839856,113,458.5171740569974,Noatak,292.09481
81340700050521,292.29401,0.38540999999997894,176.316473,111,458.717532844145,Noatak,292.29401
81340700050531,292.539275,0.3248299999999631,191.52921800000001,110,458.9164384880656,Noatak,292.539275
81340700050541,292.65223,0.3864099999999553,170.509321,109,459.1135938109001,Noatak,292.65223
81340700050551,292.66221,0.38927000000001044,121.975574,107,459.31246663578634,Noatak,292.65927
81340700050561,292.65927,0.3553099999999745,117.257036,105,459.50772927341956,Noatak,292.66221
81340700050571,292.801325,0.3667050000000245,129.68582,106,459.71371067008215,Noatak,292.801325
81340700050581,293.01467,0.35953000000000657,117.28032,107,459.92147249503165,Noatak,293.01467
81340700050591,293.223615,0.3425849999999855,165.5213875,104,460.13088087055127,Noatak,293.223615
81340700050601,293.32323,0.35693000000003394,120.13214,105,460.3327776046083,Noatak,293.32323
81340700050611,293.43153,0.3700900000000047,108.854356,105,460.51858320869803,Noatak,293.43153
81340700050621,293.61512500000003,0.3388350000000173,107.22227699999999,102,460.7129215543037,Noatak,293.61512500000003
81340700050631,293.925385,0.2694850000000031,161.6955965,100,460.9203551283878,Noatak,293.925385
81340700050641,294.19024,0.28102499999999964,233.17454600000002,100,461.1309091108064,Noatak,294.19024
81340700050651,294.273,0.34024000000005117,187.113741,105,461.33153199665867,Noatak,294.273
81340700050661,294.5058,0.393950000000018,145.8062085,106,461.52088135317257,Noatak,294.5058
81340700050671,294.92813,0.30675999999999704,189.860006,99,461.72218325883387,Noatak,294.92813
81340700050681,295.11405,0.2429300000000012,169.78632,97,461.9321845800924,Noatak,295.11405
81340700050691,295.314715,0.1966250000000116,220.634545,94,462.13050352389234,Noatak,295.314715
81340700050701,295.51872,0.3003900000000499,202.210665,97,462.330246732889,Noatak,295.51872
81340700050711,295.79019,0.24094000000002325,200.539473,101,462.5238798208101,Noatak,295.79019
81340700050721,296.113535,0.26698999999999273,150.4211075,102,462.7358978103863,Noatak,296.113535
81340700060011,296.255765,0.2843900000000019,222.3236045,104,462.94102903574026,Noatak,296.255765
81340700060021,296.35542499999997,0.34103999999999246,198.859398,108,463.1266132095859,Noatak,296.35542499999997
81340700060031,296.75487,0.45904999999999063,206.883044,111,463.32741778319996,Noatak,296.75487
81340700060041,297.02904,0.35059000000001106,177.370904,109,463.5279251464191,Noatak,297.02904
81340700060051,297.14744,0.34352000000001226,136.813605,111,463.74008563457545,Noatak,297.14744
81340700060061,297.289775,0.3549199999999928,161.96763049999998,112,463.9366460082708,Noatak,297.289775
81340700060071,297.740285,0.3646649999999738,172.275792,112,464.13350351476805,Noatak,297.740285
81340700060081,298.057305,0.30821000000000254,161.2058675,112,464.34540170518187,Noatak,298.057305
81340700060091,298.208805,0.3099549999999738,131.46410500000002,112,464.5403732234174,Noatak,298.208805
81340700060101,298.37732,0.2988199999999779,142.320473,109,464.7312532227469,Noatak,298.37732
81340700060111,298.40332,0.2329300000000103,139.746627,107,464.94066826327185,Noatak,298.40332
81340700060121,298.469545,0.3024650000000122,131.9316455,108,465.13898673134366,Noatak,298.469545
81340700060131,298.6548,0.3652200000000221,84.220871,109,465.3349653477225,Noatak,298.6548
81340700060141,299.07975,0.24654499999999757,177.74066249999998,108,465.5469885065658,Noatak,299.07975
81340700060151,299.59499,0.24488999999999805,234.886405,109,465.74295431122766,Noatak,299.59499
81340700060161,299.97019,0.23435000000000628,266.677549,109,465.94514579157993,Noatak,299.97019
81340700060171,300.33854,0.24959999999998672,397.095045,109,466.149384726889,Noatak,300.33854
81340700060181,300.82422,0.20684999999997444,348.996887,105,466.33660360752145,Noatak,300.82422
81340700060191,301.20398,0.24202500000001237,378.90983200000005,108,466.53454122830385,Noatak,301.20398
81340700060201,301.49647,0.18270999999998594,327.974519,103,466.74175954421577,Noatak,301.49647
81340700060211,301.73187,0.2619900000000257,230.360838,109,466.95296762024265,Noatak,301.73187
81340700060221,302.11112,0.22622500000002788,227.7093415,110,467.155010181079,Noatak,302.11112
81340700060231,302.28481999999997,0.25580999999999676,205.2104515,112,467.34264134159895,Noatak,302.28481999999997
81340700060241,302.47966,0.2378999999999678,156.948025,113,467.5475526098897,Noatak,302.47966
81340700060251,302.65695,0.2903299999999831,153.025068,117,467.75846040286683,Noatak,302.65695
81340700060261,302.77156,0.29189999999999827,211.553252,121,467.9509320958814,Noatak,302.77156
81340700060271,303.02306,0.33204000000000633,300.139974,123,468.151256983515,Noatak,303.02306
81340700060281,303.05715,0.29542999999995345,337.43278,127,468.3487084099112,Noatak,303.05715
81340700060291,303.32049,0.35375999999996566,157.530276,127,468.552864968677,Noatak,303.32049
81340700060301,303.42865,0.3056399999999826,258.151156,127,468.75583284720926,Noatak,303.39696000000004
81340700060311,303.39696000000004,0.27393000000003553,214.0775295,118,468.9515012555194,Noatak,303.42865
81340700060321,303.79154500000004,0.3743450000000337,209.581907,120,469.1642555573245,Noatak,303.79154500000004
81340700060331,303.82252,0.17775999999997794,161.150717,117,469.3628956713856,Noatak,303.82252
81340700060341,304.21525,0.14411000000001195,362.990448,113,469.5525647345641,Noatak,304.21525
81340700060351,304.33765,0.351524999999981,202.036542,116,469.7516971299352,Noatak,304.33765
81340700060361,304.52758500000004,0.35964500000000044,319.3989435,114,469.95633958606265,Noatak,304.52758500000004
81340700060371,304.82874,0.35872999999998,290.757409,109,470.16098200581115,Noatak,304.82874
81340700060381,305.07202,0.29184000000003607,267.043911,103,470.3579176669587,Noatak,305.07202
81340700060391,305.44294,0.20614999999997963,280.565521,101,470.55217756274135,Noatak,305.44294
81340700060401,305.78439,0.26982000000003836,299.557929,105,470.7520293106092,Noatak,305.78439
81340700060411,305.96088,0.39786000000003696,282.897275,109,470.9545568025347,Noatak,305.96088
81340700060421,306.27236,0.41492999999999824,218.6148705,106,471.1635188731645,Noatak,306.27236
81340700060431,306.51248,0.4051449999999761,256.196295,108,471.3627204297466,Noatak,306.51248
81340700060441,306.67674,0.38616000000001804,195.31199,107,471.5589830256207,Noatak,306.67674
81340700060451,307.319,0.3641800000000046,205.457041,110,471.77170441387085,Noatak,307.319
81340700060461,307.60054,0.26563999999996213,262.425628,111,471.97176473927664,Noatak,307.60054
81340700060471,307.77367,0.2863800000000083,186.569693,111,472.1726838348389,Noatak,307.77367
81340700060481,308.01625,0.33534499999996115,221.7851965,112,472.3704388085946,Noatak,308.01625
81340700060491,308.25661,0.29591000000004897,193.685717,113,472.5611976442537,Noatak,308.25661
81340700060501,308.77428,0.29844500000001517,188.78606100000002,114,472.7593319501546,Noatak,308.77428
81340700060511,308.92112,0.25202999999999065,210.513961,111,472.9630154641499,Noatak,308.92112
81340700060521,309.315345,0.33485499999997614,177.4322755,112,473.165361127023,Noatak,309.315345
81340700060531,309.315525,0.27911000000000286,133.80895099999998,108,473.3665447306481,Noatak,309.315525
81340700060541,309.3382,0.29689000000001897,131.688784,109,473.5787046447987,Noatak,309.3382
81340700060551,309.370315,0.34002500000002556,135.897503,110,473.7764532090961,Noatak,309.370315
81340700060561,309.5668,0.3080800000000181,119.81633,107,473.97301308570326,Noatak,309.5668
81340700060571,309.70826999999997,0.360434999999967,124.64645200000001,106,474.1854374154536,Noatak,309.70826999999997
81340700060581,309.81449499999997,0.39106499999996913,123.66117650000001,104,474.38825605573413,Noatak,309.81449499999997
81340700060591,310.221795,0.24560999999999922,146.727349,104,474.5824769472421,Noatak,310.221795
81340700060601,310.531945,0.282164999999992,145.6224765,104,474.7776343946727,Noatak,310.531945
81340700060611,310.80138,0.32533999999998287,151.969667,107,474.9700884056538,Noatak,310.80138
81340700060621,310.956055,0.3587850000000117,123.6590735,108,475.1662641486154,Noatak,310.956055
81340700060631,311.07807,0.29319999999995616,123.193173,107,475.3704582232363,Noatak,311.07807
81340700060641,311.53963,0.31212999999999624,166.2469855,106,475.58079443815603,Noatak,311.53963
81340700060651,311.99676999999997,0.34168499999998403,175.88269250000002,108,475.7799693122303,Noatak,311.99676999999997
81340700060661,312.337195,0.26931499999997754,155.206787,108,475.97561000588263,Noatak,312.337195
81340700060671,312.6091,0.2989900000000034,142.836777,107,476.18441655504415,Noatak,312.6091
81340700060681,313.0048,0.27403000000003885,157.953993,109,476.3886104552249,Noatak,313.0048
81340700060691,313.439355,0.25050999999999135,233.4761355,108,476.5780091882862,Noatak,313.439355
81340700060701,313.85739,0.20788500000000454,207.015352,108,476.77975586695095,Noatak,313.85739
81340700060711,314.1239,0.2583099999999945,160.516639,109,476.9898365333832,Noatak,314.1239
81340700060721,314.373695,0.2989599999999939,179.534313,110,477.1954126364982,Noatak,314.373695
81340700060731,314.665745,0.2831949999999779,159.526238,106,477.3981156032514,Noatak,314.665745
81340700060741,314.855325,0.3129249999999786,135.53845,106,477.6002980680957,Noatak,314.855325
81340700060751,314.94126,0.3116049999999859,116.1996625,108,477.79924318749534,Noatak,314.94126
81340700060761,315.04925,0.3627899999999613,104.127909,107,477.9848590308471,Noatak,315.04925
81340700060771,315.16966,0.3545499999999606,181.18708,111,478.1853714411311,Noatak,315.16966
81340700060781,315.37251000000003,0.4336250000000348,220.283918,112,478.38645124939404,Noatak,315.37251000000003
81340700060791,315.65849,0.37774000000001706,221.58616,109,478.5931893650708,Noatak,315.65849
81340700060801,316.12187,0.32092999999997573,252.234111,107,478.7985013590917,Noatak,316.12187
81340700060811,316.43655,0.26920999999998685,235.003735,103,478.98601672467134,Noatak,316.43655
81340700060821,316.821375,0.26885499999997364,215.345307,106,479.1928642901568,Noatak,316.80984
81340700060831,316.84022000000004,0.3459200000000351,227.826588,108,479.39167500337624,Noatak,316.821375
81340700060841,316.80984,0.30869999999998754,158.272416,109,479.5957373465804,Noatak,316.84022000000004
81340700060851,317.234145,0.28540499999999724,208.750988,108,479.8056398682386,Noatak,317.234145
81340700060861,317.36077,0.22172999999997955,159.616482,105,479.9963257353642,Noatak,317.36077
81340700060871,317.537385,0.2875299999999754,144.679466,108,480.20432906979204,Noatak,317.537385
81340700060881,317.73527,0.3514099999999871,147.762803,109,480.415866850989,Noatak,317.73527
81340700060891,318.03935,0.3203100000000063,149.50128,109,480.6262345895402,Noatak,318.03935
81340900010011,318.57295,0.32893000000001393,127.780195,107,480.82062798180766,Noatak,318.57295
81340900010021,319.04487,0.21435000000002447,166.0604385,102,481.01245912246503,Noatak,319.04487
81340900010031,319.349985,0.21089499999999362,194.42704700000002,102,481.21251873543576,Noatak,319.349985
81340900010041,319.580865,0.24025000000000318,160.2708145,100,481.3969783359365,Noatak,319.580865
81340900010051,319.65,0.25790000000000646,125.839921,97,481.5909008491393,Noatak,319.65
81340900010061,319.94521,0.2311550000000011,147.1185645,100,481.80408478128356,Noatak,319.94521
81340900010071,320.40155500000003,0.30413500000000226,161.492017,104,481.9989108683217,Noatak,320.40155500000003
81340900010081,320.64851,0.3436800000000062,110.030974,103,482.19015395421746,Noatak,320.64851
81340900010091,320.711225,0.315259999999995,69.1084025,100,482.40500032082684,Noatak,320.711225
81340900010101,320.81184,0.32410999999996193,71.628967,101,482.6047355440564,Noatak,320.81184
81340900010111,320.941785,0.3149299999999755,119.742232,104,482.8050650759648,Noatak,320.941785
81340900010121,321.136075,0.2787649999999928,163.45872250000002,104,483.00337413357767,Noatak,321.136075
81340900010131,321.28951,0.27924999999999045,115.071615,103,483.20254194543486,Noatak,321.28951
81340900010141,321.50127999999995,0.336454999999944,112.219944,100,483.4107266899037,Noatak,321.50127999999995
81340900010151,321.79701,0.2945399999999836,134.350337,105,483.5951928854499,Noatak,321.79701
81340900010161,322.33207,0.26425999999997885,206.953627,101,483.7768835897152,Noatak,322.33207
81340900010171,322.63067,0.2531799999999862,124.6823,105,483.98991459418994,Noatak,322.63067
81340900010181,322.96195,0.21610499999999888,250.0759405,106,484.1903026772704,Noatak,322.96195
81340900010191,323.33407,0.23200500000001512,173.9203335,104,484.390706436419,Noatak,323.33407
81340900010201,323.78902,0.21197000000000799,231.082019,107,484.5978087507457,Noatak,323.78902
81340900010211,324.264855,0.22382000000001767,171.571697,108,484.7958204101876,Noatak,324.264855
81340900010221,324.6029,0.25453499999997575,140.880693,106,484.9987325938201,Noatak,324.6029
81340900010231,324.796965,0.2730499999999836,111.17276899999999,94,485.19468208991185,Noatak,324.796965
81340900010241,324.809605,0.26887999999996737,106.5783195,98,485.40022022553245,Noatak,324.809605
81340900010251,325.061275,0.25695500000000493,127.08075550000001,108,485.60372164951616,Noatak,325.061275
81340900010261,325.268215,0.2692650000000185,103.8183705,108,485.7964853329086,Noatak,325.268215
81340900010271,325.55149,0.3081850000000088,92.50625199999999,108,485.9894683516264,Noatak,325.55149
81340900010281,326.09472,0.27003000000001975,150.527277,103,486.19515851162646,Noatak,326.09472
81340900010291,326.58684,0.3039799999999673,176.424423,101,486.38297001343557,Noatak,326.58684
81340900010301,327.00366,0.3107800000000225,150.664467,103,486.5752527417682,Noatak,327.00366
81340900010311,327.360535,0.31976000000000226,220.3275605,102,486.78302011802657,Noatak,327.360535
81340900010321,327.77872,0.20559000000002925,157.195302,103,486.98081229694026,Noatak,327.77872
81340900010331,328.02043,0.2864699999999516,136.970561,105,487.1892167994614,Noatak,328.02043
81340900010341,328.22022,0.300959999999975,145.398002,107,487.3942300159778,Noatak,328.22022
81340900010351,328.34499,0.31979999999998654,100.206339,107,487.59481463520365,Noatak,328.34499
81340900010361,328.44833,0.29860000000002174,115.240702,105,487.7865040377899,Noatak,328.44833
81340900010371,328.63815,0.27242999999998574,103.264531,97,487.9817304733782,Noatak,328.63815
81340900010381,328.854255,0.3377750000000219,103.430283,100,488.1944500642992,Noatak,328.854255
81340900010391,329.423905,0.2950050000000033,203.6970235,100,488.38434266488,Noatak,329.423905
81340900010401,329.81572,0.2669199999999705,104.774469,101,488.59211998268336,Noatak,329.81572
81340900020011,330.17321,0.4699099999999703,100.889441,95,488.8086101478871,Noatak,330.17321
81340900020021,330.18723,0.33778999999998405,86.132292,77,488.98576552814257,Noatak,330.18723
81340900020031,330.56012,0.2776900000000069,107.647267,93,489.18213769891696,Noatak,330.56012
81340900020041,331.10012,0.31986999999998034,156.106659,99,489.3840955236881,Noatak,331.10012
81340900020051,331.58822,0.3345899999999915,152.995368,99,489.5762997651065,Noatak,331.58822
81340900020061,331.83178,0.27638500000000477,131.1634265,92,489.77565640187834,Noatak,331.83178
81340900020071,332.196315,0.2393600000000049,229.6645925,92,489.9694638694872,Noatak,332.196315
81340900020081,332.83118,0.2212350000000356,172.9882255,92,490.18402160882874,Noatak,332.68997
81340900020091,332.68997,0.25323499999998944,170.8237025,94,490.3937737093687,Noatak,332.83118
81340900020101,332.95476,0.364750000000015,125.876194,91,490.58624189092757,Noatak,332.95476
81340900020111,333.064215,0.34098000000000184,82.1478625,80,490.78854196143664,Noatak,333.064215
81340900020121,333.23126,0.32850000000001955,88.723677,77,490.98357571250335,Noatak,333.23126
81340900020131,333.70945,0.2256699999999796,166.634079,83,491.1719926380557,Noatak,333.70945
81340900020141,334.00665,0.25938999999999623,155.52212,81,491.3702517066482,Noatak,334.00665
81340900020151,334.318895,0.3198600000000056,138.84401200000002,84,491.58655982956094,Noatak,334.318895
81340900020161,334.63438,0.2899100000000203,170.8142,81,491.79139070741144,Noatak,334.63438
81340900020171,335.034545,0.3182600000000093,158.2972565,84,491.9928690076807,Noatak,335.034545
81340900020181,335.23545,0.32643999999999096,153.946311,81,492.20276945028684,Noatak,335.23545
81340900020191,335.585245,0.32067999999998165,229.8797645,72,492.39234239213295,Noatak,335.585245
81340900020201,335.95534,0.2797999999999661,163.047737,73,492.60208378803736,Noatak,335.95534
81340900030011,336.1349,0.321550000000002,162.612233,63,492.8159912109166,Noatak,336.08053
81340900030021,336.08053,0.3234600000000114,120.92668,55,493.004957651756,Noatak,336.1349
81340900030031,336.37301,0.42214000000001306,81.882912,59,493.19973726068554,Noatak,336.37301
81340900030041,336.62424,0.3337900000000218,123.6247,63,493.3967134355934,Noatak,336.62424
81340900030051,336.97795,0.3131999999999948,162.162868,63,493.59562210554293,Noatak,336.97795
81340900030061,337.55594,0.36498000000000275,155.285106,61,493.8034255145337,Noatak,337.55594
81340900030071,337.64532499999996,0.3376850000000218,126.3691825,62,494.00903227256924,Noatak,337.64532499999996
81340900030081,338.18073,0.265199999999993,222.023618,61,494.2110590707556,Noatak,338.18073
81340900030091,338.6925,0.25736999999998034,224.102184,63,494.4165204729851,Noatak,338.6925
81340900030101,338.83298,0.30556000000001404,183.112571,63,494.6142510148327,Noatak,338.83298
81340900030111,339.409595,0.37409999999999854,207.2841595,64,494.8051943700047,Noatak,339.409595
81340900030121,339.7845,0.26209999999997535,219.816734,65,495.00629249867575,Noatak,339.7845
81340900030131,340.19891,0.31916000000001077,239.632449,65,495.2051939813759,Noatak,340.19891
81340900030141,340.446765,0.30347500000002015,165.7802495,68,495.4046631307959,Noatak,340.446765
81340900030151,340.48465999999996,0.26431999999996947,180.9517915,64,495.6055970952604,Noatak,340.48465999999996
81340900030161,340.58829,0.2984400000000278,187.630984,67,495.8015347507049,Noatak,340.58829
81340900030171,340.931275,0.5383850000000336,165.2272155,70,496.010280753459,Noatak,340.8977
81340900030181,340.8977,0.43261000000001104,128.654091,67,496.2162346077002,Noatak,340.931275
81340900030191,341.04949999999997,0.37734999999997854,103.1636035,66,496.424935290191,Noatak,341.04949999999997
81340900030201,341.35762,0.3523299999999949,113.199281,78,496.61781476569655,Noatak,341.35762
81340900030211,341.87467000000004,0.5392650000000287,126.45870350000001,78,496.8188868805469,Noatak,341.87467000000004
81340900030221,342.320705,0.33143500000002746,200.1618975,94,497.0308687275831,Noatak,342.320705
81340900030231,342.648365,0.24817500000000337,228.646265,92,497.2170434074672,Noatak,342.648365
81340900030241,343.00616,0.20049499999998943,222.002612,84,497.4155384886955,Noatak,343.00616
81340900030251,343.285485,0.23085499999999115,257.9300425,78,497.6173817450058,Noatak,343.285485
81340900030261,343.83277,0.15960000000001173,418.787023,75,497.81483212661226,Noatak,343.83277
81340900030271,344.156195,0.20228999999997654,237.49634650000002,82,498.02372048578576,Noatak,344.156195
81340900030281,344.6518,0.23419999999998709,215.172174,89,498.2370776172775,Noatak,344.6518
81340900030291,344.98127,0.16975000000002183,321.989672,87,498.43564849565854,Noatak,344.98127
81340900030301,345.1873,0.2246550000000127,244.5864095,88,498.6240195332972,Noatak,345.1873
81340900030311,345.38479,0.27512000000001535,141.665075,88,498.8328506803997,Noatak,345.38479
81340900030321,345.51669,0.2426900000000387,155.596753,89,499.0581517034874,Noatak,345.51669
81340900040011,345.82903999999996,0.3181199999999933,208.1236545,94,499.2480750663399,Noatak,345.82903999999996
81340900040021,346.51833,0.5886250000000075,200.789293,90,499.4272594982946,Noatak,346.51833
81340900040031,347.12533,0.6541600000000471,226.421632,89,499.6299567037104,Noatak,347.014555
81340900040041,347.014555,0.40485500000002617,238.3071085,86,499.8132134457142,Noatak,347.12533
81340900040051,347.342445,0.35687999999998965,99.710951,80,500.01231632574815,Noatak,347.342445
81340900040061,347.81902,0.3024000000000342,429.98532550000004,82,500.2228167456998,Noatak,347.81902
81340900040071,348.15144,0.263149999999996,262.402228,85,500.42104292970083,Noatak,347.84585
81340900040081,347.84585,0.2989000000000033,241.805397,93,500.62391221113177,Noatak,348.15144
81340900040091,348.16791,0.32938500000000204,146.25062300000002,94,500.83386351491896,Noatak,348.16791
81340900040101,348.61873,0.20502000000004728,270.231197,93,501.0275187479506,Noatak,348.61873
81340900040111,349.22989,0.19033999999999196,170.139243,89,501.2184611761622,Noatak,349.22989
81340900040121,349.803455,0.1165550000000053,339.243691,88,501.42947858171345,Noatak,349.803455
81340900040131,349.99573,0.7441500000000474,459.160332,83,501.62627120647494,Noatak,349.99573
81340900040141,350.98316,1.015449999999987,297.289416,87,501.83051161609876,Noatak,350.25887
81340900040151,350.25887,0.19866500000000542,229.206197,80,502.0349339264939,Noatak,350.70272
81340900040161,350.70272,0.5051750000000084,222.5267915,82,502.2238616244812,Noatak,350.70628
81340900040171,350.70628,0.26546999999999343,163.192973,81,502.4246170634992,Noatak,350.828975
81340900040181,350.828975,0.3424500000000137,114.2945675,82,502.63081127186825,Noatak,350.8967
81340900040191,350.8967,0.33154000000001815,128.984752,79,502.8230259685368,Noatak,350.98316
81340900040201,351.37503,0.21394999999995434,158.232378,75,503.0265183465726,Noatak,351.37503
81340900040211,351.73112000000003,0.2290050000000008,206.81728600000002,80,503.2353329314012,Noatak,351.73112000000003
81340900040221,351.97672,0.3331750000000113,224.9937805,82,503.4302261667193,Noatak,351.97672
81340900040231,352.368,0.3792100000000289,160.28563250000002,84,503.63416322917595,Noatak,352.368
81340900040241,352.56696,0.33449999999999136,128.84351049999998,88,503.8315771997606,Noatak,352.56696
81340900040251,352.64979000000005,0.31481999999999744,104.9320555,86,504.02902386032224,Noatak,352.64979000000005
81340900040261,352.778495,0.3648550000000057,115.97721100000001,84,504.2287822777594,Noatak,352.778495
81340900040271,353.22485500000005,0.25382500000006303,141.6483965,80,504.4334286641227,Noatak,353.22485500000005
81340900040281,353.77547500000003,0.23591000000001827,248.938215,80,504.6298361130662,Noatak,353.77547500000003
81340900040291,354.36509,0.22729499999999803,203.866053,84,504.821058310625,Noatak,354.36509
81340900040301,354.65135,0.3248399999999947,202.280731,85,505.01106439667535,Noatak,354.65135
81340900040311,354.98524499999996,0.25371999999998707,128.42478499999999,82,505.21443813799357,Noatak,354.98524499999996
81340900040321,355.56503499999997,0.2559050000000411,193.0464855,88,505.43233674581796,Noatak,355.56503499999997
81340900040331,355.82588999999996,0.20476500000000897,186.77300100000002,88,505.60407224610776,Noatak,355.82588999999996
81340900040341,356.20979,0.4215499999999963,143.255671,90,505.79191604963233,Noatak,356.20979
81340900040351,356.21155999999996,0.2987049999999556,125.140354,90,506.0225805019839,Noatak,356.21155999999996
81340900040361,356.6741,0.34692000000001144,160.853078,90,506.2323637936496,Noatak,356.6741
81340900040371,357.031575,0.31117000000000417,137.88642,88,506.4242010340833,Noatak,357.031575
81340900040381,357.37162,0.3684599999999989,148.962534,88,506.6251174194627,Noatak,357.37162
81340900040391,357.84069,0.4112450000000081,163.890615,82,506.8322434854764,Noatak,357.84069
81340900040401,358.04656,0.2804800000000114,157.259053,81,507.0290762260804,Noatak,358.04656
81340900040411,358.25874,0.2207700000000159,168.0054,73,507.2197669113135,Noatak,358.25874
81340900040421,358.706585,0.3193350000000237,247.2127155,74,507.4258182227205,Noatak,358.706585
81340900040431,359.06404,0.39116999999998825,252.575979,75,507.6244200628408,Noatak,359.06404
81340900040441,359.384275,0.18150500000001557,226.33263799999997,68,507.82272473542304,Noatak,359.384275
81340900040451,359.92883,0.1762250000000165,302.3725735,72,508.014330970338,Noatak,359.92883
81340900040461,360.28443000000004,0.18783500000000686,299.3709465,70,508.21517465920215,Noatak,360.28443000000004
81340900040471,360.65419499999996,0.17306999999999562,255.47341699999998,72,508.4227168200863,Noatak,360.65419499999996
81340900040481,360.8119,0.2218499999999608,170.164574,75,508.6198656694736,Noatak,360.8119
81340900040491,361.031845,0.22247999999999024,235.30037900000002,76,508.820185061127,Noatak,361.031845
81340900040501,361.559955,0.22325500000002307,256.4186625,78,509.01190658691525,Noatak,361.559955
81340900040511,361.79242,0.28352999999998474,98.347897,85,509.20720123910223,Noatak,361.79242
81340900040521,362.39121,0.7015900000000101,152.679354,85,509.4128439277879,Noatak,362.361665
81340900040531,362.361665,0.6833500000000186,136.556534,80,509.61960371473515,Noatak,362.39121
81340900040541,362.5192,0.48164000000002716,158.132652,78,509.8163128813829,Noatak,362.5192
81340900040551,362.7122,0.49633999999997513,155.867666,77,510.00966952605046,Noatak,362.7122
81340900040561,363.35217,0.38085000000000946,226.082342,79,510.21248234026785,Noatak,363.35217
81340900040571,363.52297,0.2630200000000116,271.834004,76,510.4139572662712,Noatak,363.52297
81340900040581,363.93667,0.3902999999999679,146.832496,79,510.6139888586758,Noatak,363.93667
81340900040591,364.114995,0.47045499999995855,117.368353,76,510.81170860122046,Noatak,364.03576499999997
81340900040601,364.03576499999997,0.33814999999998463,85.1875265,72,511.0108715511272,Noatak,364.114995
81340900040611,364.339405,0.24967499999999632,122.2005345,70,511.20478907664113,Noatak,364.339405
81340900040621,364.68988,0.2379099999999994,143.3448785,68,511.39957016249247,Noatak,364.68988
81340900040631,365.06743,0.36693000000002485,178.219929,79,511.6113707142423,Noatak,365.06743
81340900040641,365.95121,0.31113999999999464,293.9141625,104,511.821151691456,Noatak,365.95121
81340900040651,366.45567,0.24763999999998987,209.166764,107,512.0191584771239,Noatak,366.45567
81340900040661,366.68819,0.23922999999996364,133.402698,91,512.1965602078113,Noatak,366.654865
81340900040671,366.654865,0.3604750000000081,115.01003800000001,70,512.3969514790016,Noatak,366.68819
81340900040681,367.00384,0.3151600000000485,156.506103,65,512.6098074501954,Noatak,367.00384
81340900040691,367.65539,0.38189000000002693,165.1512615,72,512.813165196371,Noatak,367.65539
81340900040701,368.10226,0.39241499999999974,141.2672005,74,513.0111111749261,Noatak,368.10226
81340900040711,368.25467000000003,0.29027499999997985,121.729384,76,513.2133620337214,Noatak,368.25467000000003
81340900040721,368.60544,0.31652000000002545,109.214112,73,513.4225822429473,Noatak,368.60544
81340900040731,368.83037,0.2710750000000246,113.9438815,70,513.621008436981,Noatak,368.83037
81340900040741,369.33128,0.3175950000000114,96.5508175,72,513.8164474186257,Noatak,369.33128
81340900040751,369.54401,0.29968999999999824,96.795151,75,514.0094705173461,Noatak,369.54401
81340900040761,370.02586,0.3094600000000014,122.1569,73,514.2041430774324,Noatak,370.02586
81340900040771,370.62762999999995,0.23771000000002118,182.9575565,78,514.4078209538409,Noatak,370.62762999999995
81340900040781,370.944215,0.2566099999999949,151.59535699999998,80,514.6049758674195,Noatak,370.944215
81340900040791,371.259535,0.3406600000000424,155.767921,78,514.7926680736255,Noatak,371.259535
81340900040801,371.420615,0.3758049999999855,98.548876,76,514.9954767806421,Noatak,371.420615
81340900040811,371.70685,0.25678999999996677,125.618229,75,515.1938595643946,Noatak,371.70685
81340900040821,372.08425,0.17478499999998576,185.803047,70,515.3949667913648,Noatak,372.08425
81340900040831,372.64364,0.2318300000000022,185.204069,75,515.604678947928,Noatak,372.64364
81340900040841,372.74536,0.1946800000000053,128.993589,77,515.7986092130212,Noatak,372.74536
81340900040851,372.75628,0.251829999999984,112.28774999999999,70,515.9903749719172,Noatak,372.75628
81340900040861,372.985215,0.27779499999999757,106.9068215,72,516.2009956458339,Noatak,372.985215
81340900040871,373.46241,0.24759000000000242,170.538399,71,516.4038887754862,Noatak,373.46241
81340900040881,374.04678,0.23138000000000147,153.488846,71,516.6029203272598,Noatak,374.04678
81340900040891,374.47797,0.2442999999999529,236.204031,77,516.7947562189124,Noatak,374.47797
81340900040901,375.22421,0.3044900000000439,198.051582,105,516.9950587752813,Noatak,375.22421
81340900040911,375.43519000000003,0.2623200000000452,265.6398775,110,517.2218232523499,Noatak,375.43519000000003
81340900050011,375.67437,0.2860950000000173,240.2049495,112,517.4230683869563,Noatak,375.67437
81340900050021,376.21596,0.2249699999999848,323.68217,115,517.6054754043009,Noatak,376.21596
81340900050031,376.56786999999997,0.26952,285.69250999999997,114,517.7893354834565,Noatak,376.56786999999997
81340900050041,377.04629,0.24871999999999161,259.247151,113,517.9936006048409,Noatak,377.04629
81340900050051,377.29799,0.24320000000000164,248.609862,111,518.1962267585445,Noatak,377.29799
81340900050061,377.633245,0.3169549999999788,189.251324,110,518.3947690537888,Noatak,377.63244
81340900050071,377.63244,0.26752500000000623,146.127881,108,518.6018049977753,Noatak,377.633245
81340900050081,377.70732,0.3139300000000276,106.954433,109,518.801536385757,Noatak,377.70732
81340900050091,377.91111,0.41543000000001484,109.871353,107,518.9966095661325,Noatak,377.91111
81340900050101,378.15291,0.39499000000000706,128.08216,109,519.20087450936,Noatak,378.15291
81340900050111,378.73585,0.3023600000000215,178.522584,109,519.4020841705949,Noatak,378.73585
81340900050121,379.19063,0.41340999999999894,164.161443,111,519.5878762542134,Noatak,379.19063
81340900050131,379.47985500000004,0.45821000000003664,122.67449049999999,112,519.7836104533183,Noatak,379.47985500000004
81340900050141,379.71706,0.3773300000000006,157.447025,112,519.9820360598018,Noatak,379.71706
81340900050151,380.30928,0.31182000000001153,183.631442,110,520.178644371782,Noatak,380.25516
81340900050161,380.25516,0.406470000000013,85.046906,115,520.3796020314586,Noatak,380.29247499999997
81340900050171,380.29247499999997,0.3851499999999817,74.567018,112,520.5796578829937,Noatak,380.30928
81340900050181,380.42118,0.3904799999999682,103.538264,113,520.7751015697439,Noatak,380.42118
81340900050191,380.95833,0.47521000000000413,106.753846,109,520.9847346852404,Noatak,380.95833
81340900050201,381.48456,0.3307900000000359,177.287234,109,521.193652267577,Noatak,381.48456
81340900050211,381.73073,0.3806900000000155,102.72389,111,521.3837334691561,Noatak,381.73073
81340900050221,381.74375,0.3658049999999946,111.868159,108,521.5849100854563,Noatak,381.74375
81340900050231,382.023045,0.3566499999999735,131.14225249999998,108,521.7967654575353,Noatak,382.023045
81340900050241,382.28497500000003,0.33578000000002817,144.55295999999998,108,521.991794778486,Noatak,382.28497500000003
81340900050251,382.58833,0.3746399999999994,152.7479,111,522.1788597027052,Noatak,382.58833
81340900050261,383.13346,0.3757699999999886,116.098023,109,522.3801812789942,Noatak,383.13346
81340900050271,383.51898,0.3467099999999732,126.561594,109,522.5852955903733,Noatak,383.51898
81340900050281,383.86309,0.406470000000013,193.82305300000002,110,522.7821852028619,Noatak,383.86309
81340900050291,384.4582,0.3761899999999514,173.892451,109,522.9759877275185,Noatak,384.4582
81340900050301,384.5726,0.40295999999995047,64.203313,109,523.1711280203991,Noatak,384.5726
81340900050311,384.61803,0.3785699999999679,111.608422,109,523.3775185014264,Noatak,384.61803
81340900050321,384.77047000000005,0.3624900000000082,88.22138,108,523.5911386992888,Noatak,384.77047000000005
81340900050331,384.90988,0.38171999999997297,115.797325,109,523.7772795452934,Noatak,384.90988
81340900050341,385.16696,0.35482999999999265,130.0455495,108,523.9736674992581,Noatak,385.16696
81340900050351,385.72577,0.27230000000002974,230.467375,107,524.1799910952067,Noatak,385.72577
81340900050361,386.41138,0.33602999999999383,246.650177,109,524.367386201403,Noatak,386.41138
81340900050371,386.59591,0.36838000000000193,150.636928,109,524.57160513772,Noatak,386.59591
81340900050381,386.74077,0.32889000000000124,104.073602,109,524.7714296639119,Noatak,386.74077
81340900050391,386.7905,0.3633650000000159,106.26837950000001,110,524.9681039466607,Noatak,386.7905
81340900050401,386.84352,0.3502500000000168,131.032165,111,525.1734977892369,Noatak,386.84352
81340900050411,386.97691,0.37725000000000364,144.562641,109,525.3716255582084,Noatak,386.97691
81340900050421,387.14986,0.3340000000000032,133.967756,109,525.576930476108,Noatak,387.14986
81340900050431,387.34583999999995,0.40593999999998687,140.46169,110,525.7803363494521,Noatak,387.34583999999995
81340900050441,387.519265,0.4372099999999932,165.7795355,110,525.9800560602552,Noatak,387.519265
81340900050451,387.80313,0.41255999999998494,241.864099,109,526.1710627184264,Noatak,387.80313
81340900050461,387.93572,0.40809999999999036,233.783157,109,526.3727247626015,Noatak,387.93572
81340900050471,388.00931,0.30568999999999846,225.39129150000002,108,526.5779971112535,Noatak,388.00931
81340900050481,388.267105,0.29424500000001785,262.116268,108,526.7780175531494,Noatak,388.267105
81340900050491,388.467465,0.21774999999999523,356.612144,108,526.9777735260849,Noatak,388.467465
81340900050501,388.635905,0.2530249999999796,223.4716675,108,527.1772322679168,Noatak,388.635905
81340900050511,388.8246,0.21425999999996748,311.917446,109,527.39341354138,Noatak,388.8246
81340900060011,388.99616000000003,0.3390900000000556,187.355669,102,527.5916835086457,Noatak,388.99616000000003
81340900060021,389.084515,0.32202999999998383,174.97713349999998,108,527.7808121613082,Noatak,389.084515
81340900060031,389.28817000000004,0.23030499999995868,273.4451745,108,527.981450769374,Noatak,389.28817000000004
81340900060041,389.542515,0.1933249999999873,334.535792,108,528.1667693274206,Noatak,389.542515
81340900060051,389.78528,0.2033749999999941,282.91684150000003,108,528.358677140507,Noatak,389.68111999999996
81340900060061,389.78522,0.35622000000000753,217.878537,109,528.5674803235717,Noatak,389.78522
81340900060071,389.68111999999996,0.26705499999999915,129.6712115,108,528.7746423349971,Noatak,389.78528
81340900060081,389.86254,0.2278400000000147,227.728678,109,528.966246716945,Noatak,389.86254
81340900060091,390.05118500000003,0.2812550000000158,222.9192605,108,529.1629263714337,Noatak,390.05118500000003
81340900060101,390.212865,0.38635999999999626,218.037476,110,529.3728716385291,Noatak,390.136615
81340900060111,390.136615,0.3338449999999966,191.73666500000002,110,529.5618838585992,Noatak,390.212865
81340900060121,390.375905,0.3262100000000032,198.19041850000002,110,529.7622068323974,Noatak,390.375905
81340900060131,390.59546,0.30022000000002436,257.812022,109,529.9692284655688,Noatak,390.59546
81340900060141,390.8103,0.2480300000000284,207.63838,107,530.1714752329327,Noatak,390.8103
81340900060151,390.94313,0.25837000000001353,194.108105,107,530.3713434760456,Noatak,390.94313
81340900060161,391.04684,0.2692549999999869,266.293673,108,530.5600074214066,Noatak,391.04684
81340900060171,391.32468,0.34175500000000625,220.2101665,108,530.7616617623768,Noatak,391.32468
81340900060181,391.32878500000004,0.2919700000000205,225.20492050000001,78,530.9695417969291,Noatak,391.32878500000004
81340900060191,391.59581000000003,0.21993499999999244,420.319565,108,531.1635452652095,Noatak,391.59581000000003
81340900060201,391.65173500000003,0.2227500000000191,249.9319715,108,531.3539866526226,Noatak,391.65173500000003
81340900060211,391.760455,0.2571100000000115,177.9565485,108,531.5549539178079,Noatak,391.760455
81340900060221,391.96894499999996,0.22555499999995732,117.03796750000001,108,531.7621587813487,Noatak,391.96894499999996
81340900060231,392.01389,0.23344000000000165,233.343243,108,531.966855684183,Noatak,392.01389
81340900060241,392.18617500000005,0.21529499999999757,76.991345,106,532.172780432658,Noatak,392.14503
81340900060251,392.14503,0.19401000000002,85.7120525,104,532.374585031912,Noatak,392.18617500000005
81340900060261,392.21292,0.27015999999997575,171.173323,107,532.5726676455987,Noatak,392.21292
81340900060271,392.27157,0.24174500000000876,252.7891265,108,532.7668796687219,Noatak,392.27157
81340900060281,392.30741,0.2441400000000158,187.9327575,108,532.9674928911999,Noatak,392.30741
81340900060291,392.39321,0.30817000000001826,160.76765849999998,108,533.1700054955811,Noatak,392.39321
81340900060301,392.49073,0.38891000000000986,198.528122,109,533.3725181085348,Noatak,392.49073
81340900060311,392.72979,0.3733699999999942,317.1595295,110,533.5630805888661,Noatak,392.72979
81340900060321,392.91433500000005,0.23848500000005401,284.06399,110,533.7604745251026,Noatak,392.91433500000005
81340900060331,393.06664,0.30890999999999735,217.3555435,110,533.9716134456971,Noatak,393.06664
81340900060341,393.29814,0.22865999999999076,340.8233745,108,534.1610040627796,Noatak,393.29814
81340900060351,393.56353,0.30637000000001535,376.782863,107,534.359393609743,Noatak,393.43616499999996
81340900060361,393.43616499999996,0.35753499999995597,143.7174185,108,534.5591209047352,Noatak,393.56353
81340900060371,393.72315,0.3121399999999994,209.861907,109,534.750136562746,Noatak,393.72315
81340900060381,394.00549,0.198599999999999,181.753051,107,534.9508239872898,Noatak,393.97161
81340900060391,394.09123,0.2925999999999931,87.660034,109,535.1552705246808,Noatak,394.00549
81340900060401,393.97161,0.3260500000000093,78.058294,109,535.3647800117528,Noatak,394.09123
81340900060411,394.244725,0.36346500000001924,144.1896115,108,535.5618001813073,Noatak,394.244725
81340900060421,394.34350500000005,0.23671500000000378,183.105795,104,535.7593818682462,Noatak,394.34350500000005
81340900060431,394.52606,0.2628199999999765,377.907975,105,535.9671453188918,Noatak,394.52606
81340900060441,394.91444,0.28037999999997965,416.781327,109,536.1626945959238,Noatak,394.91444
81340900060451,394.99918,0.2794399999999655,209.462782,107,536.3560476445004,Noatak,394.99918
81340900060461,395.73987999999997,0.16767999999996164,311.527071,104,536.5533533399548,Noatak,395.25714500000004
81340900060471,395.3048,0.2646650000000079,104.6586555,108,536.7642827667416,Noatak,395.3048
81340900060481,395.25714500000004,0.2511750000000461,111.2995435,106,536.9673127363959,Noatak,395.4139
81340900060491,395.4139,0.25790000000000646,183.692531,107,537.1639845894343,Noatak,395.57349
81340900060501,395.57349,0.22311999999999443,385.999349,109,537.3632653722045,Noatak,395.73987999999997
81340900060511,395.769455,0.17788499999997498,475.518283,108,537.5744532016342,Noatak,395.769455
81340900070011,395.93284,0.23885000000001355,233.169216,107,537.7747319099436,Noatak,395.93284
81340900070021,396.06753,0.2720199999999977,203.028035,107,537.9531622323408,Noatak,396.06753
81340900070031,396.24463000000003,0.2422199999999748,264.588844,108,538.1543360596415,Noatak,396.24463000000003
81340900070041,396.434395,0.21993499999999244,217.788566,108,538.3679386133049,Noatak,396.434395
81340900070051,396.508095,0.331940000000003,121.2848195,110,538.5710444101478,Noatak,396.508095
81340900070061,396.55608,0.3471499999999992,140.890865,111,538.7566533656149,Noatak,396.55608
81340900070071,396.91590499999995,0.4388800000000117,234.6899775,110,538.9453175103993,Noatak,396.84868
81340900070081,397.03221499999995,0.3719300000000487,141.0522305,106,539.159041893819,Noatak,396.91590499999995
81340900070091,396.84868,0.33411999999998443,153.249618,111,539.3643112751768,Noatak,396.98552
81340900070101,396.98552,0.35847000000001117,147.903072,107,539.5599697930337,Noatak,397.02867
81340900070111,397.02867,0.3987049999999783,154.6076665,110,539.7676993861878,Noatak,397.03221499999995
81340900070121,397.205855,0.38916000000000395,177.30046650000003,110,539.9681802578064,Noatak,397.205855
81340900070131,397.3512,0.3370500000000334,189.179179,111,540.1646337034296,Noatak,397.3512
81340900070141,397.479155,0.35803499999997257,403.2296635,112,540.3547840240641,Noatak,397.479155
81340900070151,397.76172,0.31249000000002525,352.088698,113,540.5549836977809,Noatak,397.76172
81340900070161,397.959635,0.3668700000000058,304.4556685,114,540.7614865229884,Noatak,397.959635
81340900070171,398.15492,0.3761700000000019,376.320436,115,540.9566339123014,Noatak,398.15492
81340900070181,398.37863000000004,0.3280449999999462,294.4385025,114,541.163389080621,Noatak,398.37863000000004
81340900070191,398.45843,0.3595500000000129,344.04737950000003,114,541.3666098584843,Noatak,398.45843
81340900070201,398.77923,0.1865799999999922,297.308444,111,541.5640242586657,Noatak,398.77923
81340900070211,398.87569,0.14650999999997794,289.042643,113,541.7630408242579,Noatak,398.80714
81340900070221,398.80714,0.20028000000002066,529.441031,113,541.9538232822848,Noatak,398.80949499999997
81340900070231,398.80949499999997,0.38069499999994605,249.01489650000002,110,542.1607665797169,Noatak,398.87569
81340900070241,399.037575,0.29058999999998036,309.90858249999997,114,542.356579468167,Noatak,399.037575
81340900070251,399.28227,0.22255000000001246,519.6882814999999,112,542.5411867824208,Noatak,399.28227
81340900070261,399.51974,0.24231499999999073,390.381268,114,542.754020133683,Noatak,399.51974
81340900070271,399.68333,0.24121999999999844,425.473017,115,542.9664064671148,Noatak,399.68333
81340900070281,399.88837,0.25846999999998843,357.817054,119,543.1634906909984,Noatak,399.88837
81340900070291,400.00949,0.18575000000004138,327.224618,117,543.3542454200494,Noatak,400.00949
81340900070301,400.18879000000004,0.21049999999999613,434.721558,118,543.5571765968044,Noatak,400.18879000000004
81340900070311,400.52461,0.21215000000000828,330.204526,117,543.770450585037,Noatak,400.52461
81340900070321,400.58471499999996,0.30702999999999747,242.126654,116,543.9712508892725,Noatak,400.58471499999996
81340900070331,400.74467,0.2779649999999947,286.720723,116,544.1557471944507,Noatak,400.74467
81340900070341,400.98455,0.3108100000000036,315.296554,113,544.3501785315445,Noatak,400.98455
81340900070351,401.30577,0.33898999999996704,421.412568,115,544.562888744096,Noatak,401.30577
81340900070361,401.36903,0.22157999999998879,502.61707,118,544.7600324252605,Noatak,401.36903
81340900070371,401.45499,0.16913999999997031,397.177143,121,544.9376583450962,Noatak,401.45499
81340900070381,401.90630999999996,0.2564399999999978,244.53578750000003,122,545.1398593064526,Noatak,401.90630999999996
81340900070391,402.118295,0.21365500000001703,293.93325649999997,126,545.3582650974051,Noatak,402.118295
81340900070401,402.39808,0.17885000000001128,405.026745,127,545.5615585466096,Noatak,402.39808
81340900070411,402.6784,0.1812400000000025,420.392435,125,545.7571065306923,Noatak,402.6784
81340900070421,402.9657,0.15463000000005422,522.527367,125,545.9576021704484,Noatak,402.9657
81340900070431,403.272795,0.20179500000000417,380.076004,128,546.1580977386817,Noatak,403.272795
81340900070441,403.53517,0.16765499999999633,530.3038755,132,546.3480966259795,Noatak,403.53517
81340900070451,403.92053,0.2025600000000054,285.40643,135,546.5532155135402,Noatak,403.92053
81340900070461,404.05812,0.20110999999997148,341.538255,133,546.7521151586451,Noatak,404.04211
81340900070471,404.04211,0.23752999999999247,391.160241,129,546.9542518691162,Noatak,404.05812
81340900070481,404.56581,0.2549099999999953,204.418302,135,547.1651013397069,Noatak,404.56581
81340900070491,404.74644,0.3259100000000217,154.607189,136,547.3486987953647,Noatak,404.74644
81340900070501,404.76708,0.21685999999999694,299.003205,133,547.5344605890862,Noatak,404.76708
81340900070511,405.02338,0.22092999999998142,379.633642,136,547.7386427861892,Noatak,405.02338
81340900070521,405.12141,0.2545700000000011,142.013976,133,547.951718653614,Noatak,405.12141
81340900070531,405.35698,0.2948999999999842,196.211363,137,548.1542281039244,Noatak,405.35698
81340900070541,405.50945,0.2684150000000045,188.78869500000002,136,548.358305715959,Noatak,405.50945
81340900070551,405.78816500000005,0.25688999999994167,217.81177000000002,136,548.5649593853475,Noatak,405.78816500000005
81340900070561,405.95896,0.21334999999999127,240.436841,133,548.7666923642835,Noatak,405.95896
81340900070571,406.110055,0.2625149999999792,264.12710549999997,134,548.9629431096005,Noatak,406.110055
81340900070581,406.32717,0.24909500000001117,233.34721050000002,132,549.1532054416834,Noatak,406.32717
81340900070591,406.48118,0.2379799999999932,197.019207,131,549.3512140595867,Noatak,406.48118
81340900070601,406.61683,0.29783999999997945,150.5351035,132,549.5592728411892,Noatak,406.61683
81340900070611,406.86601,0.2585799999999949,188.578733,135,549.7592880957819,Noatak,406.86601
81340900070621,407.16282,0.21064500000002795,226.655756,136,549.9564300714252,Noatak,407.16282
81340900070631,407.31028,0.2874999999999659,293.640447,137,550.1538692084669,Noatak,407.31028
81340900070641,407.61887,0.35881499999996436,126.0378735,134,550.3560809628917,Noatak,407.60819000000004
81340900070651,407.60819000000004,0.3028900000000192,210.802322,136,550.5622393428645,Noatak,407.61887
81340900070661,407.92472999999995,0.31835499999999683,163.2312915,136,550.7513783268806,Noatak,407.92472999999995
81340900070671,408.03059,0.2796299999999974,233.961367,139,550.9513174216493,Noatak,408.03059
81340900070681,408.11768,0.24329000000000178,166.071682,135,551.1620566235512,Noatak,408.11768
81340900070691,408.29350999999997,0.30159500000002026,160.156816,136,551.3675123180878,Noatak,408.29350999999997
81340900070701,408.40992,0.32627500000000964,233.204385,134,551.5524780102259,Noatak,408.40992
81340900070711,408.70313999999996,0.4131800000000112,166.9671055,138,551.7505480285179,Noatak,408.70313999999996
81340900070721,408.82705,0.3731000000000222,120.6552,133,551.9764828842333,Noatak,408.82705
81340900080011,409.36962500000004,0.297634999999957,290.70127549999995,132,552.172102318915,Noatak,409.36962500000004
81340900080021,409.37346,0.3528049999999894,124.2555055,120,552.3593780905328,Noatak,409.37346
81340900080031,409.37967,0.4136399999999867,104.720576,119,552.554401372422,Noatak,409.37967
81340900080041,409.56395499999996,0.41909499999999866,85.354353,120,552.7460005705058,Noatak,409.56395499999996
81340900080051,409.7737,0.44446999999996706,145.498856,127,552.938575136019,Noatak,409.7737
81340900080061,410.271435,0.27090499999999906,239.438241,122,553.1403141410839,Noatak,410.271435
81340900080071,410.60616,0.18700999999998658,237.972547,121,553.356639769439,Noatak,410.60616
81340900080081,410.74298,0.29095000000000937,189.453957,127,553.5613072118388,Noatak,410.74298
81340900080091,411.13348,0.3170900000000074,280.443392,125,553.7504124947739,Noatak,411.13348
81340900080101,411.574445,0.3083599999999933,201.24273349999999,128,553.9406301765279,Noatak,411.574445
81340900080111,411.86567,0.272829999999999,219.00342,129,554.1467111856279,Noatak,411.86567
81340900080121,412.00736500000005,0.257914999999997,227.744728,130,554.3538328267666,Noatak,412.00736500000005
81340900080131,412.24794499999996,0.25142999999999915,244.692721,132,554.5492158821195,Noatak,412.24794499999996
81340900080141,412.49723,0.2580199999999877,140.789137,131,554.7385319759992,Noatak,412.49723
81340900080151,412.73143500000003,0.32375500000000557,201.7712225,134,554.9349315666225,Noatak,412.73143500000003
81340900080161,412.774,0.2894850000000133,245.7073545,132,555.1398350605601,Noatak,412.774
81340900080171,413.11260500000003,0.31309000000001674,246.3821375,136,555.3477977386757,Noatak,413.11260500000003
81340900080181,413.47604,0.3492899999999963,226.870846,135,555.5361654464738,Noatak,413.47604
81340900080191,413.86494500000003,0.3067400000000191,150.66193650000002,136,555.7386791131026,Noatak,413.86494500000003
81340900080201,414.07705,0.25362499999999955,216.6089015,136,555.9411927260345,Noatak,414.07705
81340900080211,414.38839,0.23145999999997002,210.339502,135,556.1313774885156,Noatak,414.38839
81340900080221,414.67783,0.2237400000000207,163.124997,135,556.3401744993294,Noatak,414.67783
81340900080231,414.79441,0.2458400000000438,148.521762,135,556.5331901985436,Noatak,414.79441
81340900080241,414.96491,0.2833500000000413,119.697991,131,556.7381975300523,Noatak,414.96491
81340900080251,415.18183,0.23870499999998174,161.171139,136,556.939770727172,Noatak,415.18183
81340900080261,415.40896,0.2731099999999742,146.373055,133,557.1225078250275,Noatak,415.40896
81340900080271,415.5407,0.27603999999999473,110.110635,134,557.3313284222914,Noatak,415.5407
81340900080281,415.83680000000004,0.30748000000005504,131.594057,130,557.5387404975129,Noatak,415.83680000000004
81340900080291,416.00023,0.3173500000000331,99.62128,127,557.734667588374,Noatak,416.00023
81340900080301,416.10781,0.34752999999994927,110.189354,127,557.9216366135656,Noatak,416.10781
81340900080311,416.12665,0.37214999999997644,73.012386,131,558.1188480943765,Noatak,416.12665
81340900080321,416.53595,0.3847799999999779,124.774041,133,558.3385573740997,Noatak,416.53595
81340900080331,417.03728,0.3396149999999807,85.6058455,138,558.5405853858887,Noatak,417.03728
81340900080341,417.35924,0.35098500000000854,55.280163,136,558.7400828017221,Noatak,417.35924
81340900080351,417.8687,0.2570599999999672,199.931546,135,558.940736008456,Noatak,417.8687
81340900080361,418.1694,0.36932999999999083,124.10331,129,559.136920265199,Noatak,418.1694
81340900080371,418.49444,0.304930000000013,150.543731,131,559.3299668184453,Noatak,418.49444
81340900080381,418.7835,0.3055299999999761,113.012127,129,559.5302770979179,Noatak,418.7835
81340900080391,419.30850499999997,0.24934499999997684,166.649012,130,559.7336424672337,Noatak,419.30850499999997
81340900080401,419.40076999999997,0.2582400000000007,90.14861400000001,132,559.9228946106184,Noatak,419.40076999999997
81340900080411,419.90726500000005,0.26857499999999845,87.3574035,132,560.1222148681693,Noatak,419.90726500000005
81340900080421,420.11333,0.23944000000000187,133.003395,129,560.3195825938767,Noatak,420.11333
81340900080431,420.72008,0.29568999999997914,123.431002,123,560.5224927112583,Noatak,420.72008
81340900080441,421.34599,0.3039099999999735,161.862883,117,560.7269428528091,Noatak,421.34599
81340900080451,421.76698,0.40701000000001386,116.071766,123,560.929151917702,Noatak,421.76698
81340900080461,421.94586,0.34514999999998963,119.850267,117,561.1288672910164,Noatak,421.94586
81340900080471,422.81657,0.2712799999999902,166.6920005,114,561.3238885344834,Noatak,422.81657
81340900080481,423.21724,0.30262500000000614,165.3992685,118,561.5131666666797,Noatak,423.21724
81340900080491,423.53226,0.2755000000000223,106.894943,111,561.7139110777981,Noatak,423.53226
81340900080501,423.99229,0.17763000000002194,224.401456,111,561.9203984698161,Noatak,423.99229
81340900080511,425.99049,0.7245700000000284,213.65064,33,562.1180989263544,Noatak,425.24052
81340900080521,425.25615,0.16510999999999854,236.9294795,104,562.3289226214996,Noatak,425.25615
81340900080531,425.24052,0.24187999999998056,359.774279,97,562.5253033112525,Noatak,425.51715
81340900080541,425.53426,0.2508449999999698,92.907066,92,562.7136631506878,Noatak,425.53426
81340900080551,425.51715,0.2941099999999892,38.8052045,86,562.9131317756676,Noatak,425.68581
81340900080561,425.93833,0.4201699999999846,36.8006505,64,563.1132114513841,Noatak,425.75158999999996
81340900080571,426.63705,0.10636999999996988,86.467204,53,563.3196862170648,Noatak,425.93833
81340900080581,425.75158999999996,0.24060999999997534,162.9809785,94,563.524472179975,Noatak,425.99049
81340900080591,425.68581,0.21222999999997683,216.019786,101,563.7133890973238,Noatak,426.0305
81340900080601,426.0305,0.31159999999999854,106.799688,103,563.9140636306967,Noatak,426.3209
81340900080611,426.3209,0.19914999999997463,127.093361,115,564.1185474612331,Noatak,426.63705
81340900080621,426.66155000000003,0.21176499999995713,147.9439615,104,564.3144048658158,Noatak,426.66155000000003
81340900080631,426.93226,0.24661000000003241,148.468432,101,564.5079058431822,Noatak,426.93226
81340900080641,427.04312,0.32058000000000675,145.5722,107,564.7101466221566,Noatak,427.04312
81340900080651,427.39253,0.34385000000003174,104.296194,117,564.9301064098283,Noatak,427.39253
81340900090011,427.54103,0.3224299999999971,121.402882,126,565.1338730784489,Noatak,427.54103
81340900090021,427.96954500000004,0.27461999999999875,124.7341585,134,565.3152053140685,Noatak,427.96954500000004
81340900090031,428.287,0.3006599999999935,209.550277,123,565.5005720735063,Noatak,428.287
81340900090041,428.49069,0.35190000000000055,115.916588,115,565.7076732333219,Noatak,428.49069
81340900090051,429.03644499999996,0.28922000000000025,202.599898,124,565.9113342208308,Noatak,429.03644499999996
81340900090061,429.38881,0.299350000000004,145.784031,125,566.1139171695299,Noatak,429.38881
81340900090071,429.652715,0.2670850000000087,151.937615,128,566.3182174747551,Noatak,429.652715
81340900090081,429.86192,0.2615700000000061,129.931256,131,566.5162209166914,Noatak,429.86192
81340900090091,430.16900999999996,0.24658999999996922,135.366775,134,566.7216730204146,Noatak,430.16900999999996
81340900090101,430.39129,0.3094200000000171,138.4802655,134,566.9096269965023,Noatak,430.39129
81340900090111,430.53828,0.2970100000000002,103.058083,133,567.1076360559036,Noatak,430.53828
81340900090121,430.60674,0.34897000000000844,93.757375,131,567.3165541083997,Noatak,430.601385
81340900090131,430.601385,0.35805500000000734,73.448509,126,567.5221140020932,Noatak,430.60674
81340900090141,431.20147,0.2734399999999937,102.416045,121,567.7198134050522,Noatak,431.20147
81340900090151,431.6085,0.25355000000001837,108.749393,121,567.9080570099409,Noatak,431.6085
81340900090161,431.8788,0.21352999999999156,133.551582,127,568.1060168766854,Noatak,431.8788
81340900090171,432.1575,0.29838000000000875,101.195775,133,568.3168998968865,Noatak,432.1575
81340900090181,432.44619,0.21638999999998987,109.3495415,138,568.5198166533132,Noatak,432.44619
81340900090191,432.76741000000004,0.2777650000000449,88.47744399999999,138,568.718231340153,Noatak,432.76741000000004
81340900090201,433.299235,0.26129000000000246,140.284533,138,568.9189108065884,Noatak,433.299235
81340900090211,433.59248,0.3214900000000398,117.189989,138,569.1128038767989,Noatak,433.59248
81340900090221,433.89029,0.30714000000000397,102.723946,139,569.3154959898997,Noatak,433.89029
81340900090231,434.1828,0.28223000000002685,130.310559,139,569.5118688822827,Noatak,434.1828
81340900090241,434.567855,0.31378499999999576,112.54820050000001,140,569.7174337063726,Noatak,434.567855
81340900090251,435.04008,0.2716699999999719,127.790483,139,569.9269392761094,Noatak,435.04008
81340900090261,435.267245,0.3137049999999988,79.536472,142,570.1241550236778,Noatak,435.267245
81340900090271,435.408005,0.3069250000000068,73.64713499999999,142,570.3257632383954,Noatak,435.408005
81340900090281,435.79443,0.355419999999981,89.46136,141,570.5269160464476,Noatak,435.79443
81340900090291,436.14041,0.26979999999997517,122.151879,139,570.7208855492819,Noatak,436.14041
81340900090301,436.93108,0.2625549999999919,158.5696365,140,570.917897477934,Noatak,436.93108
81340900090311,437.24678,0.28593000000000757,122.699006,137,571.127337661719,Noatak,437.24678
81340900090321,437.31839,0.35540000000003147,82.638345,133,571.3279418485017,Noatak,437.31839
81340900090331,437.85603000000003,0.36933500000003505,121.1033595,142,571.514961815443,Noatak,437.85603000000003
81340900090341,438.38,0.30403000000001157,117.335147,141,571.7172832067556,Noatak,438.38
81340900090351,438.78147,0.25621000000001004,143.17722,141,571.9148385641214,Noatak,438.78147
81340900090361,439.32213,0.23300999999997885,137.709448,137,572.1172340580968,Noatak,439.32213
81340900090371,439.759135,0.2623050000000262,182.6637945,132,572.3313967900458,Noatak,439.759135
81340900090381,440.34361,0.26400999999998476,191.968458,129,572.5202394208443,Noatak,440.34361
81340900090391,440.46584,0.27145000000001573,108.034603,125,572.7038034691479,Noatak,440.46584
81340900090401,440.55795,0.3156099999999924,98.4404385,114,572.9048653406736,Noatak,440.55795
81340900090411,440.67958,0.3189649999999915,83.7201915,108,573.1203972267739,Noatak,440.67958
81340900090421,441.41065,0.325300000000027,178.560368,107,573.3233123484974,Noatak,441.41065
81340900090431,441.832655,0.25129000000001156,128.430981,108,573.5128252226936,Noatak,441.832655
81340900090441,442.00515,0.2681100000000356,118.822964,113,573.7061693628983,Noatak,442.00515
81340900090451,442.54636,0.27879000000001497,99.380353,117,573.9179046386439,Noatak,442.54636
81340900090461,442.68655,0.27883000000002767,91.014896,115,574.1226382135592,Noatak,442.68655
81340900090471,442.96376,0.3664999999999736,52.190979,113,574.3226470731892,Noatak,442.96376
81340900090481,443.25522,0.39107000000001335,139.6254,113,574.5223587243444,Noatak,443.25522
81340900090491,443.6714,0.34874999999999545,156.143441,113,574.7089219648951,Noatak,443.6714
81340900090501,444.419825,0.28721500000000333,172.061656,104,574.9177882080409,Noatak,444.419825
81340900090511,444.81927,0.28245000000003984,137.735596,101,575.1255746744595,Noatak,444.81927
81340900090521,444.96191,0.2556199999999649,85.269608,89,575.3269536949002,Noatak,444.96191
81340900090531,445.15184,0.2881100000000174,113.703879,83,575.5266977461265,Noatak,445.15184
81340900090541,445.519745,0.31766999999999257,152.68385849999999,82,575.7261445564122,Noatak,445.519745
81340900090551,446.09849,0.364400000000046,148.388017,83,575.9258884200622,Noatak,446.09849
81340900090561,446.54819,0.29861999999997124,169.349492,82,576.1225835828384,Noatak,446.54819
81340900090571,447.104745,0.3100550000000055,178.617112,82,576.3278402049091,Noatak,447.104745
81340900090581,447.90458,0.26776000000000977,165.272303,87,576.5247905151248,Noatak,447.90458
81340900090591,448.49303,0.38047000000000253,120.843139,81,576.7255746871099,Noatak,448.48076
81340900090601,448.50973,0.4691700000000196,79.111709,83,576.9232710123434,Noatak,448.49303
81340900090611,448.48076,0.4066799999999944,90.15598,89,577.104631542311,Noatak,448.50973
81340900090621,448.79488,0.4591200000000413,105.849836,93,577.2963037658991,Noatak,448.79488
81340900090631,449.06032,0.4885400000000004,101.72947,105,577.5156839804058,Noatak,449.06032
81340900090641,449.39207,0.3785100000000057,127.595459,106,577.7314958306569,Noatak,449.39207
81340900090651,449.85105,0.33587499999998727,78.3149785,104,577.9349011454765,Noatak,449.85105
81340900090661,450.10803,0.3918700000000399,73.59489,99,578.1307045189604,Noatak,450.10803
81340900090671,450.46831499999996,0.29066999999997734,89.84394900000001,94,578.3168641803413,Noatak,450.46831499999996
81340900090681,451.17505,0.22804000000002134,124.6365785,90,578.5104049877252,Noatak,451.17505
81340900090691,451.874975,0.2135550000000137,112.343816,84,578.7154824595268,Noatak,451.874975
81340900090701,452.492895,0.30205000000000837,98.024149,72,578.9143344384336,Noatak,452.492895
81340900090711,452.96441,0.3860300000000052,93.865079,81,579.1060424016009,Noatak,452.96441
81340900090721,453.28819999999996,0.331310000000002,83.220195,92,579.3135759042135,Noatak,453.28819999999996
81340900090731,453.77067,0.2767599999999675,156.524369,91,579.5068727844667,Noatak,453.77067
81340900090741,454.36753,0.2825199999999768,123.67836,77,579.7154157471205,Noatak,454.36753
81340900090751,454.93183,0.28345999999999094,204.353487,77,579.9342380667753,Noatak,454.93183
81340900090761,455.18382,0.3702599999999734,148.505533,91,580.1213943007592,Noatak,455.18382
81340900090771,455.25006,0.3539299999999912,155.025835,81,580.3107902509983,Noatak,455.25006
81340900090781,455.61510499999997,0.29299499999996215,130.27279349999998,90,580.5175076848199,Noatak,455.61510499999997
81340900090791,455.90179,0.36151000000000977,131.48563,99,580.7322276297177,Noatak,455.90179
81340900090801,455.99081,0.3704299999999989,84.32587,103,580.9367160509659,Noatak,455.99081
81340900090811,456.11359,0.29003499999998894,128.09873149999999,104,581.1239670650291,Noatak,456.11359
81340900090821,456.66484,0.31191999999998643,98.3265395,102,581.3253903957738,Noatak,456.66484
81340900090831,456.82226,0.33634000000000697,163.708005,101,581.5299057643939,Noatak,456.82226
81340900090841,457.03282,0.3799799999999891,139.518165,101,581.7287573204179,Noatak,457.03282
81340900090851,457.33596,0.4150200000000268,93.49128,95,581.9471655913025,Noatak,457.33596
81340900100011,457.39292,0.42372999999997774,113.80238,131,582.137464738723,Noatak,457.39292
81340900100021,457.41245,0.3981399999999553,104.226765,127,582.3226497020746,Noatak,457.41245
81340900100031,457.67516,0.307060000000007,129.1741305,126,582.5347878082665,Noatak,457.67516
81340900100041,457.96287,0.2979699999999639,165.299459,123,582.73132738712,Noatak,457.96287
81340900100051,458.35965999999996,0.2959399999999732,149.8056355,130,582.9281640039192,Noatak,458.35965999999996
81340900100061,458.69829500000003,0.26777000000001294,185.3112075,136,583.1250005332241,Noatak,458.69829500000003
81340900100071,458.9551,0.2867899999999963,143.355041,142,583.3158157849167,Noatak,458.9551
81340900100081,459.06659,0.2972899999999754,116.592778,143,583.5196601782351,Noatak,459.06659
81340900100091,459.23877500000003,0.30839500000004705,72.19676150000001,136,583.7165360308767,Noatak,459.227945
81340900100101,459.227945,0.3541699999999821,45.599191000000005,128,583.9090580952792,Noatak,459.23877500000003
81340900100111,459.30426,0.4009800000000041,76.673872,135,584.1037764893896,Noatak,459.287465
81340900100121,459.287465,0.3216899999999896,121.93573649999999,142,584.2992823566456,Noatak,459.30426
81340900100131,459.45931,0.3319200000000251,148.552674,141,584.4998574664154,Noatak,459.45931
81340900100141,459.61362,0.2974500000000262,180.903425,143,584.7126778141471,Noatak,459.61362
81340900100151,459.9302,0.2554799999999773,197.107113,137,584.9143370030813,Noatak,459.9302
81340900100161,460.14251,0.2637450000000001,152.48557,134,585.0972678686945,Noatak,460.14251
81340900100171,460.309385,0.27152500000002533,125.39974050000001,132,585.298328151028,Noatak,460.309385
81340900100181,460.38047,0.24864000000002306,151.209884,137,585.505045131022,Noatak,460.38047
81340900100191,460.47839,0.2990300000000161,141.463756,139,585.7044147326812,Noatak,460.47839
81340900100201,460.67777,0.3872700000000009,146.00083,137,585.9080339116999,Noatak,460.67777
81340900100211,460.71862,0.35481999999996106,122.118545,143,586.10506382063,Noatak,460.71862
81340900100221,460.811275,0.37719999999998777,110.6338165,144,586.2960272297237,Noatak,460.811275
81340900100231,460.91596,0.3787399999999934,128.524988,145,586.5076113066499,Noatak,460.91596
81340900100241,460.98046,0.37547499999999445,192.899811,144,586.7154634914705,Noatak,460.98046
81340900100251,461.05996000000005,0.3252200000000016,224.3022055,146,586.9009448066754,Noatak,461.05996000000005
81340900100261,461.54727,0.3439800000000446,163.179793,137,587.0963674998031,Noatak,461.44494999999995
81340900100271,461.46583,0.3674599999999941,107.817254,145,587.3096297931432,Noatak,461.46583
81340900100281,461.44494999999995,0.38304499999998143,97.3850415,146,587.5203984837927,Noatak,461.54727
81340900100291,461.7746,0.30119999999999436,242.269985,145,587.7076208280032,Noatak,461.7746
81340900100301,462.033045,0.33277499999999804,223.6883645,142,587.9071713724751,Noatak,461.90143
81340900100311,461.95302,0.3367200000000139,225.06998,145,588.1080418670983,Noatak,461.95302
81340900100321,461.90143,0.31609500000001844,189.328339,140,588.2935069972273,Noatak,462.033045
81340900100331,462.14858,0.4076600000000212,148.327974,139,588.4936702488724,Noatak,462.14858
81340900100341,462.20279,0.41478999999998223,124.0662575,136,588.7041756917046,Noatak,462.20279
81340900100351,462.244125,0.37530499999999734,159.7569025,138,588.9046666600855,Noatak,462.244125
81340900100361,462.49407,0.3971000000000231,99.163278,105,589.0997391205883,Noatak,462.49407
81340900100371,462.57169,0.33944999999999936,116.566228,137,589.2959673109365,Noatak,462.57169
81340900100381,462.657125,0.2993099999999913,141.71565950000002,138,589.4866326485452,Noatak,462.657125
81340900100391,462.81057,0.2708099999999831,129.824902,134,589.6850429837589,Noatak,462.81057
81340900100401,463.07627,0.31916000000001077,117.785951,135,589.8996132106917,Noatak,463.07627
81340900100411,463.55741,0.3140300000000025,207.61189,133,590.1038297492325,Noatak,463.55741
81340900100421,463.62881,0.2907700000000091,153.090642,129,590.299476606767,Noatak,463.62881
81340900100431,463.91125,0.32492999999999483,146.387222,125,590.504686773331,Noatak,463.7576
81340900100441,463.7576,0.28662000000002763,130.905516,109,590.6883429257606,Noatak,463.91125
81340900100451,464.17848,0.3361600000000067,118.912905,125,590.879565446637,Noatak,464.17848
81340900100461,464.26989,0.33764499999998066,107.82211849999999,118,591.090481852034,Noatak,464.26989
81340900100471,464.33396500000003,0.3581850000000486,140.447271,128,591.2910446723147,Noatak,464.33396500000003
81340900100481,464.96091,0.3152200000000107,299.052537,123,591.4928352377883,Noatak,464.39607
81340900100491,464.50523,0.3095800000000395,201.167773,127,591.6999201800193,Noatak,464.499735
81340900100501,464.39607,0.4148999999999887,139.676858,129,591.8882366866893,Noatak,464.50523
81340900100511,464.499735,0.3733000000000004,126.1884185,114,592.0790854026294,Noatak,464.61837
81340900100521,464.61837,0.3269999999999982,133.870212,115,592.2931318851493,Noatak,464.85162
81340900100531,464.85162,0.33478999999999814,102.258605,115,592.4940282837198,Noatak,464.93593
81340900100541,464.93593,0.3349900000000048,78.640359,111,592.6917215592651,Noatak,464.96091
81340900100551,465.25501,0.34576000000004115,114.327064,119,592.8888204682207,Noatak,465.25501
81340900100561,465.33487,0.36988999999999805,106.591409,133,593.0809714846088,Noatak,465.28611
81340900100571,465.28611,0.3648499999999899,128.040396,141,593.2921881000613,Noatak,465.33487
81340900100581,465.47791,0.3378049999999746,168.894923,140,593.4936456808796,Noatak,465.47791
81340900100591,465.64388,0.36888000000004695,115.46358,141,593.6819985280333,Noatak,465.64388
81340900100601,465.81678,0.3442799999999693,140.895534,137,593.8768737856094,Noatak,465.81678
81340900100611,466.00943,0.3796600000000012,85.388791,133,594.0809130522898,Noatak,466.00943
81340900100621,466.05404,0.3539899999999818,85.26598999999999,134,594.2854313062122,Noatak,466.05404
81340900100631,466.18172,0.3586899999999673,135.41897,139,594.4890911614917,Noatak,466.18172
81340900100641,466.24095,0.33753999999998996,73.835923,139,594.6902965112346,Noatak,466.24095
81340900100651,466.340755,0.4120749999999873,98.8082655,134,594.8792496081057,Noatak,466.340755
81340900100661,466.39005,0.4442600000000141,126.80526449999999,132,595.0807067638327,Noatak,466.39005
81340900100671,466.57662,0.4059000000000026,135.93203699999998,134,595.2798850867049,Noatak,466.57662
81340900100681,466.60768,0.4480100000000107,216.185439,133,595.4793278156436,Noatak,466.60768
81340900100691,466.710135,0.44338999999999373,185.2250225,126,595.6834995167417,Noatak,466.710135
81340900100701,466.936635,0.41995500000001584,139.9853425,128,595.8703556307273,Noatak,466.936635
81340900100711,467.03544,0.4022500000000093,125.0311655,132,596.0714060717831,Noatak,467.03544
81340900100721,467.091365,0.42294999999998595,92.6530305,130,596.2730179644901,Noatak,467.091365
81340900100731,467.12814,0.4259699999999498,192.450696,137,596.4737653814733,Noatak,467.12814
81340900100741,467.270795,0.3842649999999992,146.9067125,138,596.6874416758484,Noatak,467.270795
81340900100751,467.456105,0.36218999999999824,119.862393,140,596.8884255800037,Noatak,467.456105
81340900100761,467.63251,0.4386000000000081,101.943415,139,597.087649044876,Noatak,467.63251
81340900100771,468.20472,0.4061399999999935,147.325699,139,597.2837846784373,Noatak,467.84941
81340900100781,468.66561,0.3108100000000036,271.531471,139,597.4812150138803,Noatak,467.98832
81340900100791,467.84941,0.3747399999999743,120.957056,141,597.6830709014378,Noatak,468.20472
81340900100801,467.98832,0.41218000000003485,142.083875,143,597.8719021118194,Noatak,468.20519
81340900100811,468.20519,0.413880000000006,195.322112,141,598.0439794214585,Noatak,468.33133
81340900100821,468.33133,0.37532999999996264,140.025349,137,598.2508325416076,Noatak,468.37728000000004
81340900100831,468.37728000000004,0.3719600000000014,159.6827605,136,598.4630519539388,Noatak,468.53487
81340900100841,468.53487,0.3982249999999965,111.05250000000001,136,598.6583784146105,Noatak,468.59630000000004
81340900100851,468.59630000000004,0.3194550000000618,158.099729,136,598.874250767539,Noatak,468.66561
81340900100861,468.7293,0.2827500000000214,284.439706,137,599.0716459403334,Noatak,468.7293
81340900100871,468.99710000000005,0.2580400000000225,190.427765,136,599.2706272454913,Noatak,468.99710000000005
81340900100881,469.213015,0.23168999999998618,156.0133255,132,599.4779822505292,Noatak,469.213015
81340900100891,469.34445,0.2895899999999756,98.538046,133,599.6869211574962,Noatak,469.34445
81340900110011,469.50350000000003,0.2533949999999834,174.55374849999998,134,599.8760274889429,Noatak,469.50350000000003
81340900110021,469.64862,0.1923400000000015,246.716713,137,600.0552569210433,Noatak,469.64862
81340900110031,469.72357,0.22427999999999315,128.967351,136,600.2623257923456,Noatak,469.72357
81340900110041,469.84144,0.27014000000002625,121.647782,139,600.4599476207472,Noatak,469.84144
81340900110051,469.849235,0.25225000000000364,203.68813,138,600.6594359921945,Noatak,469.849235
81340900110061,469.90432,0.24471500000001356,242.2287585,138,600.8769770080812,Noatak,469.90432
81340900110071,470.24484,0.25031000000001313,283.546067,139,601.0830075448937,Noatak,470.24484
81340900110081,470.50375,0.48827,169.474246,139,601.273368859208,Noatak,470.42231
81340900110091,470.42231,0.4183699999999817,70.943586,135,601.4754208963199,Noatak,470.49094
81340900110101,470.49094,0.3139700000000403,120.326235,137,601.6787325151772,Noatak,470.50375
81340900110111,470.65513,0.3135899999999765,139.576576,139,601.8812617100018,Noatak,470.65513
81340900110121,470.847535,0.30062999999998397,198.815679,136,602.0896757451632,Noatak,470.847535
81340900110131,471.07584,0.26491999999996096,208.428426,133,602.2875612045547,Noatak,471.07584
81340900110141,471.2566,0.24151999999997997,160.807354,133,602.4810973620167,Noatak,471.2566
81340900110151,471.39871,0.2909750000000031,152.928685,126,602.673362524667,Noatak,471.39871
81340900110161,471.60086,0.26576999999997497,125.275379,124,602.8736173704375,Noatak,471.60086
81340900110171,471.65165,0.30876999999998134,82.65101,121,603.0838180005719,Noatak,471.65165
81340900110181,471.71305,0.36341999999996233,115.594088,113,603.29317873311,Noatak,471.71305
81340900110191,471.83033,0.3411450000000116,220.34220299999998,118,603.4878782287368,Noatak,471.83033
81340900110201,472.029035,0.3036300000000267,173.7692145,126,603.6755662892491,Noatak,472.029035
81340900110211,472.258365,0.27362499999998136,203.78596299999998,114,603.8796992303858,Noatak,472.258365
81340900110221,472.391515,0.26441000000002646,163.16616399999998,110,604.0936875878779,Noatak,472.391515
81340900110231,472.62980500000003,0.30174500000003945,178.7406525,108,604.2998605301219,Noatak,472.62980500000003
81340900110241,472.82289000000003,0.233239999999995,198.609453,108,604.4903384118363,Noatak,472.82289000000003
81340900110251,472.97401,0.22419000000002143,150.809825,107,604.6908978924902,Noatak,472.97401
81340900110261,473.14367,0.22890999999998485,194.856466,105,604.8931294080448,Noatak,473.14367
81340900110271,473.41389,0.2646599999999921,217.938298,93,605.0960005642366,Noatak,473.41389
81340900110281,473.52646,0.24130999999999858,89.451902,87,605.2977158798733,Noatak,473.52646
81340900110291,473.70496,0.35107000000004973,118.137066,91,605.4957036757944,Noatak,473.70496
81340900110301,473.76401,0.3445199999999886,157.647834,107,605.6979022084631,Noatak,473.76401
81340900110311,474.018005,0.2963499999999897,99.16868600000001,106,605.9031615462269,Noatak,474.018005
81340900110321,474.03496,0.36295999999998685,219.574633,103,606.1062754221998,Noatak,474.03496
81340900110331,474.38946999999996,0.38846000000000913,250.1940695,112,606.3049653595886,Noatak,474.38946999999996
81340900110341,474.56655,0.3281599999999685,216.003923,109,606.5015960921389,Noatak,474.56655
81340900110351,474.70948,0.2827399999999898,128.182759,109,606.7009337162452,Noatak,474.70948
81340900110361,474.795415,0.3231949999999699,97.3794525,114,606.916051553938,Noatak,474.795415
81340900110371,475.02312,0.28714000000002216,123.805926,121,607.1189500080945,Noatak,475.02312
81340900110381,475.29219,0.25410999999996875,132.707651,121,607.3213628214622,Noatak,475.29219
81340900110391,475.371105,0.2450550000000078,137.16760699999998,126,607.5123883046294,Noatak,475.371105
81340900110401,475.5662,0.29802000000000817,104.459455,121,607.7107669954756,Noatak,475.5662
81340900110411,475.78191,0.2767699999999991,124.543485,125,607.9209124417156,Noatak,475.78191
81340900110421,476.0579,0.23332999999999515,149.9314325,124,608.1135883016868,Noatak,476.0579
81340900110431,476.20628,0.28307000000000926,100.398824,123,608.3207063330995,Noatak,476.20628
81340900110441,476.379845,0.26296000000002095,147.90540950000002,124,608.5296410680646,Noatak,476.379845
81340900110451,476.540115,0.2855949999999723,159.586511,124,608.7213874730254,Noatak,476.540115
81340900110461,476.86339,0.26254000000000133,260.54436,123,608.9100788269411,Noatak,476.86339
81340900110471,477.415995,0.21142000000000394,113.1886315,122,609.1135430484052,Noatak,477.294105
81340900110481,477.294105,0.3100900000000024,310.1214075,124,609.3289231725427,Noatak,477.415995
81340900110491,477.87375,0.48381999999998015,440.982311,125,609.5274713592419,Noatak,477.87375
81340900110501,478.1617,0.22108000000002903,249.085082,127,609.7215899145139,Noatak,477.94714
81340900110511,477.94714,0.32765000000000555,198.624227,127,609.9274383042822,Noatak,478.1617
81340900110521,478.235405,0.2444150000000036,216.51412299999998,126,610.1371546539672,Noatak,478.235405
81340900110531,478.58795,0.20139000000003193,249.0416275,126,610.3348766236386,Noatak,478.58795
81340900110541,478.76826,0.22037999999997737,176.53484,125,610.5350919438006,Noatak,478.76826
81340900110551,479.01248499999997,0.2478699999999776,169.09918850000003,126,610.7355715491225,Noatak,479.01248499999997
81340900110561,479.191615,0.23358999999999241,97.696346,122,610.9476698257821,Noatak,479.191615
81340900120011,479.40583,0.25971000000004096,145.741061,125,611.1523268452661,Noatak,479.40583
81340900120021,479.55792499999995,0.2979400000000112,98.7764115,124,611.3347319798153,Noatak,479.55792499999995
81340900120031,479.70981,0.21136000000001332,159.343201,125,611.5279302937126,Noatak,479.70981
81340900120041,480.05451,0.24505999999999517,225.2897815,126,611.7335940746369,Noatak,480.05451
81340900120051,480.35274000000004,0.22124500000001035,249.888755,124,611.9350471331137,Noatak,480.26819
81340900120061,480.26819,0.23711000000002969,204.367021,123,612.1269294166228,Noatak,480.35274000000004
81340900120071,480.60461,0.22217999999998028,241.676447,123,612.3232056771733,Noatak,480.60461
81340900120081,480.89326,0.2406700000000228,227.264466,125,612.5253209258616,Noatak,480.89326
81340900120091,481.15979,0.22543999999999187,272.395757,123,612.7164595854755,Noatak,481.15979
81340900120101,481.4359,0.21281499999997777,203.0763125,120,612.9074894091982,Noatak,481.4359
81340900120111,481.621445,0.25857500000000755,151.156033,122,613.1142671742479,Noatak,481.621445
81340900120121,481.75089,0.2554550000000404,89.8157445,118,613.3189306433891,Noatak,481.75089
81340900120131,482.09479,0.21505999999999403,328.5697795,120,613.5233966118815,Noatak,482.09479
81340900120141,482.39612,0.1473799999999983,508.674374,123,613.7130967144066,Noatak,482.39612
81340900120151,482.70244,0.13379000000003316,295.79441,125,613.911711251337,Noatak,482.70244
81340900120161,483.01817,0.13441999999997734,551.162073,125,614.1136550990675,Noatak,483.01817
81340900120171,483.087395,0.1543749999999875,336.74265449999996,124,614.3052359291191,Noatak,483.087395
81340900120181,483.42778,0.1942549999999983,160.52686799999998,124,614.4993863026123,Noatak,483.42778
81340900120191,483.484815,0.1385999999999683,367.80725800000005,120,614.6947358470297,Noatak,483.484815
81340900120201,483.83659,0.17963499999999044,425.7411525,118,614.9034542073841,Noatak,483.83659
81340900120211,484.28396499999997,0.23242999999996528,217.34045500000002,118,615.1079618177039,Noatak,484.28396499999997
81340900120221,484.382565,0.19089999999999918,358.744898,118,615.3043519275135,Noatak,484.382565
81340900120231,484.69584,0.17703000000000202,595.176547,122,615.4982486122615,Noatak,484.69584
81340900120241,485.13133500000004,0.1498250000000212,488.68044199999997,118,615.6921452986509,Noatak,485.13133500000004
81340900120251,485.30832999999996,0.24705500000004577,203.3253765,118,615.9007811689341,Noatak,485.30832999999996
81340900120261,485.65015500000004,0.2366100000000131,395.02171599999997,118,616.1058830247545,Noatak,485.65015500000004
81340900120271,486.08101,0.20583999999999492,493.4425915,122,616.2974014647916,Noatak,486.08101
81340900120281,486.383685,0.2681450000000325,168.7181945,108,616.4976983725145,Noatak,486.383685
81340900120291,486.45369,0.22451999999998407,165.889255,121,616.6891012457572,Noatak,486.45369
81340900120301,486.7463,0.21853000000004386,171.006125,117,616.8803818245973,Noatak,486.7463
81340900120311,487.00362,0.25934499999999616,174.87449450000003,114,617.0808261705097,Noatak,487.00362
81340900120321,487.21096,0.25818000000001007,146.43678749999998,106,617.2732532030082,Noatak,487.21096
81340900120331,487.46359,0.21143999999998186,162.260364,105,617.4826547803875,Noatak,487.46359
81340900120341,487.712095,0.24183999999999628,221.464563,116,617.6885442780822,Noatak,487.712095
81340900120351,487.86253,0.289670000000001,176.700114,115,617.8746133542173,Noatak,487.86253
81340900120361,488.04339,0.24004499999998075,60.5969825,108,618.0720366733179,Noatak,488.04339
81340900120371,488.87031,0.31508999999999787,73.483361,103,618.2730763504992,Noatak,488.320205
81340900120381,488.320205,0.313430000000011,88.6915055,112,618.4647760349434,Noatak,488.45004
81340900120391,488.45004,0.2686400000000049,265.8297965,104,618.665744994206,Noatak,488.87031
81340900120401,489.09020499999997,0.2653500000000122,172.96437350000002,114,618.8745302974005,Noatak,489.09020499999997
81340900120411,489.34965,0.17808999999999742,249.081902,113,619.0689441451839,Noatak,489.34965
81340900120421,489.85413,0.23651499999999714,364.128833,116,619.2633578825372,Noatak,489.85413
81340900120431,490.27196,0.17871999999999844,419.7978,117,619.4570466368598,Noatak,490.27196
81340900120441,490.72975,0.2664999999999509,318.671231,119,619.6542360113489,Noatak,490.72975
81340900120451,490.90932499999997,0.2726949999999988,151.84402849999998,120,619.8563936726393,Noatak,490.90932499999997
81340900120461,491.06195,0.21479999999996835,133.197326,119,620.0476138551958,Noatak,491.06195
81340900120471,491.26489000000004,0.19085999999998648,151.435698,122,620.2551085732091,Noatak,491.26489000000004
81340900120481,491.67404,0.2624200000000201,214.211055,119,620.45566872238,Noatak,491.67404
81340900120491,491.82048,0.19905999999997448,143.608471,98,620.6546607605378,Noatak,491.82048
81340900120501,492.14754500000004,0.2216850000000079,147.0072715,100,620.8656405792243,Noatak,492.14754500000004
81340900120511,492.78458,0.3909349999999847,153.4479725,96,621.0588590387077,Noatak,492.78458
81340900120521,492.82971,0.30590999999998303,185.376283,91,621.2415753295581,Noatak,492.82971
81340900120531,493.707745,0.4086900000000071,226.40231599999998,90,621.4438811500304,Noatak,493.190425
81340900120541,493.190425,0.22354500000002986,154.4363395,88,621.6479042819147,Noatak,493.37210000000005
81340900120551,493.37210000000005,0.19558000000000675,99.8433715,88,621.835508072564,Noatak,493.47130500000003
81340900120561,493.47130500000003,0.23977500000000873,83.0325835,82,622.0381602176443,Noatak,493.67951
81340900120571,493.67951,0.22037999999997737,100.363997,83,622.2599109494505,Noatak,493.707745
81340900130011,493.94578,0.23029999999999973,133.79139,87,622.4504539811204,Noatak,493.94578
81340900130021,494.247325,0.22733500000001072,103.3998335,88,622.6302041921127,Noatak,494.247325
81340900130031,494.49018,0.22987000000000535,124.045664,87,622.8329675836711,Noatak,494.49018
81340900130041,494.834545,0.2894250000000227,96.33068650000001,86,623.0309590397103,Noatak,494.834545
81340900130051,495.105855,0.21650500000001216,88.35706400000001,88,623.2370999369208,Noatak,495.105855
81340900130061,495.35324,0.2571199999999578,102.112032,86,623.4379894845423,Noatak,495.35324
81340900130071,495.70387,0.20868999999999005,212.289399,83,623.6404384786679,Noatak,495.70387
81340900130081,496.09267,0.18954000000002225,145.172277,83,623.8481777199518,Noatak,496.09267
81340900130091,496.39525,0.20613999999994803,84.640563,83,624.0429269132575,Noatak,496.39525
81340900130101,496.46324,0.21387999999996055,99.153408,81,624.2323857261005,Noatak,496.46324
81340900130111,496.743265,0.2492550000000051,114.9011645,82,624.432713431363,Noatak,496.743265
81340900130121,496.938265,0.14653999999998746,111.9780155,84,624.639151041028,Noatak,496.938265
81340900130131,497.13833,0.19004999999998518,130.722519,89,624.8293967165088,Noatak,497.13833
81340900130141,497.30232,0.23302000000001044,125.662004,93,625.0273802355651,Noatak,497.30232
81340900130151,497.81589,0.2287099999999782,156.177038,92,625.2250993785593,Noatak,497.81589
81340900130161,498.10611,0.2308749999999975,112.2100195,94,625.4225275104408,Noatak,498.10611
81340900130171,498.34946,0.2450149999999951,101.0647615,90,625.6268196342205,Noatak,498.34946
81340900130181,498.67644,0.24578000000002476,89.887084,89,625.8298741540052,Noatak,498.67644
81340900130191,499.21855,0.20762999999999465,104.207531,87,626.0331482659208,Noatak,499.21855
81340900130201,499.60968,0.22709000000003243,111.936654,83,626.225793051866,Noatak,499.60968
81340900130211,499.81979,0.2169399999999655,86.464029,87,626.4224507513604,Noatak,499.81979
81340900130221,500.0614,0.31711000000001377,55.412992,93,626.6241335058238,Noatak,500.0614
81340900130231,500.29949999999997,0.23208999999999946,94.9059455,92,626.8146432525526,Noatak,500.29949999999997
81340900130241,500.55758000000003,0.24922000000003663,163.81293449999998,92,627.0154558379543,Noatak,500.55758000000003
81340900130251,501.15686,0.21417999999999893,318.785128,97,627.2169063286449,Noatak,501.15686
81340900130261,501.61114,0.19978499999996302,212.505442,98,627.4090419186188,Noatak,501.61114
81340900130271,501.78123,0.25340999999997393,100.144468,85,627.6107540212249,Noatak,501.76172
81340900130281,502.17503,0.20233499999997662,92.19810100000001,86,627.8103073855235,Noatak,501.78123
81340900130291,501.76172,0.23514000000000124,159.899045,99,628.0149905557755,Noatak,501.91112
81340900130301,501.91112,0.27394499999996924,209.260348,98,628.211863256495,Noatak,502.17503
81340900130311,502.34864,0.20236500000001456,184.23014799999999,100,628.4110531570551,Noatak,502.34864
81340900130321,502.61486,0.16342000000003054,164.891886,99,628.6113535161988,Noatak,502.61486
81340900130331,502.835545,0.20303499999999985,132.2989735,100,628.8093692223451,Noatak,502.835545
81340900130341,503.19413,0.16093000000000757,185.823959,101,629.0073848284466,Noatak,503.19413
81340900130351,503.550275,0.19302500000000578,201.10155,104,629.2048060590836,Noatak,503.550275
81340900130361,503.90895,0.24455000000000382,184.733353,103,629.3950505428994,Noatak,503.90895
81340900130371,504.51089,0.18115000000000236,243.23328750000002,98,629.5901779918097,Noatak,504.51089
81340900130381,504.55242,0.18683999999996104,110.118263,97,629.8059568567772,Noatak,504.55242
81340900130391,504.69596,0.23624999999998408,116.306913,99,629.9970838414989,Noatak,504.69596
81340900130401,505.15162,0.18193999999999733,187.359787,99,630.1953657062741,Noatak,505.15162
81340900130411,505.47773,0.21210000000002083,156.4907355,92,630.3957436400136,Noatak,505.47773
81340900130421,505.7887,0.26704999999998336,74.995293,85,630.5985036563388,Noatak,505.7887
81340900130431,506.01367,0.31340000000000146,105.525678,85,630.803338525871,Noatak,506.01367
81340900130441,506.24672,0.2843000000000018,84.4633225,76,630.993764546242,Noatak,506.24672
81340900130451,506.959945,0.2817349999999976,152.095955,76,631.1937926954411,Noatak,506.64518
81340900130461,506.64518,0.3010400000000004,115.211457,87,631.3909966240823,Noatak,506.959945
81340900130471,506.99821499999996,0.25779499999998734,117.60965250000001,88,631.5936407912545,Noatak,506.99821499999996
81340900130481,507.35479,0.18099999999995475,229.088966,88,631.7949807911442,Noatak,507.35479
81340900130491,507.51627,0.15324000000003934,133.925174,87,631.9838867632483,Noatak,507.51627
81340900130501,507.60159999999996,0.19952499999999418,99.5052785,92,632.1838823854864,Noatak,507.60159999999996
81340900130511,507.64578500000005,0.23770000000004643,66.452574,96,632.3927778701144,Noatak,507.64578500000005
81340900130521,507.743115,0.24000499999999647,84.1175205,92,632.5921748927319,Noatak,507.743115
81340900140011,507.76773,0.21222999999997683,141.619652,101,632.7685272461434,Noatak,507.75894
81340900140021,507.75894,0.2287200000000098,108.315471,95,632.956127945899,Noatak,507.76773
81340900140031,508.09142,0.3564199999999573,127.275401,91,633.162855828064,Noatak,508.0262
81340900140041,508.0262,0.3125299999999811,124.643073,93,633.356479566116,Noatak,508.03830500000004
81340900140051,508.03830500000004,0.25160999999999945,93.78165050000001,90,633.5505547768664,Noatak,508.09142
81340900140061,508.20599500000003,0.29716000000004783,98.58939699999999,92,633.7537938628794,Noatak,508.20599500000003
81340900140071,508.32554,0.2596900000000346,124.03731,95,633.9521930575887,Noatak,508.32554
81340900140081,508.411,0.22843000000000302,98.883003,95,634.1542352186964,Noatak,508.411
81340900140091,508.44226,0.23055999999996857,90.878183,101,634.3551216091957,Noatak,508.44226
81340900140101,508.51628,0.24819000000002234,122.601083,101,634.5548522409977,Noatak,508.51628
81340900140111,508.78548,0.3017600000000016,92.51054,99,634.7606492632802,Noatak,508.78548
81340900140121,508.8789,0.30297000000001617,76.731837,89,634.9523016043375,Noatak,508.85859
81340900140131,508.85859,0.3182899999999904,94.45278,99,635.1543435336129,Noatak,508.8789
81340900140141,508.980015,0.3286849999999788,99.1249,88,635.3583997169804,Noatak,508.980015
81340900140151,509.02477,0.30436000000000263,84.12979250000001,90,635.549731305839,Noatak,509.01408
81340900140161,509.01408,0.26285000000001446,87.757133,93,635.7419214099297,Noatak,509.02477
81340900140171,509.08731,0.26985000000001946,178.342963,93,635.9404023590143,Noatak,509.08731
81340900140181,509.37071000000003,0.1930200000000184,306.23965150000004,92,636.1343769502585,Noatak,509.37071000000003
81340900140191,509.48851,0.21618000000000848,268.755426,89,636.3325617104273,Noatak,509.48851
81340900140201,509.60723,0.19301999999998998,132.068329,93,636.5462270867093,Noatak,509.60723
81340900140211,509.74542499999995,0.2205500000000029,120.78814650000001,92,636.7442066936954,Noatak,509.74542499999995
81340900140221,509.764705,0.23671500000000378,111.6081985,88,636.9424832963051,Noatak,509.764705
81340900140231,509.893465,0.21236500000000547,101.92285749999999,86,637.156357166235,Noatak,509.893465
81340900140241,509.95346,0.2196999999999889,97.052788,89,637.3531806705937,Noatak,509.92828
81340900140251,509.92828,0.2160299999999893,90.730725,91,637.549706929157,Noatak,509.93707
81340900140261,509.93707,0.26976999999999407,81.997389,91,637.7499973986925,Noatak,509.95346
81340900140271,510.08566,0.2766799999999989,96.445992,91,637.9532996953119,Noatak,510.08566
81340900140281,510.15077499999995,0.26143499999997744,75.69094899999999,90,638.1434154731598,Noatak,510.15077499999995
81340900140291,510.18709,0.24044000000003507,55.496033,95,638.3428532881514,Noatak,510.18709
81340900140301,510.25603,0.2591099999999642,106.260079,95,638.5537604133357,Noatak,510.25603
81340900140311,510.45742,0.21647999999999,174.135642,95,638.7523336956727,Noatak,510.45742
81340900140321,510.83236999999997,0.18313000000000557,236.65642200000002,94,638.9531033477924,Noatak,510.83236999999997
81340900140331,511.06322,0.31283500000000686,179.929862,94,639.1406928128343,Noatak,511.044975
81340900140341,511.047055,0.28115999999999985,100.0569315,98,639.3390421115307,Noatak,511.047055
81340900140351,511.044975,0.28293000000002166,125.061728,104,639.5431311604655,Noatak,511.06322
81340900140361,511.16645500000004,0.24212999999997464,99.204467,104,639.7348256215123,Noatak,511.16645500000004
81340900140371,511.33117,0.25232500000001323,121.88586849999999,102,639.9273786159079,Noatak,511.33117
81340900140381,511.58714,0.2312199999999507,119.865601,99,640.1293107640367,Noatak,511.58714
81340900140391,511.85380499999997,0.25572499999995557,95.0618,98,640.3325804404474,Noatak,511.85380499999997
81340900140401,511.971405,0.3107300000000066,65.7077425,96,640.5303017764495,Noatak,511.971405
81340900140411,511.97483,0.28893500000000927,56.6817725,66,640.7349472674019,Noatak,511.97483
81340900140421,512.09905,0.2662599999999884,112.151851,67,640.9360587792836,Noatak,512.09905
81340900140431,512.51817,0.6636500000000751,186.428225,95,641.1351931453017,Noatak,512.45869
81340900140441,512.5870299999999,0.4948950000000423,143.65950650000002,92,641.3479105035251,Noatak,512.51817
81340900140451,512.45869,0.24858000000006086,165.827517,91,641.5489767457067,Noatak,512.5870299999999
81340900140461,512.6748,0.1983500000000049,231.489745,91,641.7358715235476,Noatak,512.6748
81340900140471,512.93131,0.16540000000009059,185.820902,89,641.9328938459464,Noatak,512.93131
81340900140481,513.1790550000001,0.19374499999997852,170.7941745,90,642.1428990167313,Noatak,513.1790550000001
81340900140491,513.35953,0.18695999999994228,154.638597,90,642.3418140982797,Noatak,513.35953
81340900140501,513.666125,0.18951500000002852,186.411932,88,642.5335853332688,Noatak,513.666125
81340900140511,514.019085,0.18957000000000335,148.6339525,62,642.7400742286459,Noatak,514.0298025
81340900140521,514.04052,0.16586000000006607,152.074047,89,642.9580069528173,Noatak,514.0719225
81340900150011,514.103325,0.16956499999997732,287.49443699999995,82,643.1435321413305,Noatak,514.1778425
81340900150021,514.25236,0.17737999999991416,247.1588975,82,643.2956424630154,Noatak,514.25236
81340900150031,514.35001,0.24640000000005102,173.605661,82,643.4803675591849,Noatak,514.35001
81340900150041,514.453495,0.19141000000001895,238.840802,82,643.704378665729,Noatak,514.6094925
81340900150051,514.76549,0.19713999999999032,264.2169735,82,643.9128253404933,Noatak,514.881835
81340900150061,514.99818,0.19601999999997588,217.557694,83,644.1125538538521,Noatak,515.06619
81340900150071,515.1342,0.20415000000002692,279.919391,83,644.3096411453263,Noatak,515.23972
81340900150081,515.3452400000001,0.21589499999987538,220.870688,82,644.492022579835,Noatak,515.467925
81340900150091,515.59061,0.19157000000006974,198.009494,85,644.6752954747554,Noatak,515.6900875
81340900150101,515.789565,0.17528500000003078,160.2055805,84,644.8571156154934,Noatak,515.9089175
81340900150111,516.02827,0.1890950000000089,216.7087505,84,645.0389358555768,Noatak,516.1694275
81340900150121,516.310585,0.1505149999999844,262.1433625,84,645.235759338388,Noatak,516.310585
81340900150131,516.6201100000001,0.166704999999979,273.3814725,84,645.4316915675794,Noatak,516.6201100000001
81340900150141,516.79777,0.16401999999999362,179.4725,84,645.6132150004705,Noatak,516.79777
81340900150151,517.04542,0.1356900000000678,183.603705,85,645.8106330667334,Noatak,517.0932975000001
81340900150161,517.141175,0.1555649999999673,213.5799615,86,646.0080512425983,Noatak,517.3140475
81340900150171,517.48692,0.17130000000003065,227.6575995,96,646.1760574094454,Noatak,517.48692
81340900150181,517.9202250000001,0.12846999999993614,265.6864355,116,646.3434694247101,Noatak,517.7035725000001
81340900150191,518.32357,0.15764999999998963,323.914942,119,646.5287576934545,Noatak,518.1218975
81340900150201,518.628395,0.12264499999997724,172.2913125,114,646.7149046804404,Noatak,518.4759825
81340900150211,518.917835,0.16020500000001903,258.25478499999997,114,646.8848928120194,Noatak,518.773115
81340900150221,519.2115,0.18385999999998148,175.203076,111,647.0543195364795,Noatak,519.0646675
81340900150231,519.45237,0.1831549999999993,139.0342085,114,647.2396081912541,Noatak,519.3319349999999
81340900150241,519.66208,0.18096000000002732,140.745901,113,647.4245998235986,Noatak,519.557225
81340900150251,519.85223,0.19929500000000644,159.6627905,112,647.6240333149769,Noatak,519.757155
81340900150261,519.98284,0.20329000000003816,194.740015,108,647.8251841584886,Noatak,519.917535
81340900150271,520.28304,0.2525699999999915,182.429824,110,648.0101761103007,Noatak,520.0477125
81340900150281,520.130525,0.35815500000001066,86.229736,118,648.1952009049163,Noatak,520.1215550000001
81340900150291,520.1125850000001,0.3583150000001183,123.03095350000001,124,648.3871117602498,Noatak,520.130525
81340900150301,520.21631,0.2774100000000317,167.050227,117,648.6208567124426,Noatak,520.21631
81340900150311,520.404625,0.3008200000000443,134.868286,116,648.8513322196295,Noatak,520.3438325
81340900150321,520.51539,0.25369000000000597,146.89683150000002,118,649.0558357741826,Noatak,520.51539
81340900150331,520.5942749999999,0.2674599999999714,137.594118,108,649.2538561788665,Noatak,520.5548325
81340900150341,520.612305,0.3375899999999774,123.37120350000001,118,649.4345618194952,Noatak,520.60329
81340900150351,520.70843,0.30802499999998645,151.82148,122,649.6365721039783,Noatak,520.6603675
81340900150361,520.779755,0.3718650000000139,277.445944,124,649.8430901488371,Noatak,520.779755
81340900150371,520.920415,0.32643999999999096,113.7743735,114,650.0407707686484,Noatak,520.920415
81340900150381,520.98849,0.2664600000000519,100.938768,109,650.2348023130553,Noatak,520.9527825
81340900150391,520.98515,0.2762050000000045,94.298332,106,650.4400492678135,Noatak,520.98682
81340900150401,521.037625,0.27445500000004586,146.636486,106,650.6670815344957,Noatak,521.0130575000001
81340900150411,521.145385,0.3056450000000268,134.233995,106,650.9142873363329,Noatak,521.272945
81340900150421,521.4005050000001,0.29865000000006603,129.593028,102,651.1672187001282,Noatak,521.5129625
81340900150431,521.62542,0.2217999999999165,117.516986,105,651.3650162727674,Noatak,521.71799
81340900150441,521.81056,0.2125300000000152,132.386777,97,651.5503126398418,Noatak,521.81056
81340900150451,521.81673,0.2214800000000423,171.740848,105,651.7759354728711,Noatak,521.895
81340900150461,521.97327,0.26094499999999243,125.862939,104,651.9908373232677,Noatak,521.9920549999999
81340900150471,521.9920549999999,0.2567499999998972,137.116695,104,652.1676090440046,Noatak,522.05268
81340900150481,522.05268,0.2712349999999901,124.562419,98,652.3428967114579,Noatak,522.05268
81340900150491,522.32815,0.46745000000009895,116.322037,95,652.5295894930669,Noatak,522.2772
81340900150501,522.36449,0.4932300000000396,107.018866,89,652.7424073795221,Noatak,522.36449
81340900150511,522.59921,0.6027199999999766,132.328842,99,652.984699314492,Noatak,522.37104
81340900150521,522.2772,0.3012300000000323,157.647978,98,653.1955747078945,Noatak,522.42457
81340900150531,522.37104,0.28611000000000786,119.2709225,98,653.3769253978033,Noatak,522.4945325000001
81340900150541,522.42457,0.2801450000000614,139.8550855,98,653.5621011254524,Noatak,522.5818525
81340900150551,522.5644950000001,0.2748500000000149,120.4794425,100,653.7710763006347,Noatak,522.68407
81340900150561,522.815265,0.27683999999999287,179.2706105,98,653.9675763589362,Noatak,522.7831325
81340900150571,522.76893,0.22970999999995456,150.382279,99,654.1252736781478,Noatak,522.8063
81340900150581,522.797335,0.23625999999995884,130.26304199999998,102,654.2796666203728,Noatak,522.815265
81340900150591,522.83567,0.23991000000000895,136.741459,105,654.4487986247493,Noatak,522.8254675000001
81340900150601,522.85963,0.27583000000004176,136.336315,105,654.6382567839933,Noatak,522.84765
81340900150611,522.98552,0.22818999999992684,85.646594,105,654.8463676187732,Noatak,522.98552
81340900150621,523.081455,0.28546499999998787,103.375077,104,655.0338880139267,Noatak,523.081455
81340900150631,523.12193,0.2368700000000672,79.000198,99,655.2266984878166,Noatak,523.1016925
81340900150641,523.21856,0.20614999999997963,149.248521,105,655.4324652983565,Noatak,523.13782
81340900150651,523.15371,0.29803999999990083,137.224928,105,655.635402834171,Noatak,523.186135
81340900150661,523.23652,0.2578200000000379,140.353223,105,655.8389346895932,Noatak,523.2275400000001
81340900150671,523.34681,0.251549999999952,86.737958,105,656.0409470901064,Noatak,523.291665
81340900150681,523.46292,0.22556999999994787,127.610808,105,656.2302676359633,Noatak,523.34681
81340900150691,523.55117,0.254579999999919,112.030404,105,656.3996973692692,Noatak,523.46292
81340900150701,523.61023,0.27365999999994983,84.914302,105,656.5893819281,Noatak,523.55117
81340900150711,523.70746,0.29503999999997177,55.607469,99,656.7861069513917,Noatak,523.6588449999999
81340900150721,523.90792,0.23915999999996984,137.354716,105,657.010700123673,Noatak,523.7593274999999
81340900150731,523.811195,0.2466250000000514,157.5772575,104,657.21652532844,Noatak,523.8595574999999
81340900150741,523.92119,0.2480600000000095,119.571735,105,657.4036730780899,Noatak,523.9145550000001
81340900150751,524.19395,0.2622599999999693,191.493211,103,657.6109697786867,Noatak,524.0575699999999
81340900150761,524.3539499999999,0.19731999999999061,210.1322135,100,657.8362208792021,Noatak,524.27395
81340900150771,524.43733,0.2524700000000166,230.302509,104,658.062766370832,Noatak,524.39564
81340900150781,524.59731,0.21320000000002892,120.083339,105,658.2942324786445,Noatak,524.5173199999999
81340900150791,524.84493,0.17811999999992167,174.622334,105,658.5269365623224,Noatak,524.7211199999999
81340900150801,525.04291,0.17002000000002226,138.5270795,102,658.7398208698552,Noatak,525.04291
81340900150811,525.13295,0.17275000000006457,175.906201,105,658.9650624401869,Noatak,525.13295
81340900150821,525.35492,0.12932000000000698,201.958939,105,659.1898250923285,Noatak,525.420415
81340900150831,525.48591,0.1762099999999691,137.190111,105,659.395305897987,Noatak,525.532185
81340900150841,525.57846,0.16200000000003456,182.97882,105,659.6019425995507,Noatak,525.57846
81340900150851,525.63644,0.22153000000002976,106.908499,105,659.8213041896918,Noatak,525.63644
81340900150861,525.760895,0.2416900000000055,118.6038725,104,660.0249855965792,Noatak,525.8611450000001
81340900150871,525.961395,0.17203999999998132,207.8914015,104,660.2321016865715,Noatak,526.109315
81340900150881,526.257235,0.17734499999994568,191.594085,104,660.4422728468453,Noatak,526.3968425
81340900150891,526.53645,0.16476000000000113,318.397392,105,660.6646528265857,Noatak,526.66993
81340900150901,526.80341,0.20569000000000415,279.128038,105,660.8832017692238,Noatak,526.87285
81340900150911,526.94229,0.19767000000001644,154.022162,105,661.0834661361241,Noatak,527.1140949999999
81340900150921,527.2859,0.14336000000002969,175.494504,105,661.2802960363255,Noatak,527.30477
81340900150931,527.32364,0.18970999999999094,164.935128,105,661.4783145747127,Noatak,527.37698
81340900150941,527.43032,0.23042999999995573,114.142021,97,661.674847557522,Noatak,527.43032
81340900150951,527.67693,0.17081999999993513,138.998401,97,661.8684142858168,Noatak,527.67693
81340900150961,527.698005,0.22334999999998217,151.11245250000002,104,662.1082922316655,Noatak,527.8474874999999
81340900160011,527.99697,0.18414999999993142,191.850976,101,662.3232771542312,Noatak,528.07902
81340900160021,528.16107,0.20042000000000826,118.768267,105,662.50583642481,Noatak,528.16107
81340900160031,528.40754,0.1605899999999565,114.903372,107,662.7164795232599,Noatak,528.40754
81340900160041,528.81412,0.20915500000000975,148.8218485,112,662.9155815298674,Noatak,528.81412
81340900160051,528.97605,0.2015400000000227,163.959898,115,663.1187481892076,Noatak,528.97605
81340900160061,529.29351,0.1745099999999411,161.435594,115,663.3204619747536,Noatak,529.29351
81340900160071,529.6332,0.15003999999998996,159.4631695,116,663.5226157833392,Noatak,529.6332
81340900160081,530.010115,0.14647500000000946,221.471577,116,663.7301362012817,Noatak,530.010115
81340900160091,530.39108,0.16458000000000084,172.66513,115,663.9196414228866,Noatak,530.39108
81340900160101,530.59163,0.18548999999995885,183.7975535,114,664.1160325308904,Noatak,530.59163
81340900160111,530.84615,0.17329000000006545,140.817853,115,664.3141409713927,Noatak,530.84615
81340900160121,531.24031,0.16057999999998174,172.490619,115,664.5173123298392,Noatak,531.24031
81340900160131,531.661695,0.1367349999999874,218.689505,116,664.7256913181122,Noatak,531.661695
81340900160141,532.01603,0.14949999999998909,237.548817,113,664.9196418162028,Noatak,532.01603
81340900160151,532.3659700000001,0.13657000000006292,181.175512,112,665.1225313614193,Noatak,532.3659700000001
81340900160161,532.60995,0.13662999999996828,112.432178,107,665.333928346135,Noatak,532.60995
81340900160171,532.78843,0.146129999999971,216.909702,107,665.528008644031,Noatak,532.78843
81340900160181,532.97675,0.1391200000000481,196.333444,105,665.7249141027335,Noatak,532.87369
81340900160191,532.87369,0.17475999999999203,111.751878,105,665.9282986075042,Noatak,532.97675
81340900160201,533.00346,0.18750999999997475,103.992555,107,666.1177611921593,Noatak,533.00346
81340900160211,533.1215950000001,0.23115999999998849,92.39444,108,666.3225681535758,Noatak,533.11545
81340900160221,533.11545,0.21028000000001157,150.131564,97,666.5235071370811,Noatak,533.1215950000001
81340900160231,533.76341,0.39500999999995656,201.70834,91,666.7216015767958,Noatak,533.3386800000001
81340900160241,533.46133,0.22933999999997923,117.830976,107,666.9333234377734,Noatak,533.36516
81340900160251,533.3386800000001,0.2464149999999563,86.2995945,112,667.1269581645615,Noatak,533.46133
81340900160261,533.36516,0.21016000000008717,103.617981,111,667.3162683368927,Noatak,533.6028200000001
81340900160271,533.6028200000001,0.3187450000000922,99.0809155,114,667.5132815907334,Noatak,533.61249
81340900160281,533.61249,0.3180849999999964,121.150061,120,667.7259074316435,Noatak,533.69663
81340900160291,533.69663,0.2775500000000193,159.06225,115,667.9296745716911,Noatak,533.730865
81340900160301,533.730865,0.23896500000000742,117.00361050000001,114,668.128554284431,Noatak,533.76341
81340900160311,533.78669,0.25297999999997955,107.779317,117,668.3282927500832,Noatak,533.78669
81340900160321,533.82474,0.27616999999997915,60.376589,117,668.5214234483595,Noatak,533.82474
81340900160331,533.9268549999999,0.20809500000001435,109.9231505,126,668.7315724826383,Noatak,533.9268549999999
81340900160341,533.97013,0.2192250000000513,201.3213805,122,668.927922445181,Noatak,533.97013
81340900160351,534.47593,0.41596999999990203,113.11048,119,669.1132499961177,Noatak,534.3093
81340900160361,534.46159,0.44956999999999425,93.190229,119,669.3229428073284,Noatak,534.37327
81340900160371,534.3093,0.2552400000000148,116.85019750000001,118,669.540803174129,Noatak,534.46029
81340900160381,534.46029,0.2814100000000508,71.9975185,116,669.7408573569066,Noatak,534.46159
81340900160391,534.37327,0.2685700000000679,83.262235,123,669.9267483303038,Noatak,534.47593
81340900160401,534.6283149999999,0.30341000000004215,76.7074875,122,670.1349768221143,Noatak,534.52591
81340900160411,534.70373,0.37878999999998086,141.282058,123,670.3484567920699,Noatak,534.555535
81340900160421,534.52591,0.3355099999999993,72.224257,117,670.5467496904323,Noatak,534.6283149999999
81340900160431,534.555535,0.36863000000005286,65.52994949999999,122,670.7441840242918,Noatak,534.70373
81340900160441,534.73847,0.32103499999999485,87.6947745,116,670.9288109108321,Noatak,534.73847
81340900160451,535.0033900000001,0.35341499999998405,60.419396,114,671.1332050486051,Noatak,535.0033900000001
81340900160461,535.15186,0.2925200000000814,79.197674,107,671.3476492318276,Noatak,535.05186
81340900160471,535.05186,0.33794000000000324,73.14287,119,671.5436639335552,Noatak,535.139835
81340900160481,535.139835,0.2808149999999614,87.95559349999999,114,671.7441101116692,Noatak,535.15186
81340900160491,535.19236,0.2493249999999989,115.9138805,114,671.9457121456846,Noatak,535.19236
81340900160501,535.35846,0.2625300000000834,60.713023,109,672.1370371077633,Noatak,535.35846
81340900160511,535.411205,0.22381999999998925,59.7901275,106,672.3326117386619,Noatak,535.411205
81340900160521,535.5915399999999,0.1990949999998861,112.2918265,108,672.5326944072003,Noatak,535.5915399999999
81340900160531,535.8069,0.16051000000004478,137.706214,109,672.738247348669,Noatak,535.8069
81340900160541,535.9144249999999,0.17133499999999913,108.0386475,108,672.9395895341207,Noatak,535.9144249999999
81340900160551,536.08407,0.19010000000002947,78.377474,103,673.1396268638729,Noatak,536.08407
81340900160561,536.12726,0.21145000000001346,123.61564,103,673.3427193266156,Noatak,536.12726
81340900160571,536.72027,0.19116999999994277,103.956618,103,673.5352397652031,Noatak,536.43984
81340900160581,536.43984,0.19569500000000062,75.81169349999999,102,673.7444772713075,Noatak,536.4879
81340900160591,536.4879,0.1942300000000614,97.911232,103,673.9508850787091,Noatak,536.49756
81340900160601,536.49756,0.25671999999997297,115.334415,109,674.1417317071159,Noatak,536.72027
81340900160611,537.232255,0.24799500000000307,277.70779600000003,114,674.3351109710376,Noatak,536.9037
81340900160621,537.1539399999999,0.2202550000000656,120.869771,102,674.5485204215181,Noatak,537.033915
81340900160631,536.9037,0.23869999999999436,121.389167,105,674.7563095024942,Noatak,537.08241
81340900160641,537.033915,0.2471999999999639,93.7461615,102,674.9486819115924,Noatak,537.1539399999999
81340900160651,537.08241,0.23553000000003976,82.369328,101,675.1499671710116,Noatak,537.232255
81340900160661,537.43357,0.2979299999999512,45.079027,97,675.3462267166599,Noatak,537.43357
81340900160671,537.531815,0.30228000000005295,70.1896405,90,675.5527469025374,Noatak,537.531815
81340900160681,537.5634749999999,0.2791300000000092,83.1438415,96,675.7632956801081,Noatak,537.53884
81340900160691,537.53884,0.20580999999992855,182.74997,95,675.9650244326069,Noatak,537.5634749999999
81340900160701,537.7882199999999,0.3109450000000038,71.571932,96,676.1688675179469,Noatak,537.7882199999999
81340900160711,537.86958,0.27836999999999534,59.311926,97,676.365742279565,Noatak,537.81662
81340900160721,538.00993,0.26444999999989705,82.168655,93,676.5568432451317,Noatak,537.86958
81340900160731,537.81662,0.28676000000007207,121.713242,101,676.747124665619,Noatak,538.00993
81340900160741,538.16093,0.2500199999999495,162.858708,105,676.9541705271731,Noatak,538.10613
81340900160751,538.10613,0.24660000000005766,109.959734,101,677.1566758638589,Noatak,538.16093
81340900160761,538.21014,0.1962100000000646,72.631071,95,677.3574643245905,Noatak,538.21014
81340900160771,538.49606,0.18067999999993845,142.715031,101,677.5599698523711,Noatak,538.44837
81340900160781,538.44837,0.15315000000009604,179.973432,99,677.7505264711955,Noatak,538.49606
81340900160791,538.52319,0.23032000000000608,81.474918,105,677.9716794659982,Noatak,538.52319
81340900170011,538.76942,0.22745999999995092,112.087936,105,678.1754166204336,Noatak,538.76942
81340900170021,538.79534,0.18181000000004133,65.106545,99,678.3542151955821,Noatak,538.79534
81340900170031,539.04704,0.2177199999999857,62.391548,101,678.546515947741,Noatak,538.97972
81340900170041,538.97972,0.3239750000000754,60.9003055,96,678.7462638600256,Noatak,539.017825
81340900170051,539.017825,0.2616649999999936,60.5441555,104,678.9523769139903,Noatak,539.04704
81340900170061,539.13509,0.24783000000002176,76.798011,107,679.1525405435834,Noatak,539.13509
81340900170071,539.1453449999999,0.2565899999999601,68.9388035,106,679.3567129986876,Noatak,539.1453449999999
81340900170081,539.22933,0.23629000000005362,94.745838,109,679.5571641603065,Noatak,539.22933
81340900170091,539.38592,0.2093800000000101,91.430253,105,679.7610898713991,Noatak,539.38592
81340900170101,539.55093,0.21097999999994954,95.954434,101,679.9740815716067,Noatak,539.55093
81340900170111,539.66958,0.20588999999995394,95.93837,105,680.1681227068995,Noatak,539.66958
81340900170121,539.788065,0.21448999999995522,92.3243385,108,680.3697642343277,Noatak,539.788065
81340900170131,540.05447,0.20357000000001335,88.10269,105,680.5767290655833,Noatak,540.05447
81340900170141,540.19814,0.2592099999999391,80.022192,101,680.766642579683,Noatak,540.12239
81340900170151,540.161175,0.22441499999996495,51.6809095,106,680.9650105181306,Noatak,540.161175
81340900170161,540.12239,0.2655600000000504,65.413803,111,681.1755024865589,Noatak,540.19814
81340900170171,540.23593,0.261009999999942,94.944632,109,681.3797796189264,Noatak,540.23593
81340900170181,540.414255,0.18316499999997404,78.49235999999999,106,681.5694720861691,Noatak,540.414255
81340900170191,540.62754,0.21516000000008262,61.937683,107,681.7666060417657,Noatak,540.62754
81340900170201,540.718685,0.25788000000005695,80.0143555,106,681.9674719240368,Noatak,540.718685
81340900170211,540.79826,0.21784999999999854,105.455274,106,682.1734402269037,Noatak,540.79826
81340900170221,541.02691,0.1783299999999599,86.822945,107,682.3856182248539,Noatak,541.02691
81340900170231,541.23895,0.1732399999999643,71.157353,103,682.5794399144055,Noatak,541.23895
81340900170241,541.33729,0.21051999999997406,22.977901,93,682.7780272895739,Noatak,541.33729
81340900170251,541.4586400000001,0.24164500000000544,92.94974049999999,106,682.9875609486999,Noatak,541.42269
81340900170261,541.42269,0.24860000000001037,74.231626,113,683.1769275437316,Noatak,541.4586400000001
81340900170271,541.58098,0.26882000000000517,70.865939,111,683.3739253048042,Noatak,541.57145
81340900170281,541.57145,0.2887699999999995,78.976643,109,683.5748973500828,Noatak,541.58098
81340900170291,541.62728,0.21523000000001957,55.708817,107,683.771734622356,Noatak,541.62728
81340900170301,541.77639,0.20856000000003405,80.677978,109,683.9817160500693,Noatak,541.77639
81340900170311,541.91158,0.18092999999998938,86.178777,103,684.1803098829678,Noatak,541.91158
81340900170321,542.0857599999999,0.19942499999996244,147.09790700000002,106,684.370091109955,Noatak,542.0857599999999
81340900170331,542.23375,0.19090999999997393,107.98493300000001,108,684.566840526628,Noatak,542.23375
81340900170341,542.33851,0.20723999999995613,87.230118,111,684.7763426522213,Noatak,542.33851
81340900170351,542.42159,0.2159199999999828,153.43499,111,684.9831263686209,Noatak,542.42159
81340900170361,542.471515,0.24639999999999418,102.19056950000001,110,685.1764753300683,Noatak,542.471515
81340900170371,542.63586,0.23847000000000662,87.035521,111,685.3774246109565,Noatak,542.63586
81340900170381,542.78828,0.2266300000000001,263.18482600000004,112,685.5773660920906,Noatak,542.78828
81340900170391,543.0171399999999,0.23376000000001795,127.8804055,110,685.7817996128091,Noatak,543.0171399999999
81340900170401,543.15796,0.17998499999998785,111.828352,110,685.9923432521553,Noatak,543.15796
81340900170411,543.282645,0.16911999999996397,127.66304149999999,108,686.1884441303573,Noatak,543.282645
81340900170421,543.63625,0.10294999999996435,240.771603,107,686.3784078392482,Noatak,543.63625
81340900170431,543.84677,0.16749000000004344,104.465512,111,686.5811851644017,Noatak,543.84677
81340900170441,543.94749,0.15833999999995285,155.902061,113,686.7896206224915,Noatak,543.94749
81340900170451,544.114885,0.12544500000001335,258.0825435,112,686.9836404104238,Noatak,544.114885
81340900170461,544.34661,0.1513199999999415,225.470708,113,687.1892297336977,Noatak,544.34655
81340900170471,544.34655,0.14097000000003845,200.26646,113,687.3897167402953,Noatak,544.34661
81340900170481,544.48716,0.16151000000002114,117.943864,113,687.5874130607015,Noatak,544.48716
81340900170491,544.57425,0.18435999999996966,143.169173,113,687.7859681010158,Noatak,544.57425
81340900170501,544.75144,0.17741000000000895,109.861852,113,687.975364797936,Noatak,544.75144
81340900170511,544.90084,0.1667850000000044,66.259485,108,688.1811815277385,Noatak,544.90084
81340900170521,545.06348,0.1722500000000764,77.231819,113,688.395562465421,Noatak,545.06348
81340900170531,545.17702,0.17536999999992986,106.688694,113,688.5920704982291,Noatak,545.17702
81340900170541,545.30568,0.19514000000003762,92.079505,111,688.7945395633661,Noatak,545.30568
81340900170551,545.40244,0.19812999999999192,99.372436,111,688.99764186948,Noatak,545.40244
81340900170561,545.44343,0.1820350000000417,74.106267,110,689.1899366951387,Noatak,545.44343
81340900170571,545.66667,0.18593999999995958,73.049717,111,689.3977911639123,Noatak,545.66667
81340900170581,545.84198,0.16358999999999924,97.239745,109,689.5982786191904,Noatak,545.84198
81340900170591,546.06952,0.17750499999999647,59.0235285,112,689.7982498045357,Noatak,546.06952
81340900170601,546.3587749999999,0.2125800000000595,40.1244815,94,690.0068749892687,Noatak,546.3587749999999
81340900170611,546.37601,0.21620000000007167,76.165012,113,690.204926050437,Noatak,546.37601
81340900170621,546.58041,0.23279999999999745,65.574979,113,690.3976754108583,Noatak,546.58041
81340900170631,546.58092,0.23622000000000298,94.177136,113,690.5826858152021,Noatak,546.58092
81340900170641,546.6776150000001,0.21500500000007605,58.6497095,110,690.7909296451772,Noatak,546.6776150000001
81340900170651,547.17583,0.30692999999996573,74.030541,109,691.0080683256824,Noatak,547.17583
81340900170661,547.1986,0.2507900000000518,47.912974,113,691.206663345366,Noatak,547.1986
81340900170671,547.22275,0.24810999999999694,52.352496,113,691.4096509297988,Noatak,547.22275
81340900170681,547.476345,0.23411500000003116,97.840521,112,691.6029945271063,Noatak,547.44527
81340900170691,547.5573449999999,0.2879099999999539,85.12079,112,691.7920234545048,Noatak,547.476345
81340900170701,547.44527,0.19265999999993255,74.676775,111,691.9985503030705,Noatak,547.5573449999999
81340900170711,547.72078,0.24662999999998192,82.528229,113,692.1993355328173,Noatak,547.6390624999999
81340900170721,548.54392,0.5399699999999257,24.69751,43,692.4043932642015,Noatak,547.72078
81340900170731,548.02513,0.2730699999999615,88.683612,113,692.6155940033642,Noatak,547.872955
81340900170741,548.54189,0.4150399999999763,96.149309,97,692.8110194385654,Noatak,548.02513
81340900170751,548.20914,0.23237999999992098,83.23106,113,693.0017548281048,Noatak,548.117135
81340900170761,548.42299,0.22019999999997708,92.340137,113,693.2006080121291,Noatak,548.20914
81340900170771,548.526075,0.183620000000019,82.13850550000001,110,693.4037498413286,Noatak,548.316065
81340900170781,548.709495,0.19300000000004047,101.18041199999999,108,693.5977331314301,Noatak,548.42299
81340900170791,548.96591,0.18891000000002123,133.42909350000002,110,693.8055589364478,Noatak,548.4745325
81340900170801,549.30105,0.19849499999997988,82.370481,112,694.0167370674126,Noatak,548.526075
81340900170811,549.41069,0.17653999999993175,92.192785,113,694.2164881950972,Noatak,548.5339825
81340900170821,549.57284,0.15447500000004766,110.8748075,112,694.4044717770541,Noatak,548.54189
