river,time,span_km,n_nodes,d_lo,d_hi,length_km
Kobuk,2023-05-23 03:49:49+00:00,230.71292825775322,15,287.0936029267173,349.85197637994827,62.758373453230945
Kobuk,2023-05-23 03:49:49+00:00,230.71292825775322,10,417.37223192994264,419.1748956168281,1.8026636868854666
Kobuk,2023-05-23 03:49:49+00:00,230.71292825775322,12,423.16355428835817,425.33530693929106,2.1717526509328877
Kobuk,2023-05-23 03:49:49+00:00,230.71292825775322,13,427.92267400738035,430.33180700785095,2.4091330004706037
Kobuk,2023-05-24 03:40:27+00:00,234.70046542854965,70,198.84303703225692,349.85197637994827,151.00893934769135
Kobuk,2023-05-24 03:40:27+00:00,234.70046542854965,13,416.98087397533345,419.3731802969657,2.3923063216322475
Kobuk,2023-05-24 03:40:27+00:00,234.70046542854965,15,419.7787648683642,422.5661432822455,2.7873784138812994
Kobuk,2023-05-24 03:40:27+00:00,234.70046542854965,13,429.7408050123888,432.13440275695007,2.393597744561248
Kobuk,2023-05-25 03:31:04+00:00,234.70046542854965,348,198.84303703225692,349.85197637994827,151.00893934769135
Kobuk,2023-05-25 03:31:04+00:00,234.70046542854965,10,417.1832147181543,418.99004120422,1.8068264860656882
Kobuk,2023-05-25 03:31:04+00:00,234.70046542854965,11,423.16355428835817,425.12339709004,1.9598428016818161
Kobuk,2023-05-26 03:21:42+00:00,234.70046542854965,235,198.84303703225692,263.4545618599404,64.61152482768347
Kobuk,2023-05-26 03:21:42+00:00,234.70046542854965,38,264.25019000775933,271.92210720285084,7.67191719509151
Kobuk,2023-05-26 03:21:42+00:00,234.70046542854965,37,272.92690009697594,349.85197637994827,76.92507628297233
Kobuk,2023-05-26 03:21:42+00:00,234.70046542854965,16,423.16355428835817,426.1194675104773,2.955913222119136
Kobuk,2023-05-26 03:21:42+00:00,234.70046542854965,11,430.12167294552853,432.13440275695007,2.0127298114215364
Kobuk,2023-05-27 03:12:20+00:00,234.305617523425,195,207.4049873660954,256.86995869843776,49.464971332342344
Kobuk,2023-05-27 03:12:20+00:00,234.305617523425,17,260.2648585041577,263.4545618599404,3.189703355782683
Kobuk,2023-05-27 03:12:20+00:00,234.305617523425,39,264.25019000775933,271.92210720285084,7.67191719509151
Kobuk,2023-05-27 03:12:20+00:00,234.305617523425,49,273.7356725684872,291.2578997961408,17.522227227653616
Kobuk,2023-05-27 03:12:20+00:00,234.305617523425,10,422.96850835605414,424.73233073875883,1.7638223827046886
Kobuk,2023-05-28 03:02:58+00:00,234.305617523425,116,208.19672874768284,233.24873445109722,25.05200570341438
Kobuk,2023-05-28 03:02:58+00:00,234.305617523425,30,233.65374760928853,239.85220713420705,6.198459524918519
Kobuk,2023-05-28 03:02:58+00:00,234.305617523425,25,240.45278512818228,257.86853624270384,17.415751114521555
Kobuk,2023-05-28 03:02:58+00:00,234.305617523425,15,260.2648585041577,263.4545618599404,3.189703355782683
Kobuk,2023-05-28 03:02:58+00:00,234.305617523425,18,264.25019000775933,267.67590537226175,3.425715364502423
Kobuk,2023-05-28 03:02:58+00:00,234.305617523425,20,268.0756571159043,271.92210720285084,3.846450086946561
Kobuk,2023-05-28 03:02:58+00:00,234.305617523425,32,272.92690009697594,349.85197637994827,76.92507628297233
Kobuk,2023-05-28 03:02:58+00:00,234.305617523425,12,416.98087397533345,419.1748956168281,2.1940216414946576
Kobuk,2023-05-28 03:02:58+00:00,234.305617523425,11,423.16355428835817,425.12339709004,1.9598428016818161
Kobuk,2023-05-28 03:02:58+00:00,234.305617523425,14,429.54364753136105,432.13440275695007,2.590755225589021
Kobuk,2023-05-29 02:53:35+00:00,234.305617523425,198,199.23788493738155,239.85220713420705,40.6143221968255
Kobuk,2023-05-29 02:53:35+00:00,234.305617523425,52,240.26094174262414,256.67859653251304,16.4176547898889
Kobuk,2023-05-29 02:53:35+00:00,234.305617523425,16,260.2648585041577,263.4545618599404,3.189703355782683
Kobuk,2023-05-29 02:53:35+00:00,234.305617523425,39,264.25019000775933,271.92210720285084,7.67191719509151
Kobuk,2023-05-29 02:53:35+00:00,234.305617523425,43,273.92468964227896,350.8674127931538,76.94272315087483
Kobuk,2023-05-30 02:44:13+00:00,234.5045327777855,50,199.03896968302107,210.16539229562545,11.126422612604387
Kobuk,2023-05-30 02:44:13+00:00,234.5045327777855,17,211.5895986288898,216.61040823415684,5.020809605267033
Kobuk,2023-05-30 02:44:13+00:00,234.5045327777855,21,218.62339663020902,222.64210067286064,4.0187040426516205
Kobuk,2023-05-30 02:44:13+00:00,234.5045327777855,18,223.04002765869345,230.4469956658639,7.406968007170462
Kobuk,2023-05-30 02:44:13+00:00,234.5045327777855,14,233.65374760928853,236.2425515573005,2.5888039480119573
Kobuk,2023-05-30 02:44:13+00:00,234.5045327777855,17,236.64471551502004,239.85220713420705,3.20749161918701
Kobuk,2023-05-30 02:44:13+00:00,234.5045327777855,30,240.45278512818228,251.2997210110545,10.846935882872202
Kobuk,2023-05-30 02:44:13+00:00,234.5045327777855,17,260.2648585041577,263.4545618599404,3.189703355782683
Kobuk,2023-05-30 02:44:13+00:00,234.5045327777855,39,264.25019000775933,271.92210720285084,7.67191719509151
Kobuk,2023-05-30 02:44:13+00:00,234.5045327777855,33,274.1363574351529,291.0691168663707,16.93275943121779
Kobuk,2023-05-30 02:44:13+00:00,234.5045327777855,11,423.57116892964746,425.53694014224726,1.9657712125998046
Kobuk,2023-05-31 02:34:51+00:00,234.29369307516313,20,199.03896968302107,203.21922450688075,4.180254823859684
Kobuk,2023-05-31 02:34:51+00:00,234.29369307516313,15,212.17830779949753,215.0017202880187,2.8234124885211713
Kobuk,2023-05-31 02:34:51+00:00,234.29369307516313,17,218.8124186537068,222.0383319165213,3.225913262814487
Kobuk,2023-05-31 02:34:51+00:00,234.29369307516313,30,223.04002765869345,228.85164669124748,5.8116190325540344
Kobuk,2023-05-31 02:34:51+00:00,234.29369307516313,14,236.64471551502004,239.25962901110975,2.614913496089713
Kobuk,2023-05-31 02:34:51+00:00,234.29369307516313,31,240.8479341294179,251.2997210110545,10.451786881636593
Kobuk,2023-05-31 02:34:51+00:00,234.29369307516313,16,252.90779057888233,256.67859653251304,3.7708059536307132
Kobuk,2023-05-31 02:34:51+00:00,234.29369307516313,12,260.2648585041577,262.4684452011734,2.2035866970156803
Kobuk,2023-05-31 02:34:51+00:00,234.29369307516313,51,276.5298670119431,291.4593762988458,14.929509286902714
Kobuk,2023-06-01 02:25:28+00:00,234.5045327777855,11,199.03896968302107,201.04071052785974,2.001740844838679
Kobuk,2023-06-01 02:25:28+00:00,234.5045327777855,15,223.04002765869345,225.8389628501662,2.798935191472765
Kobuk,2023-06-01 02:25:28+00:00,234.5045327777855,26,242.6638416477759,250.0908244953898,7.4269828476138855
Kobuk,2023-06-01 02:25:28+00:00,234.5045327777855,13,252.90779057888233,255.28641281174004,2.3786222328577082
Kobuk,2023-06-01 02:25:28+00:00,234.5045327777855,20,282.5111324812028,288.49408772650287,5.982955245300047
Kobuk,2023-06-12 00:42:25+00:00,234.29369307516313,14,245.66913300130784,248.48339129541915,2.814258294111312
Kobuk,2023-06-12 00:42:25+00:00,234.29369307516313,17,286.12610289956893,289.47929618222173,3.3531932826527964
Kobuk,2023-06-12 00:42:25+00:00,234.29369307516313,12,416.98087397533345,419.1748956168281,2.1940216414946576
Kobuk,2023-06-12 00:42:25+00:00,234.29369307516313,12,426.92809371372357,429.14136348083315,2.21326976710958
Kobuk,2023-06-12 00:42:25+00:00,234.29369307516313,14,429.54364753136105,432.13440275695007,2.590755225589021
Kobuk,2023-06-13 00:33:02+00:00,234.09477782080265,14,219.22374488047353,224.05304099044238,4.829296109968851
Kobuk,2023-06-13 00:33:02+00:00,234.09477782080265,27,240.8479341294179,250.0908244953898,9.242890365971903
Kobuk,2023-06-13 00:33:02+00:00,234.09477782080265,16,252.90779057888233,256.0766782108762,3.1688876319938686
Kobuk,2023-06-13 00:33:02+00:00,234.09477782080265,17,278.3159090272653,281.5246737669272,3.2087647396618877
Kobuk,2023-06-13 00:33:02+00:00,234.09477782080265,48,282.5111324812028,344.8742692297021,62.3631367484993
Kobuk,2023-06-14 00:23:40+00:00,234.48962572592728,11,199.23788493738155,201.42841626618386,2.190531328802308
Kobuk,2023-06-14 00:23:40+00:00,234.48962572592728,15,223.04002765869345,225.8389628501662,2.798935191472765
Kobuk,2023-06-14 00:23:40+00:00,234.48962572592728,14,236.64471551502004,239.25962901110975,2.614913496089713
Kobuk,2023-06-14 00:23:40+00:00,234.48962572592728,33,244.86966989409243,251.2997210110545,6.430051116962062
Kobuk,2023-06-14 00:23:40+00:00,234.48962572592728,17,252.90779057888233,256.67859653251304,3.7708059536307132
Kobuk,2023-06-14 00:23:40+00:00,234.48962572592728,11,260.2648585041577,262.4684452011734,2.2035866970156803
Kobuk,2023-06-14 00:23:40+00:00,234.48962572592728,66,276.5298670119431,344.0948628055675,67.5649957936244
Kobuk,2023-06-15 00:14:18+00:00,234.29369307516313,13,199.03896968302107,201.42841626618386,2.389446583162794
Kobuk,2023-06-15 00:14:18+00:00,234.29369307516313,10,202.22329718784465,204.0178112333447,1.7945140455000512
Kobuk,2023-06-15 00:14:18+00:00,234.29369307516313,34,219.01894036938657,227.26273862701177,8.243798257625201
Kobuk,2023-06-15 00:14:18+00:00,234.29369307516313,20,246.66868070373837,256.67859653251304,10.009915828774666
Kobuk,2023-06-15 00:14:18+00:00,234.29369307516313,14,259.6613639520799,263.4545618599404,3.793197907860474
Kobuk,2023-06-15 00:14:18+00:00,234.29369307516313,42,277.31884816057254,291.2578997961408,13.939051635568262
Kobuk,2023-06-16 00:04:56+00:00,234.48962572592728,10,223.04002765869345,225.64409113533193,2.604063476638487
Kobuk,2023-06-16 00:04:56+00:00,234.48962572592728,31,236.64471551502004,257.86853624270384,21.2238207276838
Kobuk,2023-06-16 00:04:56+00:00,234.48962572592728,10,280.9312939022115,288.2933641692357,7.362070267024194
Kobuk,2023-07-09 20:20:06+00:00,234.8944252450107,10,245.66913300130784,247.4852860660034,1.8161530646955555
Kobuk,2023-07-09 20:20:06+00:00,234.8944252450107,18,285.91058269903147,331.94593796439773,46.03535526536626
Kobuk,2023-08-27 20:33:09+00:00,303.7146070488225,17,252.90779057888233,256.0766782108762,3.1688876319938686
Kobuk,2023-08-27 20:33:09+00:00,303.7146070488225,11,302.1912691591807,304.20369121458566,2.0124220554049543
Kobuk,2023-08-27 20:33:09+00:00,303.7146070488225,35,307.77867571546943,314.53902790961854,6.760352194149107
Kobuk,2023-08-27 20:33:09+00:00,303.7146070488225,10,317.72527894708224,319.5368797478728,1.8116008007905293
Kobuk,2023-08-27 20:33:09+00:00,303.7146070488225,10,338.49933395593274,340.8982959726284,2.3989620166956342
Kobuk,2023-08-27 20:33:09+00:00,303.7146070488225,11,408.1623442600278,410.1769499686618,2.014605708634008
Kobuk,2023-08-27 20:33:09+00:00,303.7146070488225,10,410.59387101034014,412.3944552007584,1.800584190418249
Kobuk,2023-08-27 20:33:09+00:00,303.7146070488225,69,422.96850835605414,436.679932673881,13.711424317826868
Kobuk,2023-08-27 20:33:09+00:00,303.7146070488225,29,437.0864354401226,442.6262437293974,5.539808289274788
Kobuk,2023-08-27 20:33:09+00:00,303.7146070488225,34,443.0290547728822,449.5511584313364,6.522103658454171
Kobuk,2023-08-27 20:33:09+00:00,303.7146070488225,41,450.3601752511637,458.14241265264235,7.782237401478653
Kobuk,2023-08-27 20:33:09+00:00,303.7146070488225,65,458.91281181149714,471.8338940848519,12.921082273354784
Kobuk,2023-08-27 20:33:09+00:00,303.7146070488225,55,472.2226997865617,482.9944685282057,10.771768741643996
Kobuk,2023-08-27 20:33:09+00:00,303.7146070488225,11,483.789813873431,485.77798572061346,1.988171847182457
Kobuk,2023-08-27 20:33:09+00:00,303.7146070488225,40,486.16412712862916,494.20102924315273,8.03690211452357
Kobuk,2023-08-28 20:33:41+00:00,195.68251651956297,18,211.79052097760797,215.61036629856645,3.8198453209584784
Kobuk,2023-08-28 20:33:41+00:00,195.68251651956297,62,218.4303653601887,233.85030945821146,15.419944098022768
Kobuk,2023-08-28 20:33:41+00:00,195.68251651956297,10,234.25155743720248,236.2425515573005,1.9909941200980086
Kobuk,2023-08-28 20:33:41+00:00,195.68251651956297,60,236.64471551502004,256.86995869843776,20.225243183417717
Kobuk,2023-08-28 20:33:41+00:00,195.68251651956297,28,257.278499785452,263.4545618599404,6.176062074488357
Kobuk,2023-09-02 11:50:34+00:00,243.89778535445043,300,186.6482491257648,324.1399910003505,137.4917418745857
Kobuk,2023-09-03 11:51:12+00:00,161.23003752400115,19,87.38615853269184,92.8684678312137,5.482309298521869
Kobuk,2023-09-03 11:51:12+00:00,161.23003752400115,31,159.47597315197262,166.68244902816625,7.206475876193622
Kobuk,2023-09-03 11:51:12+00:00,161.23003752400115,46,192.47912578695016,201.42841626618386,8.949290479233696
Kobuk,2023-09-03 11:51:12+00:00,161.23003752400115,16,201.84223548056707,204.81306983256476,2.970834351997695
Kobuk,2023-09-03 11:51:12+00:00,161.23003752400115,10,205.2124307306903,207.0134839869899,1.8010532562996104
Kobuk,2023-09-03 11:51:12+00:00,161.23003752400115,29,211.98073125456608,217.61100504735367,5.630273792787591
Kobuk,2023-09-03 11:51:12+00:00,161.23003752400115,57,218.62339663020902,230.4469956658639,11.823599035654894
Kobuk,2023-09-03 11:51:12+00:00,161.23003752400115,16,236.2425515573005,239.25962901110975,3.0170774538092644
Kobuk,2023-09-03 11:51:12+00:00,161.23003752400115,17,240.45278512818228,243.66496533186375,3.21218020368147
Kobuk,2023-09-06 18:55:29+00:00,212.440178848634,24,321.3238582617414,327.32994091461865,6.0060826528772395
Kobuk,2023-09-06 18:55:29+00:00,212.440178848634,12,333.91616508802184,336.3080979875454,2.3919328995235674
Kobuk,2023-09-06 18:55:29+00:00,212.440178848634,24,337.12190659151526,345.6725050894539,8.550598497938665
Kobuk,2023-09-06 18:55:29+00:00,212.440178848634,20,346.279619445412,351.8547361414693,5.575116696057307
Kobuk,2023-09-06 18:55:29+00:00,212.440178848634,13,354.0527055100753,357.8494770105692,3.7967715004938896
Kobuk,2023-09-06 18:55:29+00:00,212.440178848634,307,396.96650005220613,482.9944685282057,86.02796847599956
Kobuk,2023-09-06 18:55:29+00:00,212.440178848634,74,483.789813873431,499.00088811778147,15.21107424435047
Kobuk,2023-09-06 18:55:29+00:00,212.440178848634,36,499.4004832835127,506.4358356491457,7.035352365633003
Kobuk,2023-09-06 18:55:29+00:00,212.440178848634,43,506.84245576303294,515.2747631215756,8.43230735854263
Kobuk,2023-09-06 18:55:29+00:00,212.440178848634,31,519.4953083988903,525.5053591452565,6.0100507463662325
Kobuk,2023-09-06 18:55:29+00:00,212.440178848634,22,528.1136782314804,532.3298171661945,4.216138934714081
Kobuk,2023-09-07 18:56:00+00:00,299.1848960723304,268,117.99831864582394,171.47038971436206,53.47207106853811
Kobuk,2023-09-07 18:56:00+00:00,299.1848960723304,14,173.061315607466,175.65782184827196,2.596506240805951
Kobuk,2023-09-07 18:56:00+00:00,299.1848960723304,83,186.6482491257648,256.86995869843776,70.22170957267295
Kobuk,2023-09-07 18:56:00+00:00,299.1848960723304,18,260.2648585041577,263.6463646785463,3.381506174388619
Kobuk,2023-09-07 18:56:00+00:00,299.1848960723304,39,264.25019000775933,271.92210720285084,7.67191719509151
Kobuk,2023-09-07 18:56:00+00:00,299.1848960723304,147,273.7356725684872,330.7678841731405,57.0322116046533
Kobuk,2023-09-07 18:56:00+00:00,299.1848960723304,28,331.1455516381278,336.5214817148105,5.375930076682664
Kobuk,2023-09-07 18:56:00+00:00,299.1848960723304,28,337.12190659151526,342.5025768923902,5.380670300874954
Kobuk,2023-09-07 18:56:00+00:00,299.1848960723304,30,343.10041541920407,348.84888715559117,5.748471736387103
Kobuk,2023-09-07 18:56:00+00:00,299.1848960723304,13,349.2785670768989,351.65807774531567,2.379510668416742
Kobuk,2023-09-07 18:56:00+00:00,299.1848960723304,36,352.6521777563259,360.624716382187,7.972538625861091
Kobuk,2023-09-07 18:56:00+00:00,299.1848960723304,12,361.2477901638634,363.44106691319445,2.193276749331062
Kobuk,2023-09-07 18:56:00+00:00,299.1848960723304,28,390.34149308854205,395.7785253902166,5.437032301674549
Kobuk,2023-09-07 18:56:00+00:00,299.1848960723304,17,396.1843167474999,399.3821979855119,3.1978812380119734
Kobuk,2023-09-07 18:56:00+00:00,299.1848960723304,64,400.3861866750839,412.9858186252613,12.599631950177411
Kobuk,2023-09-13 10:13:24+00:00,256.04582533502276,10,168.0679645700982,169.86240020664422,1.7944356365460123
Kobuk,2023-09-13 10:13:24+00:00,256.04582533502276,17,276.5298670119431,283.29533267643586,6.765465664492751
Kobuk,2023-09-13 10:13:24+00:00,256.04582533502276,24,283.9194123696839,290.66951459773156,6.750102228047638
Kobuk,2023-09-13 10:13:24+00:00,256.04582533502276,10,293.43225547682124,295.81775637508156,2.385500898260318
Kobuk,2023-09-13 10:13:24+00:00,256.04582533502276,14,296.6377024099039,300.4160962726668,3.7783938627628686
Kobuk,2023-09-13 10:13:24+00:00,256.04582533502276,27,301.9966890373148,313.75176573977586,11.755076702461054
Kobuk,2024-05-26 02:19:41+00:00,194.69124133445655,43,86.62089544023037,96.88009576249263,10.25920032226226
Kobuk,2024-05-31 17:37:12.500000+00:00,160.8261022272983,12,124.35139395506287,128.7320462787614,4.380652323698527
Kobuk,2024-08-21 04:36:16+00:00,169.3101450746786,649,364.4538920356968,515.0830235089463,150.62913147324952
Kobuk,2024-08-21 04:36:16+00:00,169.3101450746786,48,516.070805909548,525.5053591452565,9.434553235708563
Kobuk,2024-08-21 04:36:16+00:00,169.3101450746786,10,525.9183033916928,528.9341761636912,3.0158727719983744
Kobuk,2024-08-21 04:36:16+00:00,169.3101450746786,11,530.5421057056355,532.5241089151891,1.982003209553568
Kobuk,2024-08-22 04:36:53+00:00,243.70108755269126,22,179.07747671619381,183.65570709121985,4.578230375026038
Kobuk,2024-08-22 04:36:53+00:00,243.70108755269126,682,184.45778572643076,422.7785642688851,238.32077854245432
Kobuk,2024-08-26 11:41:48+00:00,212.02747780386863,17,321.73655930650676,330.9558730507477,9.219313744240935
Kobuk,2024-08-26 11:41:48+00:00,212.02747780386863,24,336.71148188531487,349.05586495152636,12.344383066211492
Kobuk,2024-08-26 11:41:48+00:00,212.02747780386863,66,349.66513693656367,369.46274317342153,19.79760623685786
Kobuk,2024-08-26 11:41:48+00:00,212.02747780386863,14,370.86329442556166,373.6524322633352,2.7891378377735236
Kobuk,2024-08-26 11:41:48+00:00,212.02747780386863,13,376.26962922584,378.6848699371381,2.415240711298111
Kobuk,2024-08-26 11:41:48+00:00,212.02747780386863,21,382.69202091366896,386.71174650394545,4.019725590276494
Kobuk,2024-08-26 11:41:48+00:00,212.02747780386863,14,387.11712016918295,389.7333709457577,2.616250776574759
Kobuk,2024-08-26 11:41:48+00:00,212.02747780386863,10,390.14435968870237,391.9460216787051,1.8016619900027422
Kobuk,2024-08-26 11:41:48+00:00,212.02747780386863,35,399.7732938137434,406.57427312836734,6.80097931462393
Kobuk,2024-08-26 11:41:48+00:00,212.02747780386863,11,407.7796170670959,409.78014218937216,2.000525122276258
Kobuk,2024-08-26 11:41:48+00:00,212.02747780386863,128,411.18765801238595,436.679932673881,25.49227466149506
Kobuk,2024-08-26 11:41:48+00:00,212.02747780386863,65,437.0864354401226,449.7373078997713,12.650872459648667
Kobuk,2024-08-26 11:41:48+00:00,212.02747780386863,32,450.5557676544293,458.14241265264235,7.586644998213046
Kobuk,2024-08-26 11:41:48+00:00,212.02747780386863,16,483.789813873431,486.82026486914697,3.0304509957159667
Kobuk,2024-08-26 11:41:48+00:00,212.02747780386863,11,488.9778188049179,491.1421592753626,2.1643404704446993
Kobuk,2024-08-26 11:41:48+00:00,212.02747780386863,17,491.7483134000728,494.7647979637844,3.0164845637116287
Kobuk,2024-08-26 11:41:48+00:00,212.02747780386863,10,495.12119709508215,496.81113384591026,1.6899367508281102
Kobuk,2024-08-26 11:41:48+00:00,212.02747780386863,10,497.21856429855177,499.00088811778147,1.7823238192297026
Kobuk,2024-08-26 11:41:48+00:00,212.02747780386863,29,500.8132250975099,506.4358356491457,5.622610551635773
Kobuk,2024-08-26 11:41:48+00:00,212.02747780386863,25,506.84245576303294,511.66279716901295,4.8203414059800025
Kobuk,2024-08-26 11:41:48+00:00,212.02747780386863,12,512.0589303788405,514.2814260100731,2.2224956312326185
Kobuk,2024-08-27 11:42:21+00:00,298.1910298502267,236,117.99831864582394,180.06015597429985,62.0618373284759
Kobuk,2024-08-27 11:42:21+00:00,298.1910298502267,414,183.25874876762714,352.04086520442644,168.7821164367993
Kobuk,2024-08-27 11:42:21+00:00,298.1910298502267,19,352.4629566979456,356.039619697063,3.5766629991174455
Kobuk,2024-08-27 11:42:21+00:00,298.1910298502267,11,400.98924485517585,402.99806257448995,2.008817719314095
Kobuk,2025-05-25 17:28:22+00:00,297.6006261939087,86,131.30866168217463,161.69311239400324,30.384450711828606
Kobuk,2025-05-25 17:28:22+00:00,297.6006261939087,11,173.26908590396525,175.2669112108137,1.9978253068484548
Kobuk,2025-05-25 17:28:22+00:00,297.6006261939087,10,177.67363245913427,179.46891815537518,1.79528569624091
Kobuk,2025-05-25 17:28:22+00:00,297.6006261939087,23,180.24201103776676,185.24684215605478,5.004831118288024
Kobuk,2025-05-25 17:28:22+00:00,297.6006261939087,68,195.46600699672283,248.28564221747067,52.81963522074784
Kobuk,2025-06-20 05:30:13+00:00,248.69959382141099,21,276.7326888446538,282.12738792782824,5.39469908317443
Kobuk,2025-06-20 05:30:13+00:00,248.69959382141099,34,282.90977906763203,291.0691168663707,8.159337798738648
Kobuk,2025-06-20 05:30:13+00:00,248.69959382141099,111,291.8513828677944,317.32795715254866,25.476574284754236
Kobuk,2025-06-20 05:30:13+00:00,248.69959382141099,27,317.72527894708224,322.93696491611416,5.211685969031919
Kobuk,2025-06-20 05:30:13+00:00,248.69959382141099,15,323.3234181551415,326.33232292422815,3.008904769086655
Kobuk,2025-06-20 05:30:13+00:00,248.69959382141099,15,329.15418171250917,332.5455562754943,3.3913745629851064
Kobuk,2025-06-20 05:30:13+00:00,248.69959382141099,13,332.93182186950264,335.3173583253208,2.385536455818169
Kobuk,2025-06-20 05:30:13+00:00,248.69959382141099,23,338.0926500899319,342.5025768923902,4.409926802458301
Kobuk,2025-06-20 05:30:13+00:00,248.69959382141099,14,343.10041541920407,345.6725050894539,2.572089670249852
Kobuk,2025-06-20 05:30:13+00:00,248.69959382141099,23,444.63635452311,448.938240047018,4.30188552390797
Kobuk,2025-06-20 05:30:13+00:00,248.69959382141099,22,450.1382959392868,454.135141065887,3.996845126600192
Kobuk,2025-06-20 05:30:13+00:00,248.69959382141099,11,454.495792192673,456.54941090078904,2.053618708116062
Kobuk,2025-06-20 05:30:13+00:00,248.69959382141099,57,460.3189820545574,471.6299415053899,11.310959450832513
Kobuk,2025-06-20 05:30:13+00:00,248.69959382141099,29,472.2226997865617,477.920374136843,5.697674350281318
Kobuk,2025-06-20 05:30:13+00:00,248.69959382141099,22,478.775064120133,482.9944685282057,4.219404408072705
Kobuk,2025-06-20 05:30:13+00:00,248.69959382141099,10,483.9636468327664,485.77798572061346,1.8143388878470432
Kobuk,2025-06-21 05:30:49+00:00,255.26215583406872,13,110.05455740068687,112.84313918043199,2.7885817797451153
Kobuk,2025-06-21 05:30:49+00:00,255.26215583406872,10,113.21774039872784,115.42312729711817,2.20538689839033
Kobuk,2025-06-21 05:30:49+00:00,255.26215583406872,20,285.2978524230049,289.47929618222173,4.181443759216847
Kobuk,2025-06-21 05:30:49+00:00,255.26215583406872,12,301.9966890373148,306.78910144411395,4.792412406799144
Kobuk,2025-06-21 05:30:49+00:00,255.26215583406872,15,311.5594020285434,314.9437251695466,3.3843231410032217
Kobuk,2025-08-27 02:50:57+00:00,298.44168603214814,11,198.63715278930843,205.2124307306903,6.57527794138187
Kobuk,2025-08-27 02:50:57+00:00,298.44168603214814,59,207.60122639723883,222.64210067286064,15.040874275621803
Kobuk,2025-08-27 02:50:57+00:00,298.44168603214814,185,223.04002765869345,271.7222586329221,48.682230974228645
Kobuk,2025-08-27 02:50:57+00:00,298.44168603214814,24,277.12616914231916,281.7238719194177,4.5977027770985615
Kobuk,2025-08-27 02:50:57+00:00,298.44168603214814,28,282.12738792782824,287.49961764504025,5.372229717212008
Kobuk,2025-08-27 02:50:57+00:00,298.44168603214814,14,296.83151691318903,299.6094814264929,2.777964513303857
Kobuk,2025-08-27 02:50:57+00:00,298.44168603214814,72,304.58466809368076,320.7445422476804,16.159874153999624
Kobuk,2025-08-27 02:50:57+00:00,298.44168603214814,14,323.5223207663759,326.1305889514562,2.6082681850803056
Kobuk,2025-08-27 02:50:57+00:00,298.44168603214814,14,332.93182186950264,335.51795681320317,2.5861349437005288
Kobuk,2025-08-27 02:50:57+00:00,298.44168603214814,16,339.51593601553907,342.5025768923902,2.9866408768511405
Kobuk,2025-08-27 02:50:57+00:00,298.44168603214814,409,346.68087482325114,483.40566215865374,136.7247873354026
Kobuk,2025-08-27 02:50:57+00:00,298.44168603214814,43,483.789813873431,492.49948486473926,8.709670991308258
Kobuk,2025-08-28 02:51:28+00:00,193.90378578590617,51,85.4338106966321,100.00853551639925,14.574724819767155
Kobuk,2025-08-28 02:51:28+00:00,193.90378578590617,15,108.84782444447377,124.55958007495228,15.711755630478507
Kobuk,2025-08-28 02:51:28+00:00,193.90378578590617,16,172.666559576459,177.0711757093951,4.404616132936098
Kobuk,2025-08-28 02:51:28+00:00,193.90378578590617,21,177.47558273105432,183.65570709121985,6.180124360165536
Kobuk,2025-08-28 02:51:28+00:00,193.90378578590617,252,184.2553357490949,239.04746773606476,54.79213198696985
Kobuk,2025-08-28 02:51:28+00:00,193.90378578590617,55,243.0533316115039,276.7326888446538,33.679357233149915
Kobuk,2025-08-31 18:07:44+00:00,173.9188084391846,635,359.8452286711908,506.4358356491457,146.5906069779549
Kobuk,2025-08-31 18:07:44+00:00,173.9188084391846,42,506.84245576303294,515.0830235089463,8.240567745913381
Kobuk,2025-08-31 18:07:44+00:00,173.9188084391846,51,515.4742893965989,525.5053591452565,10.031069748657615
Kobuk,2025-08-31 18:07:44+00:00,173.9188084391846,36,525.9183033916928,533.1416407247945,7.223337333101654
Kobuk,2025-09-01 18:08:22+00:00,243.90045030980738,618,178.8781139590777,422.1719014797498,243.2937875206721
Kobuk,2025-09-02 18:08:58+00:00,161.02492329424007,68,84.25589505126538,100.00853551639925,15.752640465133865
Kobuk,2025-09-02 18:08:58+00:00,161.02492329424007,23,100.77907639902223,105.21105725390925,4.431980854887016
Kobuk,2025-09-02 18:08:58+00:00,161.02492329424007,526,107.64317593871284,243.85382635298768,136.21065041427482
Kobuk,2025-09-06 01:13:13+00:00,213.019494862695,935,320.7445422476804,533.3463513757512,212.60180912807078
Kobuk,2025-09-07 01:13:47+00:00,298.1935501880532,317,117.39515465401396,185.0483702551497,67.65321560113574
Kobuk,2025-09-07 01:13:47+00:00,298.1935501880532,742,239.25962901110975,410.59387101034014,171.3342419992304
Kobuk,2025-09-07 01:13:47+00:00,298.1935501880532,22,410.9792479979781,415.58870484206716,4.609456844089038
Kobuk,2025-09-11 16:30:33+00:00,249.09300368200212,88,251.1034583191754,273.1258017000128,22.022343380837412
Kobuk,2025-09-11 16:30:33+00:00,249.09300368200212,304,273.5397465673276,336.5214817148105,62.98173514748288
Kobuk,2025-09-11 16:30:33+00:00,249.09300368200212,105,337.12190659151526,409.590636652217,72.46873006070172
Kobuk,2025-09-11 16:30:33+00:00,249.09300368200212,140,411.783629703301,442.6262437293974,30.842614026096385
Kobuk,2025-09-11 16:30:33+00:00,249.09300368200212,78,443.0290547728822,458.14241265264235,15.113357879760144
Kobuk,2025-09-11 16:30:33+00:00,249.09300368200212,116,458.5400268587459,481.5881250884724,23.04809822972652
Kobuk,2025-09-11 16:30:33+00:00,249.09300368200212,63,481.9693759526718,494.7647979637844,12.795422011112635
Kobuk,2025-09-11 16:30:33+00:00,249.09300368200212,13,497.58179307856415,500.0004587016901,2.4186656231259462
Kobuk,2025-09-12 16:31:09+00:00,254.46786291790232,11,85.63911321382587,88.95730097165165,3.3181877578257826
Kobuk,2025-09-12 16:31:09+00:00,254.46786291790232,20,92.65302306808502,97.26528820581271,4.6122651377276895
Kobuk,2025-09-12 16:31:09+00:00,254.46786291790232,10,98.06885363713323,100.4069142995366,2.3380606624033646
Kobuk,2025-09-12 16:31:09+00:00,254.46786291790232,52,108.25082305995532,120.98597476734646,12.73515170739114
Kobuk,2025-09-12 16:31:09+00:00,254.46786291790232,16,121.7769673888823,124.75581591270347,2.9788485238211706
Kobuk,2025-09-12 16:31:09+00:00,254.46786291790232,39,125.16396988898514,135.89658879909612,10.732618910110986
Kobuk,2025-09-12 16:31:09+00:00,254.46786291790232,19,138.70211777000983,142.91847356130316,4.216355791293324
Kobuk,2025-09-12 16:31:09+00:00,254.46786291790232,28,143.53135118197187,149.94677719409563,6.41542601212376
Kobuk,2025-09-12 16:31:09+00:00,254.46786291790232,19,150.72668431095934,154.5041785015012,3.7774941905418586
Kobuk,2025-09-12 16:31:09+00:00,254.46786291790232,64,154.91171497481537,176.87006369537826,21.958348720562896
Kobuk,2025-09-12 16:31:09+00:00,254.46786291790232,81,189.26983701507427,272.12501114458615,82.85517412951188
Kobuk,2025-09-12 16:31:09+00:00,254.46786291790232,205,272.5268177842983,324.93800929813005,52.41119151383174
Kobuk,2025-09-12 16:31:09+00:00,254.46786291790232,41,326.5367958536207,339.31137769264996,12.774581839029281
Kobuk,2026-08-26 17:59:33+00:00,212.440178848634,10,499.00088811778147,500.8132250975099,1.8123369797284568
Kobuk,2026-08-26 17:59:33+00:00,212.440178848634,32,506.84245576303294,513.0732456391745,6.230789876141557
Kobuk,2026-09-13 07:40:21+00:00,161.61730668884968,13,198.84303703225692,203.21922450688075,4.376187474623833
Kobuk,2026-09-13 07:40:21+00:00,161.61730668884968,13,212.17830779949753,215.0017202880187,2.8234124885211713
Selawik,2023-05-18 04:36:25+00:00,127.50241349334478,155,132.0847610585314,164.50447356161493,32.41971250308353
Selawik,2023-05-19 04:27:03+00:00,130.6940615663333,237,111.14758736915715,164.50447356161493,53.35688619245778
Selawik,2023-05-23 03:49:35+00:00,134.8775836095287,503,31.00972781802649,162.9013208698383,131.8915930518118
Selawik,2023-05-23 03:49:35+00:00,134.8775836095287,14,163.28321684007747,165.8873114275552,2.604094587477732
Selawik,2023-05-24 03:40:13+00:00,135.5010424118099,543,30.386269015745306,162.9013208698383,132.51505185409297
Selawik,2023-05-24 03:40:13+00:00,135.5010424118099,11,163.49253566122692,165.8873114275552,2.39477576632828
Selawik,2023-05-25 03:30:51+00:00,135.29382278210312,563,31.00972781802649,162.9013208698383,131.8915930518118
Selawik,2023-05-25 03:30:51+00:00,135.29382278210312,14,163.49253566122692,166.30355060012963,2.8110149389027015
Selawik,2023-05-26 03:21:29+00:00,135.7053214597799,570,30.598229140349716,162.9013208698383,132.30309172948859
Selawik,2023-05-26 03:21:29+00:00,135.7053214597799,14,163.49253566122692,166.30355060012963,2.8110149389027015
Selawik,2023-05-27 03:12:07+00:00,135.9172815843843,506,30.386269015745306,151.2788079674503,120.89253895170498
Selawik,2023-05-27 03:12:07+00:00,135.9172815843843,11,151.89312112103983,156.28222336274894,4.389102241709111
Selawik,2023-05-27 03:12:07+00:00,135.9172815843843,13,156.89221155152393,159.6948137405308,2.802602189006876
Selawik,2023-05-27 03:12:07+00:00,135.9172815843843,14,160.100261650662,162.9013208698383,2.8010592191762953
Selawik,2023-05-28 03:02:45+00:00,135.29382278210312,508,31.00972781802649,150.67036904487517,119.66064122684868
Selawik,2023-05-28 03:02:45+00:00,135.29382278210312,13,153.674878581649,156.28222336274894,2.6073447810999255
Selawik,2023-05-29 02:53:22+00:00,135.29382278210312,511,31.00972781802649,151.47269228591537,120.46296446788888
Selawik,2023-05-29 02:53:22+00:00,135.29382278210312,13,153.674878581649,156.28222336274894,2.6073447810999255
Selawik,2023-05-30 02:44:00+00:00,135.7053214597799,478,34.409313077201574,145.47290284976057,111.063589772559
Selawik,2023-05-30 02:44:00+00:00,135.7053214597799,21,145.86174683810188,150.67036904487517,4.808622206773293
Selawik,2023-05-31 02:34:38+00:00,135.29382278210312,479,31.00972781802649,142.68097063857243,111.67124282054594
Selawik,2023-05-31 02:34:38+00:00,135.29382278210312,13,153.083603314958,156.07832369199616,2.9947203770381634
Selawik,2023-06-01 02:25:16+00:00,135.29382278210312,466,31.00972781802649,139.2959513335988,108.2862235155723
Selawik,2023-06-01 02:25:16+00:00,135.29382278210312,10,139.67738944861912,142.28202089970495,2.6046314510858224
Selawik,2023-06-02 02:15:53+00:00,136.106303050124,222,30.197247550005617,82.44078347586172,52.24353592585611
Selawik,2023-06-02 02:15:53+00:00,136.106303050124,218,82.83953229409117,136.5052388933931,53.66570659930194
Selawik,2023-06-03 02:06:31+00:00,135.7053214597799,215,30.598229140349716,82.44078347586172,51.842554335512006
Selawik,2023-06-03 02:06:31+00:00,135.7053214597799,35,82.83953229409117,90.99917114548502,8.15963885139385
Selawik,2023-06-03 02:06:31+00:00,135.7053214597799,74,93.38064323140856,111.14758736915715,17.766944137748595
Selawik,2023-06-03 02:06:31+00:00,135.7053214597799,28,111.5425819001898,117.88794516127876,6.345363261088963
Selawik,2023-06-04 01:57:09+00:00,135.08383722594812,93,31.00972781802649,53.97595433134205,22.96622651331556
Selawik,2023-06-04 01:57:09+00:00,135.08383722594812,54,54.38094570447424,67.84686922038838,13.465923515914142
Selawik,2023-06-04 01:57:09+00:00,135.08383722594812,66,68.23331682878808,82.44078347586172,14.207466647073645
Selawik,2023-06-04 01:57:09+00:00,135.08383722594812,20,84.82368315975889,88.80094831049897,3.977265150740081
Selawik,2023-06-04 01:57:09+00:00,135.08383722594812,61,93.38064323140856,108.16413961786094,14.783496386452384
Selawik,2023-06-05 01:47:47+00:00,132.48280784320042,11,34.00548818392518,36.38711815546909,2.3816299715439087
Selawik,2023-06-05 01:47:47+00:00,132.48280784320042,35,44.259390050053696,51.60498873402513,7.345598683971431
Selawik,2023-06-05 01:47:47+00:00,132.48280784320042,19,54.38094570447424,58.38211022066417,4.001164516189924
Selawik,2023-06-05 01:47:47+00:00,132.48280784320042,13,59.19308424272813,63.025806687969265,3.8327224452411315
Selawik,2023-06-05 01:47:47+00:00,132.48280784320042,10,65.24261198013315,67.44896164529862,2.206349665165476
Selawik,2023-06-05 01:47:47+00:00,132.48280784320042,48,68.43760039913428,80.4473257963444,12.009725397210119
Selawik,2023-06-05 01:47:47+00:00,132.48280784320042,13,83.04131425754224,86.42697402100065,3.3856597634584062
Selawik,2023-06-06 01:38:25+00:00,135.89286318608575,32,29.994448241469446,37.61093309977441,7.616484858304961
Selawik,2023-06-06 01:38:25+00:00,135.89286318608575,30,44.259390050053696,51.60498873402513,7.345598683971431
Selawik,2023-06-06 01:38:25+00:00,135.89286318608575,23,52.17980380436631,56.97174521616361,4.791941411797303
Selawik,2023-06-06 01:38:25+00:00,135.89286318608575,19,75.85529381729334,79.64710113163243,3.7918073143390814
Selawik,2023-09-02 11:50:22+00:00,151.87188308141347,12,16.54962137281664,24.809805961881175,8.260184589064533
Selawik,2023-09-02 11:50:22+00:00,151.87188308141347,18,76.2493129283576,79.64710113163243,3.3977882032748283
Selawik,2023-09-07 18:56:02+00:00,122.04416055007593,31,46.6430285983141,53.97595433134205,7.332925733027949
Selawik,2023-09-07 18:56:02+00:00,122.04416055007593,41,54.38094570447424,64.2249579662031,9.844012261728864
Selawik,2023-09-07 18:56:02+00:00,122.04416055007593,47,68.43760039913428,82.44078347586172,14.003183076727439
Selawik,2023-09-07 18:56:02+00:00,122.04416055007593,10,84.82368315975889,86.81244548232885,1.9887623225699684
Selawik,2023-09-07 18:56:02+00:00,122.04416055007593,31,93.58373585952496,99.5617028969982,5.977967037473235
Selawik,2023-09-07 18:56:02+00:00,122.04416055007593,12,100.35677286918526,104.16147729941808,3.8047044302328175
Selawik,2023-09-07 18:56:02+00:00,122.04416055007593,27,109.54062991213281,117.88794516127876,8.34731524914595
Selawik,2023-09-07 18:56:02+00:00,122.04416055007593,16,121.50365149458173,125.72448966842718,4.220838173845451
Selawik,2023-09-07 18:56:02+00:00,122.04416055007593,22,126.52549132308732,131.89105597766647,5.3655646545791456
Selawik,2023-09-07 18:56:02+00:00,122.04416055007593,16,136.09637172082648,142.68097063857243,6.58459891774595
Selawik,2023-09-07 18:56:02+00:00,122.04416055007593,37,147.29792564453743,166.30355060012963,19.005624955592197
Selawik,2023-09-08 18:56:42+00:00,132.6893827562615,15,32.20088128975154,36.59713130755269,4.396250017801144
Selawik,2023-09-08 18:56:42+00:00,132.6893827562615,12,37.202023987762985,40.23547756177518,3.033453574012192
Selawik,2023-09-08 18:56:42+00:00,132.6893827562615,49,40.833917444157,53.18370801821153,12.34979057405453
Selawik,2023-09-08 18:56:42+00:00,132.6893827562615,35,54.56668471161138,64.43852547853518,9.871840766923803
Selawik,2023-09-08 18:56:42+00:00,132.6893827562615,26,68.43760039913428,82.44078347586172,14.003183076727439
Selawik,2023-09-08 18:56:42+00:00,132.6893827562615,29,83.04131425754224,101.14956723923392,18.108252981691678
Selawik,2023-09-08 18:56:42+00:00,132.6893827562615,22,102.3577262815797,110.14316973439328,7.785443452813581
Selawik,2023-09-08 18:56:42+00:00,132.6893827562615,68,110.53192793379975,125.72448966842718,15.192561734627432
Selawik,2023-09-08 18:56:42+00:00,132.6893827562615,82,127.33887196215314,151.47269228591537,24.133820323762237
Selawik,2023-09-08 18:56:42+00:00,132.6893827562615,44,151.89312112103983,164.89026404601304,12.997142924973218
Selawik,2024-05-26 02:19:49+00:00,152.0818686375685,147,14.22168196256113,53.97595433134205,39.754272368780924
Selawik,2024-05-26 02:19:49+00:00,152.0818686375685,56,54.38094570447424,67.84686922038838,13.465923515914142
Selawik,2024-05-26 02:19:49+00:00,152.0818686375685,44,68.6448291598405,82.44078347586172,13.795954316021223
Selawik,2024-05-26 02:19:49+00:00,152.0818686375685,18,84.82368315975889,88.41004451461143,3.586361354852542
Selawik,2024-05-26 02:19:49+00:00,152.0818686375685,152,111.5425819001898,145.47290284976057,33.93032094957077
Selawik,2024-05-26 02:19:49+00:00,152.0818686375685,25,145.86174683810188,150.67036904487517,4.808622206773293
Selawik,2024-05-26 02:19:49+00:00,152.0818686375685,13,153.674878581649,156.07832369199616,2.4034451103471497
Selawik,2024-05-26 02:19:49+00:00,152.0818686375685,25,158.07930023028828,162.9013208698383,4.822020639550004
Selawik,2024-05-26 02:19:49+00:00,152.0818686375685,15,163.49253566122692,166.30355060012963,2.8110149389027015
Selawik,2024-05-30 17:36:23+00:00,149.47372273399924,51,16.54962137281664,36.38711815546909,19.837496782652448
Selawik,2024-05-30 17:36:23+00:00,149.47372273399924,47,42.64666119984284,53.97595433134205,11.329293131499213
Selawik,2024-05-30 17:36:23+00:00,149.47372273399924,16,54.38094570447424,59.99307939863685,5.612133694162608
Selawik,2024-05-30 17:36:23+00:00,149.47372273399924,18,71.65148925763165,81.44144210241534,9.789952844783684
Selawik,2024-08-22 04:36:40+00:00,151.69740446279147,15,16.15591246763401,26.006004548065636,9.850092080431626
Selawik,2024-08-22 04:36:40+00:00,151.69740446279147,14,32.00515044773644,35.20857437717008,3.20342392943364
Selawik,2025-05-20 10:22:43+00:00,151.87188308141347,18,32.20088128975154,36.2101567707035,4.009275480951956
Selawik,2025-05-20 10:22:43+00:00,151.87188308141347,176,36.59713130755269,89.19256675042725,52.59543544287456
Selawik,2025-05-20 10:22:43+00:00,151.87188308141347,222,93.38064323140856,151.47269228591537,58.092049054506816
Selawik,2025-05-20 10:22:43+00:00,151.87188308141347,53,151.89312112103983,162.9013208698383,11.00819974879846
Selawik,2025-05-26 17:29:03+00:00,140.8756096904666,129,25.21795535350799,53.777738145517056,28.559782792009067
Selawik,2025-05-26 17:29:03+00:00,140.8756096904666,64,54.38094570447424,67.84686922038838,13.465923515914142
Selawik,2025-05-26 17:29:03+00:00,140.8756096904666,69,68.43760039913428,82.44078347586172,14.003183076727439
Selawik,2025-05-26 17:29:03+00:00,140.8756096904666,16,84.82368315975889,88.19000735888497,3.3663241991260833
Selawik,2025-05-26 17:29:03+00:00,140.8756096904666,114,93.38064323140856,120.31796157242262,26.937318341014063
Selawik,2025-05-26 17:29:03+00:00,140.8756096904666,29,120.71021929401266,127.73325000671338,7.0230307127007165
Selawik,2025-05-26 17:29:03+00:00,140.8756096904666,13,128.14053455365647,130.95054566809313,2.810011114436662
Selawik,2025-05-26 17:29:03+00:00,140.8756096904666,21,131.34279340451303,136.3095161519003,4.96672274738728
Selawik,2025-05-26 17:29:03+00:00,140.8756096904666,11,153.674878581649,156.07832369199616,2.4034451103471497
Selawik,2025-09-01 18:08:08+00:00,152.0818686375685,15,75.85529381729334,79.06866187952973,3.213368062236384
Selawik,2025-09-02 18:08:49+00:00,103.687866747908,24,14.396160581183134,25.600728372786165,11.204567791603031
Selawik,2025-09-02 18:08:49+00:00,103.687866747908,10,26.399852020495594,28.805968560869495,2.406116540373901
Selawik,2025-09-02 18:08:49+00:00,103.687866747908,10,32.59094488749226,34.609045882107544,2.0181009946152813
Selawik,2025-09-02 18:08:49+00:00,103.687866747908,13,76.86630295896687,79.8391289304873,2.972825971520436
Selawik,2025-09-07 01:13:47+00:00,122.42311819521808,16,76.65238199277505,80.25366363000299,3.6012816372279417
Selawik,2025-09-08 01:14:28+00:00,118.85763644631524,12,67.44896164529862,78.66231127122586,11.213349625927236
Noatak,2023-06-09 01:10:47+00:00,182.3853132999302,10,566.1139171695299,567.9080570099409,1.794139840410935
Noatak,2023-06-09 01:10:47+00:00,182.3853132999302,20,568.9189108065884,572.7038034691479,3.784892662559514
Noatak,2023-06-09 01:10:47+00:00,182.3853132999302,11,597.4812150138803,599.4779822505292,1.9967672366489069
Noatak,2023-06-09 01:10:47+00:00,182.3853132999302,19,601.273368859208,604.8931294080448,3.6197605488368936
Noatak,2023-06-09 01:10:47+00:00,182.3853132999302,13,611.3347319798153,613.7130967144066,2.378364734591287
Noatak,2023-06-10 01:01:25+00:00,182.58332008559813,24,522.5852955903733,527.1772322679168,4.591936677543458
Noatak,2023-06-10 01:01:25+00:00,182.58332008559813,10,533.3725181085348,535.1552705246808,1.7827524161459678
Noatak,2023-06-10 01:01:25+00:00,182.58332008559813,12,541.5640242586657,543.770450585037,2.206426326371343
Noatak,2023-06-10 01:01:25+00:00,182.58332008559813,10,545.3582650974051,547.1651013397069,1.806836242301756
Noatak,2023-06-10 01:01:25+00:00,182.58332008559813,11,549.7592880957819,551.7505480285179,1.991259932735943
Noatak,2023-06-10 01:01:25+00:00,182.58332008559813,11,556.939770727172,558.940736008456,2.0009652812840386
Noatak,2023-06-10 01:01:25+00:00,182.58332008559813,16,564.9301064098283,568.1060168766854,3.17591046685709
Noatak,2023-06-10 01:01:25+00:00,182.58332008559813,28,568.5198166533132,573.9179046386439,5.398087985330676
Noatak,2023-06-10 01:01:25+00:00,182.58332008559813,45,577.5156839804058,590.1038297492325,12.588145768826735
Noatak,2023-06-10 01:01:25+00:00,182.58332008559813,125,590.504686773331,616.2974014647916,25.792714691460674
Noatak,2023-06-10 01:01:25+00:00,182.58332008559813,13,618.4647760349434,646.5287576934545,28.063981658511125
Noatak,2023-06-10 01:01:25+00:00,182.58332008559813,91,646.8848928120194,665.333928346135,18.449035534115637
Noatak,2023-06-10 01:01:25+00:00,182.58332008559813,48,665.7249141027335,675.1499671710116,9.425053068278089
Noatak,2023-06-10 01:01:25+00:00,182.58332008559813,15,675.7632956801081,678.546515947741,2.7832202676329416
Noatak,2023-06-10 01:01:25+00:00,182.58332008559813,31,680.9650105181306,686.9836404104238,6.018629892293234
Noatak,2023-06-10 01:01:25+00:00,182.58332008559813,13,687.3897167402953,689.7982498045357,2.4085330642403733
Noatak,2023-06-10 01:01:25+00:00,182.58332008559813,12,690.204926050437,692.6155940033642,2.410667952927156
Noatak,2023-06-11 00:52:03+00:00,182.58332008559813,25,522.3801812789942,527.1772322679168,4.797050988922592
Noatak,2023-06-11 00:52:03+00:00,182.58332008559813,22,539.5599697930337,543.770450585037,4.210480792003295
Noatak,2023-06-11 00:52:03+00:00,182.58332008559813,11,556.939770727172,558.940736008456,2.0009652812840386
Noatak,2023-06-11 00:52:03+00:00,182.58332008559813,28,568.5198166533132,573.9179046386439,5.398087985330676
Noatak,2023-06-11 00:52:03+00:00,182.58332008559813,25,578.1307045189604,582.9281640039192,4.797459484958722
Noatak,2023-06-11 00:52:03+00:00,182.58332008559813,13,583.3158157849167,585.7044147326812,2.3885989477645353
Noatak,2023-06-11 00:52:03+00:00,182.58332008559813,15,587.3096297931432,590.1038297492325,2.794199956089301
Noatak,2023-06-11 00:52:03+00:00,182.58332008559813,24,591.6999201800193,597.087649044876,5.38772886485674
Noatak,2023-06-11 00:52:03+00:00,182.58332008559813,18,597.4812150138803,600.8769770080812,3.3957619942009387
Noatak,2023-06-11 00:52:03+00:00,182.58332008559813,20,601.273368859208,605.0960005642366,3.822631705028698
Noatak,2023-06-11 00:52:03+00:00,182.58332008559813,19,605.6979022084631,609.3289231725427,3.6310209640795392
Noatak,2023-06-11 00:52:03+00:00,182.58332008559813,28,609.7215899145139,615.1079618177039,5.386371903190025
Noatak,2023-06-11 00:52:03+00:00,182.58332008559813,18,646.7149046804404,650.4400492678135,3.7251445873730518
Noatak,2023-06-11 00:52:03+00:00,182.58332008559813,11,655.2266984878166,657.21652532844,1.9898268406233228
Noatak,2023-06-11 00:52:03+00:00,182.58332008559813,14,662.50583642481,665.1225313614193,2.616694936609292
Noatak,2023-06-11 00:52:03+00:00,182.58332008559813,15,671.3476492318276,674.1417317071159,2.794082475288292
Noatak,2023-06-11 00:52:03+00:00,182.58332008559813,15,683.1769275437316,686.9836404104238,3.806712866692237
Noatak,2023-06-11 00:52:03+00:00,182.58332008559813,13,687.3897167402953,689.7982498045357,2.4085330642403733
Noatak,2023-06-12 00:42:40.500000+00:00,182.58332008559813,26,522.1788597027052,527.1772322679168,4.998372565211639
Noatak,2023-06-12 00:42:40.500000+00:00,182.58332008559813,10,533.3725181085348,535.1552705246808,1.7827524161459678
Noatak,2023-06-12 00:42:40.500000+00:00,182.58332008559813,39,539.5599697930337,547.1651013397069,7.605131546673192
Noatak,2023-06-12 00:42:40.500000+00:00,182.58332008559813,11,556.939770727172,558.940736008456,2.0009652812840386
Noatak,2023-06-12 00:42:40.500000+00:00,182.58332008559813,14,565.3152053140685,567.9080570099409,2.592851695872355
Noatak,2023-06-12 00:42:40.500000+00:00,182.58332008559813,28,568.5198166533132,573.9179046386439,5.398087985330676
Noatak,2023-06-12 00:42:40.500000+00:00,182.58332008559813,23,582.137464738723,586.9009448066754,4.7634800679524005
Noatak,2023-06-12 00:42:40.500000+00:00,182.58332008559813,15,587.3096297931432,590.1038297492325,2.794199956089301
Noatak,2023-06-12 00:42:40.500000+00:00,182.58332008559813,12,591.6999201800193,594.8792496081057,3.1793294280864757
Noatak,2023-06-12 00:42:40.500000+00:00,182.58332008559813,44,596.4737653814733,605.0960005642366,8.622235182763347
Noatak,2023-06-12 00:42:40.500000+00:00,182.58332008559813,17,605.6979022084631,608.9100788269411,3.212176618477997
Noatak,2023-06-12 00:42:40.500000+00:00,182.58332008559813,20,609.9274383042822,613.7130967144066,3.7856584101243698
Noatak,2023-06-13 00:33:18+00:00,182.58332008559813,11,568.718231340153,570.7208855492819,2.0026542091288775
Noatak,2023-06-13 00:33:18+00:00,182.58332008559813,16,601.8812617100018,604.8931294080448,3.0118676980430337
Noatak,2023-06-14 00:23:56+00:00,182.3853132999302,10,603.0838180005719,604.8931294080448,1.8093114074729328
Noatak,2023-06-26 22:22:09+00:00,182.58332008559813,10,603.0838180005719,604.8931294080448,1.8093114074729328
Noatak,2023-06-26 22:22:09+00:00,182.58332008559813,11,611.7335940746369,613.7130967144066,1.9795026397696347
Noatak,2023-06-30 21:44:40+00:00,182.58332008559813,19,646.8848928120194,650.4400492678135,3.5551564557940765
Noatak,2023-06-30 21:44:40+00:00,182.58332008559813,51,655.0338880139267,665.333928346135,10.300040332208368
Noatak,2023-06-30 21:44:40+00:00,182.58332008559813,107,665.7249141027335,686.9836404104238,21.25872630769038
Noatak,2023-06-30 21:44:40+00:00,182.58332008559813,36,687.3897167402953,694.4044717770541,7.0147550367588565
Noatak,2023-07-01 21:35:18+00:00,182.79310106281184,14,522.5852955903733,525.1734977892369,2.5882021988635415
Noatak,2023-07-01 21:35:18+00:00,182.79310106281184,10,541.9538232822848,543.770450585037,1.816627302752181
Noatak,2023-07-01 21:35:18+00:00,182.79310106281184,12,565.7076732333219,567.9080570099409,2.2003837766189918
Noatak,2023-07-01 21:35:18+00:00,182.79310106281184,19,568.5198166533132,572.1172340580968,3.5974174047835277
Noatak,2023-07-07 20:39:06+00:00,182.58332008559813,10,603.0838180005719,604.8931294080448,1.8093114074729328
Noatak,2023-07-07 20:39:06+00:00,182.58332008559813,13,611.3347319798153,613.7130967144066,2.378364734591287
Noatak,2023-07-07 20:39:06+00:00,182.58332008559813,15,647.6240333149769,650.4400492678135,2.816015952836551
Noatak,2023-07-07 20:39:06+00:00,182.58332008559813,14,662.50583642481,665.1225313614193,2.616694936609292
Noatak,2023-07-07 20:39:06+00:00,182.58332008559813,37,666.9333234377734,674.1417317071159,7.208408269342499
Noatak,2023-07-07 20:39:06+00:00,182.58332008559813,57,675.7632956801081,686.9836404104238,11.220344730315787
Noatak,2023-07-07 20:39:06+00:00,182.58332008559813,27,687.3897167402953,692.6155940033642,5.225877263068924
Noatak,2023-07-27 01:24:55+00:00,338.2483635574233,13,490.78854196143664,493.19973726068554,2.4111952992489023
Noatak,2023-07-27 01:24:55+00:00,338.2483635574233,14,493.59562210554293,496.2162346077002,2.6206125021572575
Noatak,2023-08-23 13:28:35+00:00,267.54102788787696,17,459.50772927341956,462.7358978103863,3.2281685369667343
Noatak,2023-08-27 20:32:51+00:00,294.15305413413455,11,427.50308830247917,435.02085175507693,7.517763452597762
Noatak,2023-08-27 20:32:51+00:00,294.15305413413455,10,445.2524806994057,451.08308009170264,5.830599392296961
Noatak,2023-08-27 20:32:51+00:00,294.15305413413455,45,457.71494740266144,467.9509320958814,10.235984693219962
Noatak,2023-08-27 20:32:51+00:00,294.15305413413455,26,472.3704388085946,477.3981156032514,5.027676794656827
Noatak,2023-08-27 20:32:51+00:00,294.15305413413455,11,478.1853714411311,480.20432906979204,2.018957628660928
Noatak,2023-08-28 20:33:22+00:00,202.25977175946136,101,248.60604110862238,275.8436080728433,27.237566964220946
Noatak,2023-08-28 20:33:22+00:00,202.25977175946136,19,277.0377137677924,280.58864542260613,3.5509316548137235
Noatak,2023-08-28 20:33:22+00:00,202.25977175946136,16,281.38793290811054,284.3573508535907,2.9694179454801315
Noatak,2023-08-28 20:33:22+00:00,202.25977175946136,27,284.75877736266955,289.93035442513593,5.171577062466383
Noatak,2023-08-28 20:33:22+00:00,202.25977175946136,71,291.54331071134504,305.5699105624643,14.026599851119272
Noatak,2023-08-28 20:33:22+00:00,202.25977175946136,33,305.9564293852109,312.65273191743887,6.696302532227946
Noatak,2023-08-28 20:33:22+00:00,202.25977175946136,15,313.0571754380844,315.7726264143453,2.715450976260911
Noatak,2023-08-28 20:33:22+00:00,202.25977175946136,160,316.1560072025578,347.92366414658113,31.767656944023315
Noatak,2023-08-29 20:33:58+00:00,207.0406753048112,21,149.48274706337915,153.49882035715427,4.016073293775122
Noatak,2023-08-29 20:33:58+00:00,207.0406753048112,19,154.70266099676684,158.33143332561568,3.6287723288488394
Noatak,2023-08-29 20:33:58+00:00,207.0406753048112,20,158.73751219087438,162.52367939469772,3.7861672038233394
Noatak,2023-08-29 20:33:58+00:00,207.0406753048112,20,163.34022173291717,167.13580992340133,3.7955881904841533
Noatak,2023-08-29 20:33:58+00:00,207.0406753048112,193,171.34128879991636,210.06523798248557,38.723949182569214
Noatak,2023-09-07 18:55:38+00:00,264.273810174055,14,255.82169515357836,258.430512293057,2.6088171394786457
Noatak,2023-09-07 18:55:38+00:00,264.273810174055,36,267.87871131277797,274.8522571964935,6.973545883715531
Noatak,2023-09-13 10:13:41+00:00,267.13133877651495,10,552.172102318915,556.7381975300523,4.566095211137281
Noatak,2023-09-17 17:17:57+00:00,294.17571191830757,10,401.96158978096656,406.7732790250266,4.811689244060062
Noatak,2023-09-17 17:17:57+00:00,294.17571191830757,11,424.8514520150221,427.50308830247917,2.651636287457052
Noatak,2023-09-17 17:17:57+00:00,294.17571191830757,14,440.25385663745527,444.66308139802214,4.409224760566872
Noatak,2023-09-17 17:17:57+00:00,294.17571191830757,10,451.8855077817374,455.4973782712074,3.61187048947005
Noatak,2023-09-27 15:40:07+00:00,196.43287491066707,26,502.2238616244812,511.20478907664113,8.98092745215996
Noatak,2023-09-27 15:40:07+00:00,196.43287491066707,11,520.7751015697439,534.359393609743,13.584292039999127
Noatak,2024-05-27 02:20:07+00:00,127.43952758624552,116,3.0245626776743766,31.03521982203424,28.01065714435986
Noatak,2024-05-27 02:20:07+00:00,127.43952758624552,19,31.43963438302472,35.01895749108535,3.579323108060631
Noatak,2024-05-31 17:37:26+00:00,224.27200456444461,22,329.5030924713797,333.68822465775,4.185132186370311
Noatak,2024-05-31 17:37:26+00:00,224.27200456444461,13,336.49957961372786,338.9080046824746,2.4084250687467375
Noatak,2024-05-31 17:37:26+00:00,224.27200456444461,12,342.3261243302751,344.5201977283304,2.194073398055309
Noatak,2024-05-31 17:37:26+00:00,224.27200456444461,11,347.92366414658113,349.9384905227643,2.01482637618318
Noatak,2024-05-31 17:37:26+00:00,224.27200456444461,25,365.00007792636916,370.18019759165196,5.1801196652828025
Noatak,2024-05-31 17:37:26+00:00,224.27200456444461,10,389.5742216949762,391.408319695183,1.8340980002068363
Noatak,2024-05-31 17:37:26+00:00,224.27200456444461,23,411.0728548899068,438.03777476734126,26.964919877434454
Noatak,2024-06-01 17:37:55+00:00,368.276420772434,11,16.882858534324196,26.232520693011146,9.34966215868695
Noatak,2024-06-01 17:37:55+00:00,368.276420772434,12,43.22708321401855,45.42934667575469,2.2022634617361376
Noatak,2024-06-01 17:37:55+00:00,368.276420772434,14,132.47292976806827,135.06992140676655,2.5969916386982845
Noatak,2024-06-01 17:37:55+00:00,368.276420772434,21,139.6731665636899,143.6600695432533,3.986902979563382
Noatak,2024-06-01 17:37:55+00:00,368.276420772434,17,148.4730005528363,151.70332299221698,3.2303224393806715
Noatak,2024-06-01 17:37:55+00:00,368.276420772434,12,154.70266099676684,156.9213780091345,2.218717012367648
Noatak,2024-06-01 17:37:55+00:00,368.276420772434,18,157.51451651783154,160.92926476639795,3.4147482485664113
Noatak,2024-06-01 17:37:55+00:00,368.276420772434,12,163.34022173291717,165.52375201734307,2.183530284425899
Noatak,2024-06-01 17:37:55+00:00,368.276420772434,12,198.12153483926602,200.31782551679927,2.1962906775332556
Noatak,2024-06-01 17:37:55+00:00,368.276420772434,35,200.72810910631014,207.46237896821816,6.734269861908018
Noatak,2024-06-01 17:37:55+00:00,368.276420772434,65,209.27874009974917,222.6919738810898,13.413233781340637
Noatak,2024-06-01 17:37:55+00:00,368.276420772434,20,225.90533242793427,229.6483486928757,3.743016264941417
Noatak,2024-06-01 17:37:55+00:00,368.276420772434,47,230.02084970298023,242.012929022905,11.992079319924784
Noatak,2024-06-01 17:37:55+00:00,368.276420772434,12,243.6147663135839,247.38650284118802,3.771736527604105
Noatak,2024-06-01 17:37:55+00:00,368.276420772434,50,265.25647036886323,279.97754163110716,14.721071262243925
Noatak,2024-06-01 17:37:55+00:00,368.276420772434,28,285.552337259921,290.9464367205553,5.394099460634322
Noatak,2024-06-01 17:37:55+00:00,368.276420772434,19,328.28563951966964,331.89727720315636,3.6116376834867197
Noatak,2024-06-02 17:38:29+00:00,162.04658347548144,10,70.08835570987661,71.88699521967337,1.7986395097967574
Noatak,2024-06-02 17:38:29+00:00,162.04658347548144,13,149.08176665883835,151.48998798831113,2.408221329472781
Noatak,2024-06-02 17:38:29+00:00,162.04658347548144,15,201.10778199372382,203.88098872085067,2.7732067271268477
Noatak,2024-06-02 17:38:29+00:00,162.04658347548144,12,210.85319037032286,213.03981247990222,2.1866221095793605
Noatak,2024-06-04 00:41:08+00:00,306.9449078231702,14,490.78854196143664,494.00903227256924,3.2204903111326075
Noatak,2024-06-04 00:41:08+00:00,306.9449078231702,13,506.0225805019839,508.4227168200863,2.4001363181023976
Noatak,2024-06-04 00:41:08+00:00,306.9449078231702,36,510.6139888586758,535.3647800117528,24.750791153077046
Noatak,2024-06-10 15:59:43+00:00,267.13133877651495,16,381.71999344311456,384.74045378435216,3.0204603412375945
Noatak,2024-06-10 15:59:43+00:00,267.13133877651495,33,390.1632666777802,396.5741786886028,6.410912010822585
Noatak,2024-06-10 15:59:43+00:00,267.13133877651495,20,399.97313107537013,403.76017560378074,3.787044528410604
Noatak,2024-06-10 15:59:43+00:00,267.13133877651495,13,411.0728548899068,413.57401752060616,2.501162630699355
Noatak,2024-06-10 15:59:43+00:00,267.13133877651495,55,414.2195432851431,425.03953231824084,10.819989033097727
Noatak,2024-06-10 15:59:43+00:00,267.13133877651495,49,429.2234176282606,438.8433290237715,9.619911395510883
Noatak,2024-06-10 15:59:43+00:00,267.13133877651495,20,445.67422462513315,449.48280197238654,3.80857734725339
Noatak,2024-06-10 15:59:43+00:00,267.13133877651495,13,459.50772927341956,462.330246732889,2.822517459469452
Noatak,2024-06-11 16:00:17+00:00,489.17820677261244,11,25.653593290586958,27.65251019224753,1.9989169016605715
Noatak,2024-06-11 16:00:17+00:00,489.17820677261244,10,29.232814736081387,31.03521982203424,1.8024050859528522
Noatak,2024-06-11 16:00:17+00:00,489.17820677261244,101,32.6310660968814,55.10130181171001,22.47023571482861
Noatak,2024-06-11 16:00:17+00:00,489.17820677261244,136,55.48169171425563,253.8143761387818,198.33268442452618
Noatak,2024-06-11 16:00:17+00:00,489.17820677261244,27,254.21159841265265,259.40819655216757,5.196598139514919
Noatak,2024-06-11 16:00:17+00:00,489.17820677261244,173,262.4431193956712,296.78001852380737,34.33689912813617
Noatak,2024-06-11 16:00:17+00:00,489.17820677261244,10,297.17729419037397,298.9984555582602,1.8211613678862477
Noatak,2024-06-11 16:00:17+00:00,489.17820677261244,49,299.39743765098245,309.0203561544935,9.622918503511073
Noatak,2024-06-11 16:00:17+00:00,489.17820677261244,12,309.4142610098202,312.4059170881232,2.991656078302981
Noatak,2024-06-11 16:00:17+00:00,489.17820677261244,47,318.1536932618465,327.2851017383583,9.131408476511808
Noatak,2024-06-11 16:00:17+00:00,489.17820677261244,18,328.28563951966964,331.6917748538346,3.406135334164958
Noatak,2024-06-11 16:00:17+00:00,489.17820677261244,10,335.7016892401699,337.50214219582665,1.8004529556567377
Noatak,2024-06-11 16:00:17+00:00,489.17820677261244,19,390.1632666777802,393.78027980410434,3.6170131263241387
Noatak,2024-06-11 16:00:17+00:00,489.17820677261244,11,401.5508637854229,403.55980835755076,2.0089445721278594
Noatak,2024-06-11 16:00:17+00:00,489.17820677261244,19,409.7813707903051,413.57401752060616,3.792646730301044
Noatak,2024-06-11 16:00:17+00:00,489.17820677261244,14,417.50861270274004,420.0295768985844,2.5209641958443854
Noatak,2024-06-11 16:00:17+00:00,489.17820677261244,17,421.1351469990455,424.2383480273323,3.103201028286776
Noatak,2024-06-11 16:00:17+00:00,489.17820677261244,49,429.04245515409536,438.63294397457025,9.590488820474889
Noatak,2024-06-12 16:00:46+00:00,317.0735927879279,11,29.034825324401975,31.03521982203424,2.0003944976322643
Noatak,2024-06-12 16:00:46+00:00,317.0735927879279,17,31.43963438302472,35.42418304343779,3.984548660413072
Noatak,2024-06-12 16:00:46+00:00,317.0735927879279,58,35.81160375610054,53.34584718639101,17.534243430290473
Noatak,2024-06-12 16:00:46+00:00,317.0735927879279,14,55.680368930061164,59.244655549502205,3.5642866194410416
Noatak,2024-06-12 16:00:46+00:00,317.0735927879279,24,59.64271424699563,66.33859284294867,6.69587859595304
Noatak,2024-06-12 16:00:46+00:00,317.0735927879279,28,70.28598688256999,75.68185509056369,5.395868207993701
Noatak,2024-06-12 16:00:46+00:00,317.0735927879279,11,149.28511981005087,151.48998798831113,2.2048681782602557
Noatak,2024-06-12 16:00:46+00:00,317.0735927879279,53,210.85319037032286,223.09131485273474,12.238124482411877
Noatak,2024-06-12 16:00:46+00:00,317.0735927879279,23,223.8619638733543,228.16905799693322,4.307094123578906
Noatak,2024-06-12 16:00:46+00:00,317.0735927879279,61,229.05350831326444,241.42639524241176,12.372886929147313
Noatak,2024-06-12 16:00:46+00:00,317.0735927879279,22,244.41262166409703,248.60604110862238,4.193419444525347
Noatak,2024-06-12 16:00:46+00:00,317.0735927879279,12,250.40962270440687,252.598029097393,2.1884063929861384
Noatak,2024-06-12 16:00:46+00:00,317.0735927879279,22,254.21159841265265,258.430512293057,4.218913880404358
Noatak,2024-06-12 16:00:46+00:00,317.0735927879279,52,264.85555898992124,275.04910732823504,10.193548338313803
Noatak,2024-06-15 23:04:29+00:00,202.65456453549433,10,242.41051743323717,255.62049085429948,13.209973421062301
Noatak,2024-06-15 23:04:29+00:00,202.65456453549433,10,259.0273900110727,262.24887151231843,3.221481501245705
Noatak,2024-07-06 19:49:31+00:00,202.45379388520328,14,233.64525972444977,262.0533663207423,28.408106596292555
Noatak,2024-07-15 18:11:16+00:00,338.8608638034879,27,511.20478907664113,555.7386791131026,44.533890036461514
Noatak,2024-07-26 16:34:07+00:00,290.9551084062112,11,452.4865948318566,455.6980018058049,3.2114069739482716
Noatak,2024-08-02 07:52:40+00:00,269.74930097670295,16,410.67015099179014,416.1679654957359,5.49781450394579
Noatak,2024-08-02 07:52:40+00:00,269.74930097670295,17,451.2792020500635,454.5061083829351,3.2269063328716356
Noatak,2024-08-02 07:52:40+00:00,269.74930097670295,14,454.8875571143509,457.91691546477267,3.0293583504217736
Noatak,2024-08-02 07:52:40+00:00,269.74930097670295,13,458.31797117456574,462.94102903574026,4.623057861174516
Noatak,2024-08-02 07:52:40+00:00,269.74930097670295,16,463.32741778319996,466.33660360752145,3.0091858243214915
Noatak,2024-08-02 07:52:40+00:00,269.74930097670295,27,471.97176473927664,480.82062798180766,8.848863242531024
Noatak,2024-08-05 14:56:20+00:00,339.24108736855885,13,496.8188868805469,500.2228167456998,3.403929865152861
Noatak,2024-08-05 14:56:20+00:00,339.24108736855885,24,503.0265183465726,545.3582650974051,42.331746750832565
Noatak,2024-08-06 14:56:51+00:00,264.0712238820938,11,309.21840687829535,314.3820323976039,5.163625519308539
Noatak,2024-08-12 06:14:56+00:00,268.2971558709212,17,508.014330970338,542.5411867824208,34.52685581208283
Noatak,2024-08-14 06:15:57+00:00,317.71767519857815,10,3.0245626776743766,5.056143531004341,2.031580853329965
Noatak,2024-08-16 13:19:11+00:00,290.962795607388,14,438.03777476734126,444.4644716669667,6.426696899625426
Noatak,2024-08-16 13:19:11+00:00,290.962795607388,11,447.68607529299896,451.08308009170264,3.3970047987036764
Noatak,2024-08-17 13:19:42+00:00,202.4626302536288,24,223.3043170903208,228.83334782530278,5.529030734981973
Noatak,2024-08-18 13:20:17+00:00,206.2541774220748,32,9.382617682944604,16.277928918529916,6.895311235585313
Noatak,2024-08-18 13:20:17+00:00,206.2541774220748,25,23.2477028804044,28.82963686568621,5.581933985281811
Noatak,2024-08-18 13:20:17+00:00,206.2541774220748,91,29.232814736081387,52.54425288434218,23.31143814826079
Noatak,2024-08-18 13:20:17+00:00,206.2541774220748,12,70.08835570987661,72.27978989662415,2.191434186747543
Noatak,2024-08-18 13:20:17+00:00,206.2541774220748,22,73.28298143443635,80.52470277926722,7.241721344830864
Noatak,2024-08-18 13:20:17+00:00,206.2541774220748,12,127.84876704907117,130.0720036460142,2.223236596943025
Noatak,2024-08-18 13:20:17+00:00,206.2541774220748,32,131.2657986697413,137.46530825028697,6.19950958054568
Noatak,2024-08-18 13:20:17+00:00,206.2541774220748,172,138.0712831792451,172.3452805733488,34.273997394103674
Noatak,2024-08-18 13:20:17+00:00,206.2541774220748,60,172.74151769664968,184.60969994126282,11.868182244613138
Noatak,2024-08-18 13:20:17+00:00,206.2541774220748,30,185.20249618922787,191.0950555013979,5.892559312170022
Noatak,2024-08-18 13:20:17+00:00,206.2541774220748,16,191.49633859959383,194.7221903524394,3.2258517528455855
Noatak,2024-08-18 13:20:17+00:00,206.2541774220748,57,195.12268112696282,206.27957260465786,11.15689147769504
Noatak,2024-08-18 13:20:17+00:00,206.2541774220748,12,206.66379763404956,208.8713046006908,2.2075069666412332
Noatak,2024-08-22 04:37:08+00:00,197.7866570113576,20,590.299476606767,597.4812150138803,7.181738407113244
Noatak,2024-08-24 04:38:11+00:00,378.3269926214422,253,7.631355744667198,87.34904563813039,79.71768989346319
Noatak,2024-08-24 04:38:11+00:00,378.3269926214422,10,88.1552563072364,90.16455520586074,2.009298898624337
Noatak,2024-08-24 04:38:11+00:00,378.3269926214422,10,90.99233540875997,92.76424756935043,1.7719121605904604
Noatak,2024-08-24 04:38:11+00:00,378.3269926214422,41,93.1657113470599,101.17961245599666,8.013901108936764
Noatak,2024-08-24 04:38:11+00:00,378.3269926214422,19,101.57343587869117,105.19742900302744,3.623993124336266
Noatak,2024-08-24 04:38:11+00:00,378.3269926214422,19,106.58361371334956,110.19842755071517,3.6148138373656025
Noatak,2024-08-24 04:38:11+00:00,378.3269926214422,38,113.00526688011597,120.42166812805665,7.416401247940684
Noatak,2024-08-24 04:38:11+00:00,378.3269926214422,65,121.79862544093073,134.6613093076488,12.862683866718058
Noatak,2024-08-24 04:38:11+00:00,378.3269926214422,11,135.27262968350206,137.25926752079437,1.9866378372923066
Noatak,2024-08-24 04:38:11+00:00,378.3269926214422,83,137.6610719306203,154.1002942511391,16.43922232051881
Noatak,2024-08-24 04:38:11+00:00,378.3269926214422,69,154.4993763317206,168.1330906846538,13.633714352933197
Noatak,2024-08-24 04:38:11+00:00,378.3269926214422,11,168.74136126282932,170.7481790026924,2.006817739863095
Noatak,2024-08-24 04:38:11+00:00,378.3269926214422,50,173.12241264283588,182.9980049476045,9.875592304768617
Noatak,2024-08-24 04:38:11+00:00,378.3269926214422,15,185.4035535418613,188.23690481759957,2.8333512757382664
Noatak,2024-08-24 04:38:11+00:00,378.3269926214422,13,188.85913354959112,191.2953005740417,2.436167024450583
Noatak,2024-08-24 04:38:11+00:00,378.3269926214422,216,191.92077013547407,235.84594110252718,43.925170967053106
Noatak,2024-08-24 04:38:11+00:00,378.3269926214422,14,236.43845263061374,239.42218178254134,2.983729151927605
Noatak,2024-08-24 04:38:11+00:00,378.3269926214422,29,242.21564868780933,249.9860236418308,7.770374954021463
Noatak,2024-08-24 04:38:11+00:00,378.3269926214422,103,258.63141981545664,290.7487238292356,32.11730401377895
Noatak,2024-08-24 04:38:11+00:00,378.3269926214422,34,291.1383426284297,297.7774218777994,6.639079249369672
Noatak,2024-08-24 04:38:11+00:00,378.3269926214422,72,298.1800907472339,313.43276603367707,15.25267528644315
Noatak,2024-08-24 04:38:11+00:00,378.3269926214422,11,313.7961363602942,315.7726264143453,1.976490054051112
Noatak,2024-08-24 04:38:11+00:00,378.3269926214422,216,316.1560072025578,359.1600738740676,43.004066671509804
Noatak,2024-08-24 04:38:11+00:00,378.3269926214422,54,359.55272492466526,370.18019759165196,10.627472666986705
Noatak,2024-08-24 04:38:11+00:00,378.3269926214422,35,370.7834904565568,377.5573454751546,6.7738550185977715
Noatak,2024-08-24 04:38:11+00:00,378.3269926214422,31,377.9657752762024,383.9495724012668,5.9837971250643704
Noatak,2024-08-25 04:38:45+00:00,162.24706778918033,139,59.447834753691595,87.34904563813039,27.901210884438797
Noatak,2024-08-25 04:38:45+00:00,162.24706778918033,68,91.17239204596605,104.57370523498419,13.40131318901814
Noatak,2024-08-25 04:38:45+00:00,162.24706778918033,31,113.00526688011597,119.03773866807245,6.0324717879564815
Noatak,2024-08-25 04:38:45+00:00,162.24706778918033,13,119.43198748935043,121.79862544093073,2.3666379515803015
Noatak,2024-08-25 04:38:45+00:00,162.24706778918033,11,128.24961186564627,130.26639062024265,2.0167787545963733
Noatak,2024-08-25 04:38:45+00:00,162.24706778918033,16,130.6620870449596,133.66757226925213,3.005485224292528
Noatak,2024-08-25 04:38:45+00:00,162.24706778918033,34,138.0712831792451,144.6549608415273,6.583677662282184
Noatak,2024-08-25 04:38:45+00:00,162.24706778918033,50,145.07729434371242,154.90896106666546,9.831666722953031
Noatak,2024-08-25 04:38:45+00:00,162.24706778918033,17,155.3025762661795,158.53292568636948,3.230349420189981
Noatak,2024-08-26 11:41:27+00:00,338.6588935011884,15,494.00903227256924,499.2480750663399,5.239042793770636
Noatak,2024-08-26 11:41:27+00:00,338.6588935011884,13,502.4246170634992,504.821058310625,2.3964412471257788
Noatak,2024-09-04 03:01:05+00:00,317.71767519857815,13,96.97562280426764,118.63173814875815,21.6561153444905
Noatak,2024-09-06 10:04:17+00:00,293.95951332675065,17,384.95705092757436,401.74357723519194,16.786526307617578
Noatak,2024-09-06 10:04:17+00:00,293.95951332675065,13,403.76017560378074,406.35755127758387,2.5973756738031284
Noatak,2024-09-06 10:04:17+00:00,293.95951332675065,22,422.48333997454887,428.87679576805436,6.393455793505495
Noatak,2024-09-16 08:26:34+00:00,338.4511923084643,63,501.83051161609876,567.1076360559036,65.27712443980488
Noatak,2024-09-22 23:45:08+00:00,261.23801350970274,19,513.2133620337214,518.6018049977753,5.388442964053866
Noatak,2024-09-22 23:45:08+00:00,261.23801350970274,26,521.5849100854563,541.7630408242579,20.178130738801656
Noatak,2025-06-01 08:46:35+00:00,477.1666116562632,14,345.3341413585212,350.3489725660813,5.014831207560064
Noatak,2025-06-03 15:49:43+00:00,154.3089788535691,19,527.7808121613082,531.3539866526226,3.5731744913143757
Noatak,2025-06-03 15:49:43+00:00,154.3089788535691,34,531.7621587813487,538.7566533656149,6.9944945842661355
Noatak,2025-06-03 15:49:43+00:00,154.3089788535691,15,605.6979022084631,609.5274713592419,3.8295691507787524
Noatak,2025-06-04 15:50:19+00:00,293.7801825209222,32,380.15298973214163,399.97313107537013,19.8201413432285
Noatak,2025-06-04 15:50:19+00:00,293.7801825209222,13,404.1646099231347,408.36926620522394,4.204656282089218
Noatak,2025-06-04 15:50:19+00:00,293.7801825209222,24,443.464466107502,455.4973782712074,12.032912163705419
Noatak,2025-06-04 15:50:19+00:00,293.7801825209222,16,468.9515012555194,471.97176473927664,3.020263483757219
Noatak,2025-06-04 15:50:19+00:00,293.7801825209222,31,512.813165196371,518.801536385757,5.988371189386044
Noatak,2025-06-04 15:50:19+00:00,293.7801825209222,70,524.7714296639119,538.7566533656149,13.985223701702921
Noatak,2025-06-12 07:09:19+00:00,382.087653057788,44,233.8621021244977,242.9968457194236,9.13474359492588
Noatak,2025-06-12 07:09:19+00:00,382.087653057788,34,259.40819655216757,280.38746725273717,20.9792707005696
Noatak,2025-06-12 07:09:19+00:00,382.087653057788,51,280.7866531051086,290.7487238292356,9.962070724126988
Noatak,2025-06-12 07:09:19+00:00,382.087653057788,28,291.1383426284297,296.5828665284712,5.4445239000414745
Noatak,2025-06-12 07:09:19+00:00,382.087653057788,64,296.9786563580017,311.959823955202,14.98116759720034
Noatak,2025-06-12 07:09:19+00:00,382.087653057788,10,313.98584748688046,315.7726264143453,1.7867789274648658
Noatak,2025-06-12 07:09:19+00:00,382.087653057788,91,316.1560072025578,334.0816663410853,17.925659138527465
Noatak,2025-06-12 07:09:19+00:00,382.087653057788,95,334.47176056429316,353.35893631601766,18.8871757517245
Noatak,2025-06-12 07:09:19+00:00,382.087653057788,21,355.1633844084953,359.1600738740676,3.996689465572331
Noatak,2025-06-12 07:09:19+00:00,382.087653057788,52,360.1742693992049,370.3689411768105,10.194671777605606
Noatak,2025-06-12 07:09:19+00:00,382.087653057788,11,372.9855030203939,374.9742871639621,1.988784143568239
Noatak,2025-06-12 07:09:19+00:00,382.087653057788,12,375.3796028544649,377.5573454751546,2.177742620689685
Noatak,2025-06-12 07:09:19+00:00,382.087653057788,15,377.9657752762024,380.7318285980386,2.766053321836182
Noatak,2025-06-12 07:09:19+00:00,382.087653057788,14,381.12960443912414,383.732111838128,2.602507399003855
Noatak,2025-06-13 07:09:54+00:00,162.67940160422705,11,151.90623745973227,155.10837466555213,3.2021372058198665
Noatak,2025-06-13 07:09:54+00:00,162.67940160422705,15,155.50291109967506,158.33143332561568,2.828522225940617
Noatak,2025-06-13 07:09:54+00:00,162.67940160422705,11,161.742755321114,163.73032478120686,1.9875694600928568
Noatak,2025-06-13 07:09:54+00:00,162.67940160422705,44,173.34817480746324,181.9886223578256,8.640447550362353
Noatak,2025-06-13 07:09:54+00:00,162.67940160422705,12,185.20249618922787,187.41263043138935,2.210134242161473
Noatak,2025-06-13 07:09:54+00:00,162.67940160422705,14,188.85913354959112,191.49633859959383,2.6372050500027058
Noatak,2025-06-13 07:09:54+00:00,162.67940160422705,13,192.11776739856626,194.7221903524394,2.6044229538731543
Noatak,2025-06-13 07:09:54+00:00,162.67940160422705,135,195.12268112696282,221.92405715372925,26.801376026766434
Noatak,2025-06-13 14:12:02+00:00,114.8975989925874,11,597.4812150138803,599.4779822505292,1.9967672366489069
Noatak,2025-06-13 14:12:02+00:00,114.8975989925874,13,601.4754208963199,607.1189500080945,5.643529111774683
Noatak,2025-06-13 14:12:02+00:00,114.8975989925874,15,671.3476492318276,674.1417317071159,2.794082475288292
Noatak,2025-06-13 14:12:02+00:00,114.8975989925874,17,684.7763426522213,687.975364797936,3.199022145714707
Noatak,2025-06-13 14:12:02+00:00,114.8975989925874,10,691.9985503030705,693.8055589364478,1.807008633377336
Noatak,2025-06-14 14:12:33+00:00,339.0549061918246,247,355.3495655852295,404.5508417532475,49.201276168017955
Noatak,2025-06-14 14:12:33+00:00,339.0549061918246,183,405.567244565567,443.66621116240486,38.09896659683784
Noatak,2025-06-14 14:12:33+00:00,339.0549061918246,53,444.66308139802214,457.5104098543699,12.847328456347782
Noatak,2025-06-14 14:12:33+00:00,339.0549061918246,101,457.91691546477267,481.9989108683217,24.081995403549
Noatak,2025-06-14 14:12:33+00:00,339.0549061918246,16,485.40022022553245,488.38434266488,2.9841224393475727
Noatak,2025-06-14 14:12:33+00:00,339.0549061918246,11,488.98576552814257,491.1719926380557,2.1862271099131476
Noatak,2025-06-14 14:12:33+00:00,339.0549061918246,79,501.62627120647494,565.3152053140685,63.68893410759358
Noatak,2025-06-14 14:12:33+00:00,339.0549061918246,12,565.7076732333219,567.9080570099409,2.2003837766189918
Noatak,2025-06-14 14:12:33+00:00,339.0549061918246,24,568.5198166533132,575.3269536949002,6.807137041586998
Noatak,2025-06-14 14:12:33+00:00,339.0549061918246,62,577.5156839804058,590.1038297492325,12.588145768826735
Noatak,2025-06-14 14:12:33+00:00,339.0549061918246,73,590.504686773331,605.2977158798733,14.793029106542349
Noatak,2025-06-14 14:12:33+00:00,339.0549061918246,19,605.6979022084631,609.3289231725427,3.6310209640795392
Noatak,2025-06-14 14:12:33+00:00,339.0549061918246,30,609.7215899145139,615.4982486122615,5.776658697747621
Noatak,2025-06-14 14:12:33+00:00,339.0549061918246,28,618.4647760349434,623.8481777199518,5.38340168500838
Noatak,2025-06-14 14:12:33+00:00,339.0549061918246,16,624.2323857261005,627.4090419186188,3.176656192518294
Noatak,2025-06-14 14:12:33+00:00,339.0549061918246,25,628.0149905557755,632.7685272461434,4.753536690367923
Noatak,2025-06-14 14:12:33+00:00,339.0549061918246,66,633.162855828064,646.3434694247101,13.180613596646026
Noatak,2025-06-14 14:12:33+00:00,339.0549061918246,29,646.7149046804404,652.3428967114579,5.62799203101747
Noatak,2025-06-14 14:12:33+00:00,339.0549061918246,60,653.1955747078945,665.1225313614193,11.926956653524826
Noatak,2025-06-14 14:12:33+00:00,339.0549061918246,11,666.9333234377734,669.1132499961177,2.1799265583442775
Noatak,2025-06-14 14:12:33+00:00,339.0549061918246,24,669.540803174129,674.1417317071159,4.600928532986927
Noatak,2025-06-14 14:12:33+00:00,339.0549061918246,20,674.5485204215181,678.3542151955821,3.8056947740640226
Noatak,2025-06-14 14:12:33+00:00,339.0549061918246,22,678.9523769139903,683.1769275437316,4.224550629741316
Noatak,2025-06-14 14:12:33+00:00,339.0549061918246,18,683.5748973500828,686.9836404104238,3.4087430603410667
Noatak,2025-06-14 14:12:33+00:00,339.0549061918246,14,687.3897167402953,690.0068749892687,2.6171582489733964
Noatak,2025-06-14 14:12:33+00:00,339.0549061918246,11,692.1993355328173,694.4044717770541,2.2051362442368827
Noatak,2025-06-16 14:13:39+00:00,277.36290457506277,230,9.566789268214329,79.90752749956256,70.34073823134824
Noatak,2025-06-16 14:13:39+00:00,277.36290457506277,586,83.52149300853607,253.8143761387818,170.29288313024574
Noatak,2025-06-16 14:13:39+00:00,277.36290457506277,40,254.21159841265265,262.0533663207423,7.841767908089679
Noatak,2025-06-16 14:13:39+00:00,277.36290457506277,91,262.4431193956712,280.38746725273717,17.944347857065964
Noatak,2025-06-21 05:31:07+00:00,268.10312432651426,15,381.9376464421341,384.74045378435216,2.8028073422180455
Noatak,2025-06-21 05:31:07+00:00,268.10312432651426,12,385.1592793067582,387.3688154846856,2.2095361779274185
Noatak,2025-06-21 05:31:07+00:00,268.10312432651426,41,389.5742216949762,397.57088569940987,7.996664004433683
Noatak,2025-06-21 05:31:07+00:00,268.10312432651426,20,399.97313107537013,403.76017560378074,3.787044528410604
Noatak,2025-06-21 05:31:07+00:00,268.10312432651426,35,406.5599269177633,413.57401752060616,7.014090602842884
Noatak,2025-06-21 05:31:07+00:00,268.10312432651426,34,415.798827500094,422.48333997454887,6.684512474454891
Noatak,2025-06-21 05:31:07+00:00,268.10312432651426,23,422.8027548628943,427.0624645340395,4.259709671145231
Noatak,2025-06-21 05:31:07+00:00,268.10312432651426,49,429.2234176282606,438.8433290237715,9.619911395510883
Noatak,2025-06-21 05:31:07+00:00,268.10312432651426,11,441.04672495840424,443.0518574850933,2.005132526689067
Noatak,2025-06-21 05:31:07+00:00,268.10312432651426,20,445.67422462513315,449.48280197238654,3.80857734725339
Noatak,2025-06-21 05:31:07+00:00,268.10312432651426,39,449.88588426127933,457.5104098543699,7.6245255930905955
Noatak,2025-06-21 05:31:07+00:00,268.10312432651426,53,457.91691546477267,469.1642555573245,11.247340092551838
Noatak,2025-06-21 05:31:07+00:00,268.10312432651426,40,469.7516971299352,477.6002980680957,7.848600938160473
Noatak,2025-06-21 05:31:07+00:00,268.10312432651426,10,478.1853714411311,480.20432906979204,2.018957628660928
Noatak,2025-06-21 05:31:07+00:00,268.10312432651426,13,482.40500032082684,484.7958204101876,2.3908200893607727
Noatak,2025-06-21 05:31:07+00:00,268.10312432651426,13,485.40022022553245,487.7865040377899,2.3862838122574317
Noatak,2025-06-21 05:31:07+00:00,268.10312432651426,18,564.7101466221566,568.1060168766854,3.395870254528859
Noatak,2025-06-21 05:31:07+00:00,268.10312432651426,22,568.5198166533132,572.7038034691479,4.183986815834714
Noatak,2025-06-21 05:31:07+00:00,268.10312432651426,23,577.9349011454765,585.7044147326812,7.769513587204756
Noatak,2025-06-21 05:31:07+00:00,268.10312432651426,14,587.3096297931432,590.1038297492325,2.794199956089301
Noatak,2025-06-21 05:31:07+00:00,268.10312432651426,13,590.504686773331,592.8888204682207,2.3841336948897833
Noatak,2025-06-21 05:31:07+00:00,268.10312432651426,20,593.2921881000613,597.087649044876,3.7954609448147494
Noatak,2025-06-21 05:31:07+00:00,268.10312432651426,59,597.4812150138803,609.3289231725427,11.847708158662385
Noatak,2025-06-21 05:31:07+00:00,268.10312432651426,27,609.7215899145139,614.9034542073841,5.181864292870273
Noatak,2025-06-21 05:31:07+00:00,268.10312432651426,67,619.8563936726393,632.956127945899,13.099734273259628
Noatak,2025-06-21 05:31:07+00:00,268.10312432651426,14,635.1543435336129,637.7499973986925,2.595653865079612
Noatak,2025-06-21 05:31:07+00:00,268.10312432651426,12,638.1434154731598,640.3325804404474,2.1891649672875246
Noatak,2025-06-21 05:31:07+00:00,268.10312432651426,22,642.9580069528173,646.8848928120194,3.926885859202116
Noatak,2025-06-22 05:31:42+00:00,489.57752111036297,10,19.669815331706662,22.06611541254278,2.3963000808361166
Noatak,2025-06-22 05:31:42+00:00,489.57752111036297,27,43.6031522637125,49.772333640270894,6.169181376558392
Noatak,2025-06-22 05:31:42+00:00,489.57752111036297,14,255.82169515357836,258.430512293057,2.6088171394786457
Noatak,2025-06-22 05:31:42+00:00,489.57752111036297,13,267.6562300791865,270.06624653211514,2.4100164529286303
Noatak,2025-06-22 05:31:42+00:00,489.57752111036297,28,271.068023472886,276.4330097130951,5.3649862402090776
Noatak,2025-06-22 05:31:42+00:00,489.57752111036297,27,390.56587334336865,395.79318416500405,5.227310821635399
Noatak,2025-06-22 05:31:42+00:00,489.57752111036297,11,417.29010818428844,419.22031542933485,1.9302072450464038
Noatak,2025-06-23 05:32:12+00:00,317.9174405870637,10,70.08835570987661,71.88699521967337,1.7986395097967574
Noatak,2025-06-24 12:34:49+00:00,226.6460113741873,12,597.2837846784373,599.4779822505292,2.1941975720918663
Noatak,2025-06-24 12:34:49+00:00,226.6460113741873,14,684.370091109955,686.9836404104238,2.6135493004688897
Noatak,2025-06-25 12:35:24+00:00,294.18108758679256,10,569.3154959898997,571.127337661719,1.8118416718193657
Noatak,2025-06-26 12:35:53.500000+00:00,202.4626302536288,11,244.60783516820462,254.01297086445956,9.405135696254945
Noatak,2025-07-01 03:53:23+00:00,197.7866570113576,12,593.8768737856094,597.2837846784373,3.4069108928279093
Noatak,2025-07-02 03:53:59+00:00,269.9357873826601,10,408.36926620522394,410.46789053722756,2.0986243320036237
Noatak,2025-07-12 02:16:14+00:00,267.335842331068,11,520.3796020314586,542.754020133683,22.374418102224354
Noatak,2025-07-16 09:20:30+00:00,293.5767772061026,12,370.5788013166634,372.9855030203939,2.406701703730505
Noatak,2025-07-26 07:42:44+00:00,338.8608638034879,16,504.4334286641227,507.4258182227205,2.9923895585978357
Noatak,2025-07-26 07:42:44+00:00,338.8608638034879,11,509.61960371473515,512.6098074501954,2.990203735460227
Noatak,2025-08-06 06:05:33+00:00,293.15817302368936,15,376.37544270331426,380.56545645831557,4.190013755001303
Noatak,2025-08-07 06:06:03+00:00,202.24629426899924,13,223.49006181294766,226.2897039086247,2.7996420956770294
Noatak,2025-08-11 21:23:32+00:00,197.7866570113576,14,589.4866326485452,593.4936456808796,4.007013032334385
Noatak,2025-08-12 21:24:07+00:00,269.7361654740477,13,406.35755127758387,425.21059196872665,18.85304069114278
Noatak,2025-08-14 21:25:08+00:00,162.24706778918033,25,120.42166812805665,125.23380802379069,4.812139895734035
Noatak,2025-08-16 04:27:48+00:00,338.8608638034879,36,492.20276945028684,502.63081127186825,10.428041821581417
Noatak,2025-08-16 04:27:48+00:00,338.8608638034879,11,503.2353329314012,506.0225805019839,2.7872475705826787
Noatak,2025-08-16 04:27:48+00:00,338.8608638034879,13,506.4242010340833,510.6139888586758,4.189787824592486
Noatak,2025-08-24 19:47:28+00:00,317.7112345090585,13,229.25467825952992,231.98167992087278,2.727001661342854
Noatak,2025-08-24 19:47:28+00:00,317.7112345090585,11,232.88393795096994,234.85219836042594,1.9682604094560077
Noatak,2025-08-24 19:47:28+00:00,317.7112345090585,28,235.24011994602577,240.60109350781383,5.360973561788057
Noatak,2025-08-24 19:47:28+00:00,317.7112345090585,26,243.41575769480067,248.39449074376313,4.978733048962454
Noatak,2025-08-24 19:47:28+00:00,317.7112345090585,19,249.80042043267798,253.40129074911684,3.600870316438858
Noatak,2025-08-24 19:47:28+00:00,317.7112345090585,22,254.21159841265265,258.430512293057,4.218913880404358
Noatak,2025-08-24 19:47:28+00:00,317.7112345090585,11,262.4431193956712,264.4548900381023,2.011770642431088
Noatak,2025-08-24 19:47:28+00:00,317.7112345090585,120,264.85555898992124,317.7561789395632,52.900619949641964
Noatak,2025-08-26 02:50:04+00:00,227.0618304354552,10,616.6891012457572,620.8656405792243,4.176539333467076
Noatak,2025-08-26 02:50:04+00:00,227.0618304354552,15,623.2370999369208,626.225793051866,2.9886931149452494
Noatak,2025-08-26 02:50:04+00:00,227.0618304354552,10,628.0149905557755,629.8059568567772,1.7909663010017312
Noatak,2025-08-27 02:50:37+00:00,291.14128204282656,468,283.56763992206857,381.31862804158834,97.75098811951977
Noatak,2025-08-27 02:50:37+00:00,291.14128204282656,31,397.17579243141097,404.5508417532475,7.375049321836514
Noatak,2025-08-27 02:50:37+00:00,291.14128204282656,13,404.97522787305587,408.36926620522394,3.3940383321680656
Noatak,2025-08-27 02:50:37+00:00,291.14128204282656,231,409.35636147889653,490.58624189092757,81.22988041203104
Noatak,2025-08-27 02:50:37+00:00,291.14128204282656,12,497.0308687275831,499.2480750663399,2.217206338756796
Noatak,2025-08-27 02:50:37+00:00,291.14128204282656,21,512.813165196371,516.7947562189124,3.9815910225414655
Noatak,2025-08-27 02:50:37+00:00,291.14128204282656,15,517.2218232523499,520.178644371782,2.9568211194321066
Noatak,2025-08-27 02:50:37+00:00,291.14128204282656,164,520.5796578829937,553.1403141410839,32.56065625809015
Noatak,2025-08-27 02:50:37+00:00,291.14128204282656,35,553.7504124947739,560.5224927112583,6.772080216484483
Noatak,2025-08-27 02:50:37+00:00,291.14128204282656,63,562.3289226214996,574.7089219648951,12.379999343395525
Noatak,2025-08-28 02:51:09+00:00,203.049799904255,416,144.47320110537538,228.16905799693322,83.69585689155784
Noatak,2025-08-28 02:51:09+00:00,203.049799904255,461,233.08368950779396,347.5230010096304,114.43931150183641
Noatak,2025-08-29 02:51:45+00:00,206.2541774220748,122,9.176176603562986,40.81785020094625,31.641673597383267
Noatak,2025-08-29 02:51:45+00:00,206.2541774220748,541,48.79100210107975,209.27874009974917,160.48773799866942
Noatak,2025-09-02 18:09:13+00:00,279.3681214220491,18,480.82062798180766,484.1903026772704,3.36967469546272
Noatak,2025-09-02 18:09:13+00:00,279.3681214220491,11,569.5118688822827,571.514961815443,2.00309293316036
Noatak,2025-09-03 18:09:40+00:00,378.33059151672325,161,7.4303015058901485,81.32737045416441,73.89706894827427
Noatak,2025-09-03 18:09:40+00:00,378.33059151672325,10,81.92004677224487,83.72210883665372,1.8020620644088439
Noatak,2025-09-03 18:09:40+00:00,378.33059151672325,14,84.54922797773087,87.34904563813039,2.799817660399526
Noatak,2025-09-03 18:09:40+00:00,378.33059151672325,42,91.17239204596605,99.37865879306749,8.206266747101438
Noatak,2025-09-03 18:09:40+00:00,378.33059151672325,15,101.77624121225294,104.57370523498419,2.7974640227312477
Noatak,2025-09-03 18:09:40+00:00,378.33059151672325,32,116.41910275704431,122.62450307193235,6.205400314888038
Noatak,2025-09-03 18:09:40+00:00,378.33059151672325,13,123.22756623125353,125.62286092461386,2.395294693360327
Noatak,2025-09-03 18:09:40+00:00,378.33059151672325,13,126.02581049154308,128.43093834103666,2.4051278494935815
Noatak,2025-09-03 18:09:40+00:00,378.33059151672325,14,141.86520939557653,144.47320110537538,2.6079917097988528
Noatak,2025-09-03 18:09:40+00:00,378.33059151672325,22,145.07729434371242,149.28511981005087,4.2078254663384485
Noatak,2025-09-03 18:09:40+00:00,378.33059151672325,20,150.8915112024257,154.70266099676684,3.8111497943411337
Noatak,2025-09-03 18:09:40+00:00,378.33059151672325,18,158.33143332561568,161.742755321114,3.4113219954983265
Noatak,2025-09-03 18:09:40+00:00,378.33059151672325,17,167.13580992340133,170.34070381073704,3.2048938873357145
Noatak,2025-09-03 18:09:40+00:00,378.33059151672325,13,200.72810910631014,203.0708474572279,2.342738350917756
Noatak,2025-09-03 18:09:40+00:00,378.33059151672325,13,217.41536543872786,219.84943752437755,2.4340720856496887
Noatak,2025-09-03 18:09:40+00:00,378.33059151672325,23,231.0269377482276,235.64791255066396,4.620974802436365
Noatak,2025-09-03 18:09:40+00:00,378.33059151672325,15,245.8061946270741,258.82912413329126,13.022929506217167
Noatak,2025-09-03 18:09:40+00:00,378.33059151672325,27,270.06624653211514,280.58864542260613,10.52239889049099
Noatak,2025-09-03 18:09:40+00:00,378.33059151672325,11,287.3386747329668,289.32878851902456,1.9901137860577478
Noatak,2025-09-03 18:09:40+00:00,378.33059151672325,14,291.34000896046075,293.96519968835105,2.625190727890299
Noatak,2025-09-03 18:09:40+00:00,378.33059151672325,16,297.9664453194608,301.01343885215067,3.0469935326898963
Noatak,2025-09-03 18:09:40+00:00,378.33059151672325,11,302.58445203818417,304.55063958760894,1.9661875494247738
Noatak,2025-09-03 18:09:40+00:00,378.33059151672325,17,324.7105715704884,328.0875929287449,3.3770213582565134
Noatak,2025-09-04 18:10:13+00:00,162.04658347548144,26,59.447834753691595,65.74476424209772,6.296929488406121
Noatak,2025-09-04 18:10:13+00:00,162.04658347548144,69,66.132410969947,82.33098633120103,16.19857536125403
Noatak,2025-09-04 18:10:13+00:00,162.04658347548144,25,82.73333418578763,87.5476397526648,4.814305566877167
Noatak,2025-09-04 18:10:13+00:00,162.04658347548144,43,90.99233540875997,99.37865879306749,8.386323384307516
Noatak,2025-09-04 18:10:13+00:00,162.04658347548144,28,99.78277112551066,105.19742900302744,5.414657877516774
Noatak,2025-09-04 18:10:13+00:00,162.04658347548144,10,108.20831257003907,109.99283287306979,1.7845203030307175
Noatak,2025-09-04 18:10:13+00:00,162.04658347548144,23,120.60612014110225,125.0294705423991,4.423350401296844
Noatak,2025-09-04 18:10:13+00:00,162.04658347548144,10,144.47320110537538,146.25684547586812,1.7836443704927376
Noatak,2025-09-05 01:12:22+00:00,114.68905602993368,19,583.3158157849167,586.9009448066754,3.5851290217586893
Noatak,2025-09-05 01:12:22+00:00,114.68905602993368,17,587.3096297931432,590.504686773331,3.195056980187701
Noatak,2025-09-05 01:12:22+00:00,114.68905602993368,78,591.090481852034,609.3289231725427,18.238441320508628
Noatak,2025-09-05 01:12:22+00:00,114.68905602993368,27,609.7215899145139,614.9034542073841,5.181864292870273
Noatak,2025-09-05 01:12:22+00:00,114.68905602993368,14,615.4982486122615,618.0720366733179,2.5737880610564616
Noatak,2025-09-05 01:12:22+00:00,114.68905602993368,147,618.4647760349434,651.7759354728711,33.3111594379277
Noatak,2025-09-05 01:12:22+00:00,114.68905602993368,64,653.3769253978033,666.1177611921593,12.740835794355917
Noatak,2025-09-05 01:12:22+00:00,114.68905602993368,12,668.7315724826383,670.9288109108321,2.1972384281938275
Noatak,2025-09-05 01:12:22+00:00,114.68905602993368,115,671.5436639335552,694.4044717770541,22.860807843498947
Noatak,2025-09-06 01:12:51+00:00,339.0549061918246,164,355.3495655852295,388.1717655455944,32.822199960364856
Noatak,2025-09-06 01:12:51+00:00,339.0549061918246,73,389.5742216949762,403.9644570629988,14.390235368022616
Noatak,2025-09-06 01:12:51+00:00,339.0549061918246,110,405.97119369350673,427.9039801170112,21.932786423504467
Noatak,2025-09-06 01:12:51+00:00,339.0549061918246,54,429.04245515409536,440.6412737734915,11.598818619396127
Noatak,2025-09-06 01:12:51+00:00,339.0549061918246,14,441.04672495840424,443.66621116240486,2.619486204000623
Noatak,2025-09-06 01:12:51+00:00,339.0549061918246,236,444.85852696254216,494.4165204729851,49.55799351044294
Noatak,2025-09-06 01:12:51+00:00,339.0549061918246,82,496.010280753459,576.5247905151248,80.51450976166575
Noatak,2025-09-06 01:12:51+00:00,339.0549061918246,159,576.9232710123434,609.3289231725427,32.405652160199224
Noatak,2025-09-06 01:12:51+00:00,339.0549061918246,26,609.7215899145139,614.9034542073841,5.181864292870273
Noatak,2025-09-06 01:12:51+00:00,339.0549061918246,39,618.4647760349434,626.0331482659208,7.568372230977388
Noatak,2025-09-06 01:12:51+00:00,339.0549061918246,107,626.6241335058238,648.1952009049163,21.5710673990925
Noatak,2025-09-06 01:12:51+00:00,339.0549061918246,18,648.6208567124426,652.1676090440046,3.546752331562061
Noatak,2025-09-06 01:12:51+00:00,339.0549061918246,59,654.2796666203728,666.1177611921593,11.838094571786428
Noatak,2025-09-06 01:12:51+00:00,339.0549061918246,11,669.3229428073284,671.3476492318276,2.024706424499186
Noatak,2025-09-06 01:12:51+00:00,339.0549061918246,18,671.7441101116692,675.1499671710116,3.4058570593423383
Noatak,2025-09-06 01:12:51+00:00,339.0549061918246,10,676.747124665619,678.546515947741,1.7993912821219737
Noatak,2025-09-06 01:12:51+00:00,339.0549061918246,16,683.9817160500693,686.9836404104238,3.0019243603545647
Noatak,2025-09-06 01:12:51+00:00,339.0549061918246,18,687.3897167402953,690.7909296451772,3.401212904881959
Noatak,2025-09-07 01:13:23+00:00,264.0712238820938,11,205.4813408524703,207.46237896821816,1.9810381157478503
Noatak,2025-09-07 01:13:23+00:00,264.0712238820938,76,207.8662129055912,223.09131485273474,15.225101947143543
Noatak,2025-09-07 01:13:23+00:00,264.0712238820938,33,224.07392627124625,230.39695070206238,6.323024430816133
Noatak,2025-09-07 01:13:23+00:00,264.0712238820938,60,231.0269377482276,242.9968457194236,11.969907971195994
Noatak,2025-09-07 01:13:23+00:00,264.0712238820938,28,243.6147663135839,248.986517238941,5.371750925357077
Noatak,2025-09-07 01:13:23+00:00,264.0712238820938,20,249.60268585344457,253.40129074911684,3.7986048956722698
Noatak,2025-09-07 01:13:23+00:00,264.0712238820938,26,254.21159841265265,259.22272205509074,5.011123642438093
Noatak,2025-09-07 01:13:23+00:00,264.0712238820938,134,264.0458434341185,290.7487238292356,26.702880395117063
Noatak,2025-09-07 01:13:23+00:00,264.0712238820938,28,291.1383426284297,296.5828665284712,5.4445239000414745
Noatak,2025-09-07 01:13:23+00:00,264.0712238820938,44,296.9786563580017,305.5699105624643,8.591254204462643
Noatak,2025-09-07 01:13:23+00:00,264.0712238820938,19,305.9564293852109,309.6043840799922,3.6479546947812764
Noatak,2025-09-07 01:13:23+00:00,264.0712238820938,75,325.30685794790185,340.11346706857984,14.80660912067799
Noatak,2025-09-07 01:13:23+00:00,264.0712238820938,40,342.11863545986915,349.9384905227643,7.819855062895158
Noatak,2025-09-07 01:13:23+00:00,264.0712238820938,16,350.3489725660813,353.35893631601766,3.0099637499363894
Noatak,2025-09-07 01:13:23+00:00,264.0712238820938,15,355.1633844084953,357.9693887359458,2.8060043274505233
Noatak,2025-09-07 01:13:23+00:00,264.0712238820938,12,359.55272492466526,364.1949684395307,4.64224351486547
Noatak,2025-09-07 01:13:23+00:00,264.0712238820938,11,364.5904076672555,366.6091687150925,2.0187610478370175
Noatak,2025-09-07 01:13:23+00:00,264.0712238820938,15,367.1952132012674,369.99603066083824,2.800817459570851
Noatak,2025-09-07 01:13:23+00:00,264.0712238820938,12,380.37041895377087,382.53952479293173,2.1691058391608635
Noatak,2025-09-07 01:13:23+00:00,264.0712238820938,10,382.9390663005012,384.74045378435216,1.801387483850931
Noatak,2025-09-07 01:13:23+00:00,264.0712238820938,36,389.5742216949762,396.5741786886028,6.999956993626597
Noatak,2025-09-07 01:13:23+00:00,264.0712238820938,20,399.97313107537013,403.76017560378074,3.787044528410604
Noatak,2025-09-07 01:13:23+00:00,264.0712238820938,19,409.7813707903051,413.57401752060616,3.792646730301044
Noatak,2025-09-07 01:13:23+00:00,264.0712238820938,34,416.63394848239403,423.1817626782825,6.5478141958884635
Noatak,2025-09-07 01:13:23+00:00,264.0712238820938,10,430.80942111406495,432.61447690145746,1.8050557873925186
Noatak,2025-09-07 01:13:23+00:00,264.0712238820938,10,433.0138354716273,434.81575976257204,1.8019242909447257
Noatak,2025-09-07 01:13:23+00:00,264.0712238820938,51,447.47271977519966,457.5104098543699,10.037690079170261
Noatak,2025-09-07 01:13:23+00:00,264.0712238820938,53,457.91691546477267,468.3487084099112,10.431792945138511
Noatak,2025-09-08 01:13:59+00:00,276.7711318897226,14,13.823964979332878,16.277928918529916,2.4539639391970383
Noatak,2025-09-08 01:13:59+00:00,276.7711318897226,18,33.62711790481871,37.02058970608283,3.39347180126412
Noatak,2025-09-08 01:13:59+00:00,276.7711318897226,54,40.81785020094625,51.96189773132518,11.144047530378927
Noatak,2025-09-08 01:13:59+00:00,276.7711318897226,10,59.64271424699563,61.631526007125316,1.9888117601296855
Noatak,2025-09-16 23:35:41+00:00,293.97598589440616,11,403.76017560378074,408.1748044222134,4.414628818432675
Noatak,2025-09-16 23:35:41+00:00,293.97598589440616,10,442.85470079831106,445.0577004813732,2.20299968306216
Noatak,2025-09-26 21:57:53+00:00,208.77399819019752,13,493.19973726068554,495.6055970952604,2.405859834574869
Noatak,2025-09-26 21:57:53+00:00,208.77399819019752,13,526.7780175531494,540.1646337034296,13.386616150280133
Noatak,2025-10-09 20:22:00+00:00,125.22504918797189,69,3.0245626776743766,19.4720946198143,16.447531942139925
Noatak,2026-06-04 06:58:51+00:00,287.00472748422743,31,512.0191584771239,539.9681802578064,27.949021780682415
Noatak,2026-06-12 22:18:31+00:00,317.71767519857815,16,168.74136126282932,172.92755523237946,4.186193969550146
Noatak,2026-06-16 05:22:13+00:00,202.0543599871337,10,242.6235727710522,255.4155546338105,12.791981862758291
Noatak,2026-06-25 03:43:59+00:00,338.8608638034879,12,520.178644371782,528.966246716945,8.787602345163009
Noatak,2026-07-06 02:06:48+00:00,293.7801825209222,18,376.57808357918844,380.56545645831557,3.987372879127122
Noatak,2026-07-11 17:24:46+00:00,197.7866570113576,10,580.3107902509983,583.1250005332241,2.814210282225872
Noatak,2026-07-12 17:25:22+00:00,277.5633034109784,12,425.8129978431446,432.61447690145746,6.80147905831285
Noatak,2026-07-16 00:29:03+00:00,338.8608638034879,10,503.2353329314012,505.79191604963233,2.556583118231117
Noatak,2026-07-26 22:51:51+00:00,293.9490840128563,10,403.9644570629988,406.5599269177633,2.595469854764474
Noatak,2026-07-26 22:51:51+00:00,293.9490840128563,21,420.9251904333835,427.50308830247917,6.577897869095693
Noatak,2026-07-26 22:51:51+00:00,293.9490840128563,13,428.30463561786445,433.0138354716273,4.709199853762868
Noatak,2026-07-26 22:51:51+00:00,293.9490840128563,10,434.2140145314358,436.0270494349225,1.8130349034867095
Noatak,2026-07-26 22:51:51+00:00,293.9490840128563,15,438.8433290237715,444.26440881840205,5.421079794630543
Noatak,2026-07-27 22:52:22+00:00,202.45379388520328,16,248.8049313905436,254.21159841265265,5.406667022109048
Noatak,2026-08-05 21:14:07+00:00,338.6588935011884,29,490.58624189092757,496.2162346077002,5.62999271677262
Noatak,2026-08-05 21:14:07+00:00,338.6588935011884,15,497.6173817450058,501.62627120647494,4.008889461469153
Noatak,2026-08-05 21:14:07+00:00,338.6588935011884,20,503.63416322917595,509.4128439277879,5.778680698611936
Noatak,2026-08-05 21:14:07+00:00,338.6588935011884,12,637.9532996953119,640.1293107640367,2.176011068724847
Noatak,2026-08-05 21:14:07+00:00,338.6588935011884,30,641.3479105035251,649.8430901488371,8.495179645311964
Noatak,2026-08-05 21:14:07+00:00,338.6588935011884,11,650.2348023130553,652.3428967114579,2.1080943984026135
Noatak,2026-08-05 21:14:07+00:00,338.6588935011884,62,653.9675763589362,666.3225681535758,12.354991794639659
Noatak,2026-08-05 21:14:07+00:00,338.6588935011884,102,666.7216015767958,686.9836404104238,20.262038833628026
Noatak,2026-08-05 21:14:07+00:00,338.6588935011884,27,687.3897167402953,692.6155940033642,5.225877263068924
Noatak,2026-08-16 19:36:57+00:00,294.15305413413455,11,443.86330792100506,446.8808306708007,3.01752274979566
Noatak,2026-08-26 17:59:11+00:00,338.4511923084643,26,496.010280753459,502.63081127186825,6.620530518409225
Noatak,2026-08-26 17:59:11+00:00,338.4511923084643,69,503.8315771997606,557.734667588374,53.90309038861341
Noatak,2026-09-05 16:21:28+00:00,226.45353968117274,11,650.6670815344957,654.8463676187732,4.179286084277578
Noatak,2026-09-06 16:22:02+00:00,293.9799085448236,21,438.63294397457025,448.49692480617665,9.863980831606398
Noatak,2026-09-07 16:22:32+00:00,202.0543599871337,10,244.21667081969727,253.0006670439857,8.783996224288416
Noatak,2026-09-12 07:40:00+00:00,197.5855848965072,13,514.4078209538409,516.7947562189124,2.3869352650715427
Noatak,2026-09-12 07:40:00+00:00,197.5855848965072,25,522.3801812789942,527.1772322679168,4.797050988922592
Noatak,2026-09-12 07:40:00+00:00,197.5855848965072,11,533.3725181085348,535.3647800117528,1.9922619032180364
Noatak,2026-09-12 07:40:00+00:00,197.5855848965072,47,538.5710444101478,547.7386427861892,9.167598376041383
Noatak,2026-09-12 07:40:00+00:00,197.5855848965072,15,549.1532054416834,551.9764828842333,2.823277442549852
Noatak,2026-09-12 07:40:00+00:00,197.5855848965072,25,554.1467111856279,558.940736008456,4.794024822828192
Noatak,2026-09-12 07:40:00+00:00,197.5855848965072,52,563.7133890973238,573.9179046386439,10.20451554132012
Noatak,2026-09-12 07:40:00+00:00,197.5855848965072,88,578.3168641803413,627.6107540212249,49.293889840883594
Noatak,2026-09-12 07:40:00+00:00,197.5855848965072,32,628.0149905557755,649.2538561788665,21.238865623090987
Noatak,2026-09-13 07:40:36+00:00,269.7361654740477,335,302.96763799510023,386.96268847695126,83.99505048185102
Noatak,2026-09-13 07:40:36+00:00,269.7361654740477,37,389.5742216949762,406.16991714000386,16.595695445027673
Noatak,2026-09-13 07:40:36+00:00,269.7361654740477,32,406.7732790250266,414.66067895582074,7.887399930794118
Noatak,2026-09-13 07:40:36+00:00,269.7361654740477,15,415.798827500094,438.8433290237715,23.044501523677525
Noatak,2026-09-13 07:40:36+00:00,269.7361654740477,12,441.04672495840424,443.464466107502,2.4177411490977647
Noatak,2026-09-13 07:40:36+00:00,269.7361654740477,81,445.2524806994057,468.3487084099112,23.096227710505502
Noatak,2026-09-13 07:40:36+00:00,269.7361654740477,58,469.7516971299352,487.7865040377899,18.03480690785466
Noatak,2026-09-13 07:40:36+00:00,269.7361654740477,11,488.38434266488,490.58624189092757,2.2018992260475443
Noatak,2026-09-13 07:40:36+00:00,269.7361654740477,16,513.8164474186257,516.7947562189124,2.9783088002867544
Noatak,2026-09-13 07:40:36+00:00,269.7361654740477,35,520.5796578829937,527.39341354138,6.813755658386299
Noatak,2026-09-13 07:40:36+00:00,269.7361654740477,15,527.7808121613082,530.5600074214066,2.7791952600983905
Noatak,2026-09-13 07:40:36+00:00,269.7361654740477,18,532.7668796687219,536.1626945959238,3.3958149272018545
Noatak,2026-09-13 07:40:36+00:00,269.7361654740477,29,539.3643112751768,544.9376583450962,5.573347069919464
Noatak,2026-09-13 07:40:36+00:00,269.7361654740477,18,545.3582650974051,548.7666923642835,3.408427266878334
Noatak,2026-09-13 07:40:36+00:00,269.7361654740477,11,549.7592880957819,551.7505480285179,1.991259932735943
Noatak,2026-09-13 07:40:36+00:00,269.7361654740477,11,554.5492158821195,556.5331901985436,1.98397431642411
Noatak,2026-09-13 07:40:36+00:00,269.7361654740477,11,556.939770727172,558.940736008456,2.0009652812840386
Noatak,2026-09-13 07:40:36+00:00,269.7361654740477,22,563.7133890973238,567.9080570099409,4.194667912617092
Noatak,2026-09-13 07:40:36+00:00,269.7361654740477,23,568.3168998968865,572.7038034691479,4.386903572261417
Noatak,2026-09-14 07:41:03+00:00,377.8543311139611,259,16.277928918529916,90.16455520586074,73.88662628733081
Noatak,2026-09-14 07:41:03+00:00,377.8543311139611,109,90.99233540875997,112.60054636407587,21.608210955315897
Noatak,2026-09-14 07:41:03+00:00,377.8543311139611,659,113.00526688011597,247.79660601683548,134.7913391367195
Noatak,2026-09-14 07:41:03+00:00,377.8543311139611,102,262.4431193956712,290.7487238292356,28.305604433564383
Noatak,2026-09-14 07:41:03+00:00,377.8543311139611,104,291.1383426284297,312.65273191743887,21.51438928900916
Noatak,2026-09-14 07:41:03+00:00,377.8543311139611,101,316.1560072025578,336.10432460813,19.948317405572197
Noatak,2026-09-14 07:41:03+00:00,377.8543311139611,12,339.71102997968205,341.9240155017454,2.2129855220633203
Noatak,2026-09-14 07:41:03+00:00,377.8543311139611,16,346.94187712442704,349.9384905227643,2.9966133983372742
Noatak,2026-09-14 07:41:03+00:00,377.8543311139611,14,361.5517555782994,364.1949684395307,2.6432128612313477
Noatak,2026-09-14 07:41:03+00:00,377.8543311139611,15,367.1952132012674,369.99603066083824,2.800817459570851
Noatak,2026-09-15 07:41:37+00:00,162.67940160422705,132,59.244655549502205,90.16455520586074,30.91989965635853
Noatak,2026-09-15 07:41:37+00:00,162.67940160422705,54,90.99233540875997,101.57343587869117,10.5811004699312
Noatak,2026-09-15 07:41:37+00:00,162.67940160422705,21,104.76970815760784,108.78789233426379,4.01818417665595
Noatak,2026-09-15 07:41:37+00:00,162.67940160422705,19,126.02581049154308,129.66050719085413,3.63469669931105
Noatak,2026-09-16 14:44:15+00:00,339.24108736855885,18,491.79139070741144,495.8015347507049,4.010144043293451
Noatak,2026-09-16 14:44:15+00:00,339.24108736855885,17,496.2162346077002,506.0225805019839,9.806345894283709
Noatak,2026-09-16 14:44:15+00:00,339.24108736855885,44,551.7505480285179,568.3168998968865,16.566351868368656
Noatak,2026-09-16 14:44:15+00:00,339.24108736855885,10,572.9048653406736,577.104631542311,4.199766201637431
